{
"type": "FeatureCollection",
"name": "synthetic_routes",
"crs": { "type": "name", "properties": { "name": "urn:ogc:def:crs:OGC:1.3:CRS84" } },
"features": [
{ "type": "Feature", "properties": { "route_id": "R_SYN000", "stop_id": "SYN000" }, "geometry": { "type": "MultiLineString", "coordinates": [ [ [ 85.7956882, 20.2733904 ], [ 85.7956242, 20.2730836 ], [ 85.7955946, 20.2730307 ], [ 85.7955213, 20.2729733 ], [ 85.7955018, 20.2728997 ], [ 85.7957248, 20.2724912 ] ], [ [ 85.7957248, 20.2724912 ], [ 85.7955718, 20.2724278 ], [ 85.7954738, 20.2723002 ], [ 85.7954366, 20.2722518 ], [ 85.7952148, 20.2720054 ] ], [ [ 85.7952148, 20.2720054 ], [ 85.7951966, 20.2719852 ], [ 85.7949362, 20.2717168 ] ], [ [ 85.7949362, 20.2717168 ], [ 85.794791, 20.2717447 ], [ 85.7945393, 20.2717996 ], [ 85.7942273, 20.2719166 ] ], [ [ 85.7942273, 20.2719166 ], [ 85.7941032, 20.2719631 ] ], [ [ 85.7941032, 20.2719631 ], [ 85.7940706, 20.2718488 ], [ 85.7939437, 20.2714805 ] ], [ [ 85.7939437, 20.2714805 ], [ 85.7935793, 20.2716123 ] ], [ [ 85.7935793, 20.2716123 ], [ 85.7937196, 20.2719497 ], [ 85.7939073, 20.2725334 ], [ 85.7941323, 20.273239 ], [ 85.7942305, 20.2734996 ] ], [ [ 85.7942305, 20.2734996 ], [ 85.7942747, 20.2736276 ] ], [ [ 85.7942747, 20.2736276 ], [ 85.7943325, 20.2737952 ], [ 85.794534, 20.274345 ] ], [ [ 85.794534, 20.274345 ], [ 85.7945836, 20.2744692 ], [ 85.7946448, 20.274597 ] ], [ [ 85.7946448, 20.274597 ], [ 85.7947727, 20.274864 ], [ 85.7947935, 20.2749055 ] ], [ [ 85.7947935, 20.2749055 ], [ 85.7949574, 20.2751992 ], [ 85.7951273, 20.2755055 ] ], [ [ 85.7951273, 20.2755055 ], [ 85.795223, 20.2756898 ], [ 85.7953209, 20.2758622 ], [ 85.7954335, 20.2760865 ] ], [ [ 85.7954335, 20.2760865 ], [ 85.7957309, 20.2765768 ], [ 85.79583, 20.2767402 ], [ 85.7958746, 20.2768088 ], [ 85.7958844, 20.2768238 ], [ 85.7961108, 20.2771719 ], [ 85.796418, 20.2775411 ] ], [ [ 85.796418, 20.2775411 ], [ 85.7958833, 20.2779426 ] ], [ [ 85.7958833, 20.2779426 ], [ 85.7957855, 20.2780152 ] ], [ [ 85.7957855, 20.2780152 ], [ 85.7952735, 20.2784412 ] ], [ [ 85.7952735, 20.2784412 ], [ 85.7947782, 20.2788307 ] ], [ [ 85.7947782, 20.2788307 ], [ 85.7943086, 20.2792 ], [ 85.7935376, 20.2798062 ] ], [ [ 85.7935376, 20.2798062 ], [ 85.79283, 20.2803627 ] ], [ [ 85.79283, 20.2803627 ], [ 85.7927547, 20.2804219 ], [ 85.7929671, 20.280676 ] ], [ [ 85.7929671, 20.280676 ], [ 85.7926575, 20.280778 ], [ 85.7924492, 20.2807975 ] ], [ [ 85.7924492, 20.2807975 ], [ 85.792472, 20.2809853 ] ], [ [ 85.792472, 20.2809853 ], [ 85.791795, 20.2810758 ] ], [ [ 85.791795, 20.2810758 ], [ 85.791817, 20.2811481 ], [ 85.7918173, 20.2815508 ], [ 85.791807, 20.2816467 ] ], [ [ 85.791807, 20.2816467 ], [ 85.7918592, 20.281795 ], [ 85.7919284, 20.2819816 ] ], [ [ 85.7919284, 20.2819816 ], [ 85.7914952, 20.2828552 ] ], [ [ 85.7914952, 20.2828552 ], [ 85.79122, 20.2834103 ] ], [ [ 85.79122, 20.2834103 ], [ 85.7911415, 20.2835686 ] ], [ [ 85.7911415, 20.2835686 ], [ 85.790507, 20.2843837 ] ], [ [ 85.790507, 20.2843837 ], [ 85.7902914, 20.2842622 ] ], [ [ 85.7902914, 20.2842622 ], [ 85.7900905, 20.2847117 ] ], [ [ 85.7900905, 20.2847117 ], [ 85.7896456, 20.2859944 ] ], [ [ 85.7896456, 20.2859944 ], [ 85.7894703, 20.2865 ] ], [ [ 85.7894703, 20.2865 ], [ 85.7894251, 20.2866303 ] ], [ [ 85.7894251, 20.2866303 ], [ 85.7892082, 20.2872557 ], [ 85.7890309, 20.2875685 ] ], [ [ 85.7890309, 20.2875685 ], [ 85.7889318, 20.287692 ] ], [ [ 85.7889318, 20.287692 ], [ 85.7883498, 20.2877247 ], [ 85.7868746, 20.2877976 ], [ 85.785445, 20.2878568 ], [ 85.7853565, 20.2878605 ], [ 85.7848733, 20.2878822 ] ], [ [ 85.7848733, 20.2878822 ], [ 85.7826716, 20.2879813 ], [ 85.7815221, 20.2879025 ] ], [ [ 85.7815221, 20.2879025 ], [ 85.7813868, 20.2878932 ], [ 85.7812674, 20.2878721 ] ], [ [ 85.7812674, 20.2878721 ], [ 85.7812248, 20.2878662 ], [ 85.7811812, 20.2878601 ] ], [ [ 85.7811812, 20.2878601 ], [ 85.7808207, 20.28781 ], [ 85.7806734, 20.2877841 ], [ 85.7797293, 20.2877237 ], [ 85.7792572, 20.2876784 ], [ 85.7785462, 20.2876288 ], [ 85.7783906, 20.287649 ] ], [ [ 85.7783906, 20.287649 ], [ 85.7782904, 20.2876387 ], [ 85.7780878, 20.287618 ] ], [ [ 85.7780878, 20.287618 ], [ 85.7776878, 20.2875131 ], [ 85.7773184, 20.2874135 ] ], [ [ 85.7773184, 20.2874135 ], [ 85.7766901, 20.2872012 ], [ 85.7763655, 20.2870968 ], [ 85.7759468, 20.2869585 ] ], [ [ 85.7759468, 20.2869585 ], [ 85.7759005, 20.2868951 ], [ 85.7753049, 20.2866418 ], [ 85.7752325, 20.2866057 ], [ 85.7745749, 20.2862301 ], [ 85.774474, 20.2861784 ] ], [ [ 85.774474, 20.2861784 ], [ 85.7740368, 20.2859543 ], [ 85.7739734, 20.2859218 ], [ 85.7734796, 20.2856559 ], [ 85.7733572, 20.28559 ], [ 85.7727371, 20.2853101 ], [ 85.7721299, 20.2850892 ], [ 85.7714146, 20.2848177 ], [ 85.7713088, 20.2847796 ], [ 85.7711269, 20.284704 ] ], [ [ 85.7711269, 20.284704 ], [ 85.7711204, 20.2846769 ] ], [ [ 85.7711204, 20.2846769 ], [ 85.7711007, 20.2846418 ], [ 85.7710705, 20.2846141 ] ], [ [ 85.7710705, 20.2846141 ], [ 85.7710317, 20.284596 ], [ 85.7709889, 20.2845903 ], [ 85.7709462, 20.2845974 ], [ 85.7709081, 20.2846166 ] ], [ [ 85.7709081, 20.2846166 ], [ 85.7706488, 20.2845342 ] ], [ [ 85.7706488, 20.2845342 ], [ 85.7702948, 20.2844032 ], [ 85.7697862, 20.2841948 ], [ 85.7687813, 20.2837865 ], [ 85.7685748, 20.2837104 ] ] ] } },
{ "type": "Feature", "properties": { "route_id": "R_SYN001", "stop_id": "SYN001" }, "geometry": { "type": "MultiLineString", "coordinates": [ [ [ 85.7956882, 20.2733904 ], [ 85.7956242, 20.2730836 ], [ 85.7955946, 20.2730307 ], [ 85.7955213, 20.2729733 ], [ 85.7955018, 20.2728997 ], [ 85.7957248, 20.2724912 ] ], [ [ 85.7957248, 20.2724912 ], [ 85.795809, 20.2725261 ], [ 85.7960022, 20.272565 ], [ 85.7961624, 20.2725637 ] ], [ [ 85.7961624, 20.2725637 ], [ 85.7964029, 20.2725288 ], [ 85.7964995, 20.2725038 ], [ 85.7965888, 20.2724875 ], [ 85.7967526, 20.2724499 ], [ 85.7968487, 20.2725038 ], [ 85.7969664, 20.2725134 ], [ 85.7971879, 20.2724894 ] ], [ [ 85.7971879, 20.2724894 ], [ 85.797172, 20.272296 ] ], [ [ 85.797172, 20.272296 ], [ 85.7972477, 20.2717737 ] ], [ [ 85.7972477, 20.2717737 ], [ 85.7975255, 20.2717888 ], [ 85.7977045, 20.2717707 ], [ 85.7978663, 20.2717358 ] ], [ [ 85.7978663, 20.2717358 ], [ 85.7981349, 20.271675 ] ], [ [ 85.7981349, 20.271675 ], [ 85.7983505, 20.2716077 ], [ 85.7984191, 20.2715274 ], [ 85.7984898, 20.2714498 ] ], [ [ 85.7984898, 20.2714498 ], [ 85.7986237, 20.2714557 ], [ 85.798756, 20.2714805 ], [ 85.7989082, 20.271465 ], [ 85.7989942, 20.2714246 ], [ 85.7990505, 20.2712074 ], [ 85.7990802, 20.2710119 ], [ 85.7992192, 20.2709343 ], [ 85.7993081, 20.2708896 ] ], [ [ 85.7993081, 20.2708896 ], [ 85.7994044, 20.2708412 ], [ 85.7995401, 20.2707512 ], [ 85.7996129, 20.2706798 ], [ 85.7999083, 20.2705607 ], [ 85.7997176, 20.2699327 ] ], [ [ 85.7997176, 20.2699327 ], [ 85.799982, 20.2697882 ] ], [ [ 85.799982, 20.2697882 ], [ 85.8001269, 20.2696868 ], [ 85.8005527, 20.2696131 ] ], [ [ 85.8005527, 20.2696131 ], [ 85.800667, 20.2698519 ] ], [ [ 85.800667, 20.2698519 ], [ 85.801248, 20.2693828 ], [ 85.8014922, 20.2691786 ], [ 85.801763, 20.2689876 ], [ 85.8019317, 20.268979 ] ], [ [ 85.8019317, 20.268979 ], [ 85.8023185, 20.2694218 ] ], [ [ 85.8023185, 20.2694218 ], [ 85.8029987, 20.2690059 ], [ 85.8032486, 20.2687671 ] ], [ [ 85.8032486, 20.2687671 ], [ 85.803749, 20.2690569 ], [ 85.8041913, 20.269319 ] ], [ [ 85.8041913, 20.269319 ], [ 85.8052733, 20.2698734 ] ], [ [ 85.8052733, 20.2698734 ], [ 85.8059109, 20.2702311 ], [ 85.8060087, 20.2702905 ], [ 85.8065427, 20.270607 ], [ 85.8067635, 20.2707515 ] ], [ [ 85.8067635, 20.2707515 ], [ 85.8068376, 20.2708031 ] ], [ [ 85.8068376, 20.2708031 ], [ 85.8068528, 20.270789 ], [ 85.8069183, 20.2707315 ] ], [ [ 85.8069183, 20.2707315 ], [ 85.8071166, 20.2705576 ] ], [ [ 85.8071166, 20.2705576 ], [ 85.8074254, 20.2702742 ] ], [ [ 85.8074254, 20.2702742 ], [ 85.80776, 20.2699615 ] ], [ [ 85.80776, 20.2699615 ], [ 85.8084125, 20.2703413 ] ], [ [ 85.8084125, 20.2703413 ], [ 85.8089, 20.270625 ] ], [ [ 85.8089, 20.270625 ], [ 85.80951, 20.27098 ] ], [ [ 85.80951, 20.27098 ], [ 85.8098679, 20.2711882 ] ], [ [ 85.8098679, 20.2711882 ], [ 85.8105547, 20.271588 ] ], [ [ 85.8105547, 20.271588 ], [ 85.8106243, 20.2716285 ] ], [ [ 85.8106243, 20.2716285 ], [ 85.8110956, 20.2719027 ] ], [ [ 85.8110956, 20.2719027 ], [ 85.8116198, 20.271367 ] ], [ [ 85.8116198, 20.271367 ], [ 85.8117746, 20.2712072 ] ], [ [ 85.8117746, 20.2712072 ], [ 85.8123123, 20.2706525 ] ], [ [ 85.8123123, 20.2706525 ], [ 85.812901, 20.2700178 ] ], [ [ 85.812901, 20.2700178 ], [ 85.8130322, 20.2699614 ], [ 85.8131277, 20.2699016 ] ], [ [ 85.8131277, 20.2699016 ], [ 85.8131573, 20.2698958 ], [ 85.8131835, 20.2698818 ], [ 85.8132041, 20.2698611 ] ], [ [ 85.8132041, 20.2698611 ], [ 85.8134551, 20.2697939 ], [ 85.8136952, 20.2697686 ] ], [ [ 85.8136952, 20.2697686 ], [ 85.8143293, 20.269715 ], [ 85.8153826, 20.2696086 ], [ 85.815622, 20.2695632 ] ], [ [ 85.815622, 20.2695632 ], [ 85.8164381, 20.2694086 ], [ 85.816954, 20.2692947 ], [ 85.8179763, 20.2690708 ], [ 85.818406, 20.2690449 ], [ 85.8185577, 20.2690513 ], [ 85.8185965, 20.269053 ], [ 85.819113, 20.2691249 ], [ 85.81964, 20.26924 ], [ 85.8202861, 20.2694656 ], [ 85.8215069, 20.2699828 ], [ 85.821612, 20.2700104 ], [ 85.8217764, 20.2700424 ] ], [ [ 85.8217764, 20.2700424 ], [ 85.8217717, 20.2701022 ], [ 85.8218023, 20.270181 ], [ 85.8218305, 20.270216 ], [ 85.8218772, 20.2702624 ], [ 85.8219201, 20.2702972 ], [ 85.8219814, 20.2703291 ], [ 85.822086, 20.2703517 ] ], [ [ 85.822086, 20.2703517 ], [ 85.8221932, 20.270348 ], [ 85.8223066, 20.270303 ], [ 85.8223552, 20.2702549 ] ], [ [ 85.8223552, 20.2702549 ], [ 85.8223957, 20.2701703 ], [ 85.8224074, 20.2700792 ] ], [ [ 85.8224074, 20.2700792 ], [ 85.8232894, 20.2698099 ], [ 85.8238477, 20.2696265 ], [ 85.8244087, 20.2694282 ], [ 85.8252141, 20.2691155 ], [ 85.8257446, 20.2688778 ], [ 85.8258984, 20.2688089 ], [ 85.8267024, 20.2684109 ], [ 85.8275887, 20.267936 ] ], [ [ 85.8275887, 20.267936 ], [ 85.8285914, 20.2672979 ], [ 85.8290181, 20.2670393 ], [ 85.8294171, 20.2668396 ], [ 85.8296099, 20.2667462 ] ], [ [ 85.8296099, 20.2667462 ], [ 85.8298897, 20.2665874 ] ], [ [ 85.8298897, 20.2665874 ], [ 85.8299778, 20.2665254 ] ], [ [ 85.8299778, 20.2665254 ], [ 85.8301527, 20.2664075 ] ], [ [ 85.8301527, 20.2664075 ], [ 85.8310443, 20.2657526 ] ], [ [ 85.8310443, 20.2657526 ], [ 85.8315068, 20.2663449 ] ], [ [ 85.8315068, 20.2663449 ], [ 85.8317544, 20.266688 ], [ 85.8318383, 20.2668067 ] ], [ [ 85.8318383, 20.2668067 ], [ 85.8321419, 20.2672168 ] ], [ [ 85.8321419, 20.2672168 ], [ 85.8322601, 20.2671403 ], [ 85.8333334, 20.2664454 ], [ 85.8334067, 20.266398 ], [ 85.8334115, 20.2663949 ] ], [ [ 85.8334115, 20.2663949 ], [ 85.8337473, 20.266846 ] ], [ [ 85.8337473, 20.266846 ], [ 85.83625, 20.26529 ] ], [ [ 85.83625, 20.26529 ], [ 85.8365419, 20.2656804 ] ], [ [ 85.8365419, 20.2656804 ], [ 85.836804, 20.266105 ] ], [ [ 85.836804, 20.266105 ], [ 85.83809, 20.26538 ] ], [ [ 85.83809, 20.26538 ], [ 85.838436, 20.2651831 ] ], [ [ 85.838436, 20.2651831 ], [ 85.8387536, 20.2650023 ] ], [ [ 85.8387536, 20.2650023 ], [ 85.8388827, 20.2649289 ], [ 85.8389805, 20.2648732 ] ], [ [ 85.8389805, 20.2648732 ], [ 85.8390808, 20.2650455 ] ], [ [ 85.8390808, 20.2650455 ], [ 85.8392024, 20.2649796 ] ], [ [ 85.8392024, 20.2649796 ], [ 85.8390608, 20.264747 ] ], [ [ 85.8390608, 20.264747 ], [ 85.8396245, 20.2645266 ] ], [ [ 85.8396245, 20.2645266 ], [ 85.8398787, 20.2649067 ] ], [ [ 85.8398787, 20.2649067 ], [ 85.8404948, 20.2646044 ] ], [ [ 85.8404948, 20.2646044 ], [ 85.8406931, 20.26498 ] ], [ [ 85.8406931, 20.26498 ], [ 85.8409638, 20.2654331 ] ], [ [ 85.8409638, 20.2654331 ], [ 85.8410958, 20.2653762 ] ], [ [ 85.8410958, 20.2653762 ], [ 85.8417352, 20.2663091 ] ] ] } },
{ "type": "Feature", "properties": { "route_id": "R_SYN002", "stop_id": "SYN002" }, "geometry": { "type": "MultiLineString", "coordinates": [ [ [ 85.7956882, 20.2733904 ], [ 85.7956242, 20.2730836 ], [ 85.7955946, 20.2730307 ], [ 85.7955213, 20.2729733 ], [ 85.7955018, 20.2728997 ], [ 85.7957248, 20.2724912 ] ], [ [ 85.7957248, 20.2724912 ], [ 85.795809, 20.2725261 ], [ 85.7960022, 20.272565 ], [ 85.7961624, 20.2725637 ] ], [ [ 85.7961624, 20.2725637 ], [ 85.7964029, 20.2725288 ], [ 85.7964995, 20.2725038 ], [ 85.7965888, 20.2724875 ], [ 85.7967526, 20.2724499 ], [ 85.7968487, 20.2725038 ], [ 85.7969664, 20.2725134 ], [ 85.7971879, 20.2724894 ] ], [ [ 85.7971879, 20.2724894 ], [ 85.797172, 20.272296 ] ], [ [ 85.797172, 20.272296 ], [ 85.7973646, 20.2723499 ], [ 85.7975134, 20.2723949 ], [ 85.7976709, 20.2723938 ], [ 85.7978406, 20.2723928 ], [ 85.7979713, 20.2724066 ], [ 85.7980724, 20.2724183 ] ], [ [ 85.7980724, 20.2724183 ], [ 85.7980894, 20.2724889 ], [ 85.7981441, 20.2726138 ] ], [ [ 85.7981441, 20.2726138 ], [ 85.7984022, 20.2729489 ], [ 85.7986636, 20.2734028 ], [ 85.798722, 20.273434 ], [ 85.7989328, 20.2735272 ], [ 85.7991862, 20.2737681 ], [ 85.7995137, 20.2739924 ] ], [ [ 85.7995137, 20.2739924 ], [ 85.799999, 20.2742208 ] ], [ [ 85.799999, 20.2742208 ], [ 85.800016, 20.2742288 ], [ 85.8004007, 20.2743246 ] ], [ [ 85.8004007, 20.2743246 ], [ 85.8005615, 20.2745986 ] ], [ [ 85.8005615, 20.2745986 ], [ 85.8008421, 20.2749758 ], [ 85.8010195, 20.2751889 ] ], [ [ 85.8010195, 20.2751889 ], [ 85.8013269, 20.2751855 ] ], [ [ 85.8013269, 20.2751855 ], [ 85.8015809, 20.27517 ], [ 85.8017735, 20.2751686 ] ], [ [ 85.8017735, 20.2751686 ], [ 85.8019562, 20.2751853 ], [ 85.8021852, 20.2751956 ], [ 85.8023173, 20.2751956 ] ], [ [ 85.8023173, 20.2751956 ], [ 85.802482, 20.2752022 ], [ 85.8027718, 20.2752354 ], [ 85.8029086, 20.2752573 ], [ 85.8030419, 20.2753034 ], [ 85.8031804, 20.2753695 ] ], [ [ 85.8031804, 20.2753695 ], [ 85.8035951, 20.2756 ] ], [ [ 85.8035951, 20.2756 ], [ 85.8036496, 20.2757286 ] ], [ [ 85.8036496, 20.2757286 ], [ 85.8037569, 20.27581 ] ], [ [ 85.8037569, 20.27581 ], [ 85.8040261, 20.2760246 ] ], [ [ 85.8040261, 20.2760246 ], [ 85.8041889, 20.2761741 ], [ 85.8044882, 20.2764697 ] ], [ [ 85.8044882, 20.2764697 ], [ 85.8054861, 20.2774676 ], [ 85.8055858, 20.2775696 ] ], [ [ 85.8055858, 20.2775696 ], [ 85.806398, 20.278396 ], [ 85.8065197, 20.2785206 ] ], [ [ 85.8065197, 20.2785206 ], [ 85.8070385, 20.2790515 ] ], [ [ 85.8070385, 20.2790515 ], [ 85.8079276, 20.2799384 ], [ 85.8084043, 20.2804138 ], [ 85.8090417, 20.2810557 ], [ 85.8101485, 20.2821703 ] ], [ [ 85.8101485, 20.2821703 ], [ 85.8100801, 20.2822425 ], [ 85.8096838, 20.2827116 ], [ 85.80891, 20.283598 ], [ 85.8088058, 20.2837211 ] ], [ [ 85.8088058, 20.2837211 ], [ 85.8087489, 20.2838052 ] ], [ [ 85.8087489, 20.2838052 ], [ 85.8083563, 20.2842239 ], [ 85.8080659, 20.2845301 ], [ 85.8079704, 20.2846143 ] ], [ [ 85.8079704, 20.2846143 ], [ 85.8078263, 20.2847413 ] ], [ [ 85.8078263, 20.2847413 ], [ 85.8077594, 20.2848166 ], [ 85.807691, 20.2848967 ], [ 85.8075977, 20.28501 ] ], [ [ 85.8075977, 20.28501 ], [ 85.807673, 20.2850486 ] ], [ [ 85.807673, 20.2850486 ], [ 85.808039, 20.2852786 ] ], [ [ 85.808039, 20.2852786 ], [ 85.8081644, 20.2853574 ] ], [ [ 85.8081644, 20.2853574 ], [ 85.8083484, 20.285473 ], [ 85.8098007, 20.2863515 ] ], [ [ 85.8098007, 20.2863515 ], [ 85.8099872, 20.2864643 ], [ 85.8102727, 20.2866269 ] ], [ [ 85.8102727, 20.2866269 ], [ 85.8107166, 20.2868997 ] ], [ [ 85.8107166, 20.2868997 ], [ 85.8107815, 20.2869308 ], [ 85.8119452, 20.2876321 ], [ 85.8129904, 20.2882798 ] ], [ [ 85.8129904, 20.2882798 ], [ 85.8133681, 20.2884959 ], [ 85.8140213, 20.2889173 ], [ 85.8142814, 20.2890851 ], [ 85.8148849, 20.2894531 ], [ 85.8154872, 20.2898326 ] ], [ [ 85.8154872, 20.2898326 ], [ 85.8163308, 20.2903155 ], [ 85.816802, 20.2906055 ], [ 85.817054, 20.2907557 ] ], [ [ 85.817054, 20.2907557 ], [ 85.818041, 20.2913513 ], [ 85.8182813, 20.2913942 ] ], [ [ 85.8182813, 20.2913942 ], [ 85.8186578, 20.2916106 ], [ 85.8190404, 20.2918509 ], [ 85.8191979, 20.2919537 ], [ 85.8193481, 20.2920543 ] ], [ [ 85.8193481, 20.2920543 ], [ 85.8194312, 20.2922178 ], [ 85.8194936, 20.2923015 ], [ 85.8196116, 20.2924053 ] ], [ [ 85.8196116, 20.2924053 ], [ 85.8197632, 20.2925053 ], [ 85.8201246, 20.2927137 ], [ 85.8211166, 20.2933258 ], [ 85.8220436, 20.2938827 ] ], [ [ 85.8220436, 20.2938827 ], [ 85.8224319, 20.294116 ], [ 85.8226638, 20.2942545 ] ], [ [ 85.8226638, 20.2942545 ], [ 85.8231079, 20.2945342 ] ], [ [ 85.8231079, 20.2945342 ], [ 85.8234946, 20.2947735 ], [ 85.8240815, 20.2951377 ] ], [ [ 85.8240815, 20.2951377 ], [ 85.8244504, 20.2953703 ], [ 85.8245589, 20.2954372 ], [ 85.8247124, 20.2955303 ] ], [ [ 85.8247124, 20.2955303 ], [ 85.8247025, 20.2955656 ] ], [ [ 85.8247025, 20.2955656 ], [ 85.8246141, 20.2958931 ], [ 85.8245702, 20.2960542 ] ], [ [ 85.8245702, 20.2960542 ], [ 85.8245486, 20.2961056 ], [ 85.8242981, 20.2969703 ] ], [ [ 85.8242981, 20.2969703 ], [ 85.8242557, 20.2971165 ] ], [ [ 85.8242557, 20.2971165 ], [ 85.824194, 20.2973251 ], [ 85.8239658, 20.2980723 ] ], [ [ 85.8239658, 20.2980723 ], [ 85.823863, 20.2984064 ], [ 85.8238226, 20.298541 ], [ 85.8236657, 20.2990395 ], [ 85.8235865, 20.2993139 ] ], [ [ 85.8235865, 20.2993139 ], [ 85.8234345, 20.2998032 ] ], [ [ 85.8234345, 20.2998032 ], [ 85.8228764, 20.3015996 ] ], [ [ 85.8228764, 20.3015996 ], [ 85.8227502, 20.3020402 ], [ 85.8226004, 20.3025285 ], [ 85.8222291, 20.3037905 ], [ 85.82202, 20.30449 ], [ 85.8219453, 20.304701 ], [ 85.8218668, 20.3049595 ], [ 85.8217533, 20.3052942 ], [ 85.82161, 20.30561 ], [ 85.8212043, 20.3061952 ], [ 85.8210089, 20.306477 ], [ 85.8208928, 20.3066437 ] ], [ [ 85.8208928, 20.3066437 ], [ 85.8208678, 20.3066735 ], [ 85.8205799, 20.3071006 ], [ 85.8204073, 20.3074258 ], [ 85.8202784, 20.3077002 ], [ 85.8202201, 20.3078278 ] ], [ [ 85.8202201, 20.3078278 ], [ 85.8201813, 20.3079128 ] ], [ [ 85.8201813, 20.3079128 ], [ 85.8200831, 20.3082094 ], [ 85.8200192, 20.3084887 ], [ 85.8200045, 20.3087096 ], [ 85.8200258, 20.3090499 ], [ 85.8200307, 20.3092353 ], [ 85.8200299, 20.309461 ], [ 85.8201037, 20.3099903 ], [ 85.8201079, 20.3100643 ], [ 85.8201242, 20.3107297 ] ], [ [ 85.8201242, 20.3107297 ], [ 85.8201265, 20.3108238 ] ], [ [ 85.8201265, 20.3108238 ], [ 85.820147, 20.3116432 ], [ 85.820163, 20.3122847 ] ], [ [ 85.820163, 20.3122847 ], [ 85.8201712, 20.3126123 ] ] ] } },
{ "type": "Feature", "properties": { "route_id": "R_SYN003", "stop_id": "SYN003" }, "geometry": { "type": "MultiLineString", "coordinates": [ [ [ 85.7956882, 20.2733904 ], [ 85.7956242, 20.2730836 ], [ 85.7955946, 20.2730307 ], [ 85.7955213, 20.2729733 ], [ 85.7955018, 20.2728997 ], [ 85.7957248, 20.2724912 ] ], [ [ 85.7957248, 20.2724912 ], [ 85.795809, 20.2725261 ], [ 85.7960022, 20.272565 ], [ 85.7961624, 20.2725637 ] ], [ [ 85.7961624, 20.2725637 ], [ 85.7964029, 20.2725288 ], [ 85.7964995, 20.2725038 ], [ 85.7965888, 20.2724875 ], [ 85.7967526, 20.2724499 ], [ 85.7968487, 20.2725038 ], [ 85.7969664, 20.2725134 ], [ 85.7971879, 20.2724894 ] ], [ [ 85.7971879, 20.2724894 ], [ 85.797172, 20.272296 ] ], [ [ 85.797172, 20.272296 ], [ 85.7973646, 20.2723499 ], [ 85.7975134, 20.2723949 ], [ 85.7976709, 20.2723938 ], [ 85.7978406, 20.2723928 ], [ 85.7979713, 20.2724066 ], [ 85.7980724, 20.2724183 ] ], [ [ 85.7980724, 20.2724183 ], [ 85.7980894, 20.2724889 ], [ 85.7981441, 20.2726138 ] ], [ [ 85.7981441, 20.2726138 ], [ 85.7984022, 20.2729489 ], [ 85.7986636, 20.2734028 ], [ 85.798722, 20.273434 ], [ 85.7989328, 20.2735272 ], [ 85.7991862, 20.2737681 ], [ 85.7995137, 20.2739924 ] ], [ [ 85.7995137, 20.2739924 ], [ 85.799999, 20.2742208 ] ], [ [ 85.799999, 20.2742208 ], [ 85.800016, 20.2742288 ], [ 85.8004007, 20.2743246 ] ], [ [ 85.8004007, 20.2743246 ], [ 85.8005615, 20.2745986 ] ], [ [ 85.8005615, 20.2745986 ], [ 85.8008421, 20.2749758 ], [ 85.8010195, 20.2751889 ] ], [ [ 85.8010195, 20.2751889 ], [ 85.8013269, 20.2751855 ] ], [ [ 85.8013269, 20.2751855 ], [ 85.8015809, 20.27517 ], [ 85.8017735, 20.2751686 ] ], [ [ 85.8017735, 20.2751686 ], [ 85.8019562, 20.2751853 ], [ 85.8021852, 20.2751956 ], [ 85.8023173, 20.2751956 ] ], [ [ 85.8023173, 20.2751956 ], [ 85.802482, 20.2752022 ], [ 85.8027718, 20.2752354 ], [ 85.8029086, 20.2752573 ], [ 85.8030419, 20.2753034 ], [ 85.8031804, 20.2753695 ] ], [ [ 85.8031804, 20.2753695 ], [ 85.8035951, 20.2756 ] ], [ [ 85.8035951, 20.2756 ], [ 85.8036496, 20.2757286 ] ], [ [ 85.8036496, 20.2757286 ], [ 85.8037569, 20.27581 ] ], [ [ 85.8037569, 20.27581 ], [ 85.8040261, 20.2760246 ] ], [ [ 85.8040261, 20.2760246 ], [ 85.8041889, 20.2761741 ], [ 85.8044882, 20.2764697 ] ], [ [ 85.8044882, 20.2764697 ], [ 85.8054861, 20.2774676 ], [ 85.8055858, 20.2775696 ] ], [ [ 85.8055858, 20.2775696 ], [ 85.806398, 20.278396 ], [ 85.8065197, 20.2785206 ] ], [ [ 85.8065197, 20.2785206 ], [ 85.8070385, 20.2790515 ] ], [ [ 85.8070385, 20.2790515 ], [ 85.8079276, 20.2799384 ], [ 85.8084043, 20.2804138 ], [ 85.8090417, 20.2810557 ], [ 85.8101485, 20.2821703 ] ], [ [ 85.8101485, 20.2821703 ], [ 85.8100801, 20.2822425 ], [ 85.8096838, 20.2827116 ], [ 85.80891, 20.283598 ], [ 85.8088058, 20.2837211 ] ], [ [ 85.8088058, 20.2837211 ], [ 85.8087489, 20.2838052 ] ], [ [ 85.8087489, 20.2838052 ], [ 85.8083563, 20.2842239 ], [ 85.8080659, 20.2845301 ], [ 85.8079704, 20.2846143 ] ], [ [ 85.8079704, 20.2846143 ], [ 85.8078263, 20.2847413 ] ], [ [ 85.8078263, 20.2847413 ], [ 85.8077594, 20.2848166 ], [ 85.807691, 20.2848967 ], [ 85.8075977, 20.28501 ] ], [ [ 85.8075977, 20.28501 ], [ 85.807673, 20.2850486 ] ], [ [ 85.807673, 20.2850486 ], [ 85.808039, 20.2852786 ] ], [ [ 85.808039, 20.2852786 ], [ 85.8081644, 20.2853574 ] ], [ [ 85.8081644, 20.2853574 ], [ 85.8083484, 20.285473 ], [ 85.8098007, 20.2863515 ] ], [ [ 85.8098007, 20.2863515 ], [ 85.8099872, 20.2864643 ], [ 85.8102727, 20.2866269 ] ], [ [ 85.8102727, 20.2866269 ], [ 85.8107166, 20.2868997 ] ], [ [ 85.8107166, 20.2868997 ], [ 85.8107815, 20.2869308 ], [ 85.8119452, 20.2876321 ], [ 85.8129904, 20.2882798 ] ], [ [ 85.8129904, 20.2882798 ], [ 85.8133681, 20.2884959 ], [ 85.8140213, 20.2889173 ], [ 85.8142814, 20.2890851 ], [ 85.8148849, 20.2894531 ], [ 85.8154872, 20.2898326 ] ], [ [ 85.8154872, 20.2898326 ], [ 85.8163308, 20.2903155 ], [ 85.816802, 20.2906055 ], [ 85.817054, 20.2907557 ] ], [ [ 85.817054, 20.2907557 ], [ 85.818041, 20.2913513 ], [ 85.8182813, 20.2913942 ] ], [ [ 85.8182813, 20.2913942 ], [ 85.8186578, 20.2916106 ], [ 85.8190404, 20.2918509 ], [ 85.8191979, 20.2919537 ], [ 85.8193481, 20.2920543 ] ], [ [ 85.8193481, 20.2920543 ], [ 85.8196834, 20.2922581 ], [ 85.8221566, 20.2937097 ] ], [ [ 85.8221566, 20.2937097 ], [ 85.8222417, 20.2937597 ], [ 85.8243158, 20.2950694 ], [ 85.8245453, 20.2952148 ], [ 85.8249465, 20.2954576 ], [ 85.825362, 20.2957046 ], [ 85.8257032, 20.2958928 ], [ 85.8261358, 20.2960876 ], [ 85.8266986, 20.2963387 ], [ 85.8272003, 20.2965412 ], [ 85.8277046, 20.2966993 ], [ 85.8281386, 20.2968289 ], [ 85.8285125, 20.2969213 ], [ 85.8286427, 20.2969509 ] ], [ [ 85.8286427, 20.2969509 ], [ 85.8288195, 20.2971168 ] ], [ [ 85.8288195, 20.2971168 ], [ 85.8290498, 20.2971578 ], [ 85.8294584, 20.2972036 ], [ 85.829799, 20.29725 ], [ 85.8298799, 20.2972583 ], [ 85.8306616, 20.2972869 ], [ 85.8313992, 20.2972693 ], [ 85.8320603, 20.2972469 ], [ 85.8325207, 20.2972064 ], [ 85.832963, 20.2971715 ] ], [ [ 85.832963, 20.2971715 ], [ 85.8331414, 20.2971574 ] ], [ [ 85.8331414, 20.2971574 ], [ 85.8331212, 20.2972758 ], [ 85.8329364, 20.2981996 ], [ 85.8329142, 20.298355 ], [ 85.8328651, 20.2986996 ], [ 85.8328668, 20.2987822 ], [ 85.8328892, 20.2998882 ], [ 85.8329622, 20.3008138 ], [ 85.8329634, 20.3008295 ], [ 85.8329675, 20.3008804 ], [ 85.8329705, 20.3009183 ], [ 85.8333373, 20.3050263 ], [ 85.8333677, 20.3053191 ], [ 85.833456, 20.3062566 ], [ 85.8334864, 20.3067033 ] ], [ [ 85.8334864, 20.3067033 ], [ 85.8336458, 20.3084581 ], [ 85.8338008, 20.3101463 ] ], [ [ 85.8338008, 20.3101463 ], [ 85.8338062, 20.3102088 ], [ 85.8338325, 20.3103849 ] ], [ [ 85.8338325, 20.3103849 ], [ 85.8332258, 20.3104767 ], [ 85.8332927, 20.3107644 ], [ 85.8331527, 20.3108445 ], [ 85.8330903, 20.3108652 ], [ 85.8330272, 20.3108905 ], [ 85.832952, 20.3109251 ], [ 85.8328747, 20.3109526 ], [ 85.8324708, 20.3110734 ] ], [ [ 85.8324708, 20.3110734 ], [ 85.8321424, 20.3111477 ], [ 85.8320631, 20.3111678 ] ], [ [ 85.8320631, 20.3111678 ], [ 85.8318579, 20.3112093 ], [ 85.8316299, 20.3112571 ] ], [ [ 85.8316299, 20.3112571 ], [ 85.8314368, 20.3113174 ], [ 85.8312665, 20.3113652 ], [ 85.8311766, 20.3113942 ] ], [ [ 85.8311766, 20.3113942 ], [ 85.8311207, 20.3112433 ], [ 85.8310344, 20.3110245 ] ], [ [ 85.8310344, 20.3110245 ], [ 85.8311415, 20.3109901 ], [ 85.8312477, 20.3109514 ], [ 85.8314508, 20.3108958 ], [ 85.8316661, 20.3108307 ], [ 85.8317466, 20.3108106 ], [ 85.8318351, 20.3107842 ], [ 85.8320537, 20.3107288 ], [ 85.8322505, 20.3106691 ] ] ] } },
{ "type": "Feature", "properties": { "route_id": "R_SYN004", "stop_id": "SYN004" }, "geometry": { "type": "MultiLineString", "coordinates": [ [ [ 85.7956882, 20.2733904 ], [ 85.7956242, 20.2730836 ], [ 85.7955946, 20.2730307 ], [ 85.7955213, 20.2729733 ], [ 85.7955018, 20.2728997 ], [ 85.7957248, 20.2724912 ] ], [ [ 85.7957248, 20.2724912 ], [ 85.795809, 20.2725261 ], [ 85.7960022, 20.272565 ], [ 85.7961624, 20.2725637 ] ], [ [ 85.7961624, 20.2725637 ], [ 85.7964029, 20.2725288 ], [ 85.7964995, 20.2725038 ], [ 85.7965888, 20.2724875 ], [ 85.7967526, 20.2724499 ], [ 85.7968487, 20.2725038 ], [ 85.7969664, 20.2725134 ], [ 85.7971879, 20.2724894 ] ], [ [ 85.7971879, 20.2724894 ], [ 85.797172, 20.272296 ] ], [ [ 85.797172, 20.272296 ], [ 85.7973646, 20.2723499 ], [ 85.7975134, 20.2723949 ], [ 85.7976709, 20.2723938 ], [ 85.7978406, 20.2723928 ], [ 85.7979713, 20.2724066 ], [ 85.7980724, 20.2724183 ] ], [ [ 85.7980724, 20.2724183 ], [ 85.7980894, 20.2724889 ], [ 85.7981441, 20.2726138 ] ], [ [ 85.7981441, 20.2726138 ], [ 85.7984022, 20.2729489 ], [ 85.7986636, 20.2734028 ], [ 85.798722, 20.273434 ], [ 85.7989328, 20.2735272 ], [ 85.7991862, 20.2737681 ], [ 85.7995137, 20.2739924 ] ], [ [ 85.7995137, 20.2739924 ], [ 85.799999, 20.2742208 ] ], [ [ 85.799999, 20.2742208 ], [ 85.800016, 20.2742288 ], [ 85.8004007, 20.2743246 ] ], [ [ 85.8004007, 20.2743246 ], [ 85.8005615, 20.2745986 ] ], [ [ 85.8005615, 20.2745986 ], [ 85.8008421, 20.2749758 ], [ 85.8010195, 20.2751889 ] ], [ [ 85.8010195, 20.2751889 ], [ 85.8013269, 20.2751855 ] ], [ [ 85.8013269, 20.2751855 ], [ 85.8015809, 20.27517 ], [ 85.8017735, 20.2751686 ] ], [ [ 85.8017735, 20.2751686 ], [ 85.8019562, 20.2751853 ], [ 85.8021852, 20.2751956 ], [ 85.8023173, 20.2751956 ] ], [ [ 85.8023173, 20.2751956 ], [ 85.802482, 20.2752022 ], [ 85.8027718, 20.2752354 ], [ 85.8029086, 20.2752573 ], [ 85.8030419, 20.2753034 ], [ 85.8031804, 20.2753695 ] ], [ [ 85.8031804, 20.2753695 ], [ 85.8035951, 20.2756 ] ], [ [ 85.8035951, 20.2756 ], [ 85.8036496, 20.2757286 ] ], [ [ 85.8036496, 20.2757286 ], [ 85.8037569, 20.27581 ] ], [ [ 85.8037569, 20.27581 ], [ 85.8040261, 20.2760246 ] ], [ [ 85.8040261, 20.2760246 ], [ 85.8041889, 20.2761741 ], [ 85.8044882, 20.2764697 ] ], [ [ 85.8044882, 20.2764697 ], [ 85.8054861, 20.2774676 ], [ 85.8055858, 20.2775696 ] ], [ [ 85.8055858, 20.2775696 ], [ 85.806398, 20.278396 ], [ 85.8065197, 20.2785206 ] ], [ [ 85.8065197, 20.2785206 ], [ 85.8070385, 20.2790515 ] ], [ [ 85.8070385, 20.2790515 ], [ 85.8079276, 20.2799384 ], [ 85.8084043, 20.2804138 ], [ 85.8090417, 20.2810557 ], [ 85.8101485, 20.2821703 ] ], [ [ 85.8101485, 20.2821703 ], [ 85.8100801, 20.2822425 ], [ 85.8096838, 20.2827116 ], [ 85.80891, 20.283598 ], [ 85.8088058, 20.2837211 ] ], [ [ 85.8088058, 20.2837211 ], [ 85.8087489, 20.2838052 ] ], [ [ 85.8087489, 20.2838052 ], [ 85.8083563, 20.2842239 ], [ 85.8080659, 20.2845301 ], [ 85.8079704, 20.2846143 ] ], [ [ 85.8079704, 20.2846143 ], [ 85.8078263, 20.2847413 ] ], [ [ 85.8078263, 20.2847413 ], [ 85.8077594, 20.2848166 ], [ 85.807691, 20.2848967 ], [ 85.8075977, 20.28501 ] ], [ [ 85.8075977, 20.28501 ], [ 85.807673, 20.2850486 ] ], [ [ 85.807673, 20.2850486 ], [ 85.808039, 20.2852786 ] ], [ [ 85.808039, 20.2852786 ], [ 85.8081644, 20.2853574 ] ], [ [ 85.8081644, 20.2853574 ], [ 85.8081042, 20.2854577 ] ], [ [ 85.8081042, 20.2854577 ], [ 85.8091373, 20.2860826 ] ], [ [ 85.8091373, 20.2860826 ], [ 85.8097326, 20.2864427 ] ], [ [ 85.8097326, 20.2864427 ], [ 85.8101883, 20.2867409 ] ], [ [ 85.8101883, 20.2867409 ], [ 85.81065, 20.2870168 ] ], [ [ 85.81065, 20.2870168 ], [ 85.8102285, 20.2877489 ] ], [ [ 85.8102285, 20.2877489 ], [ 85.8100743, 20.2880166 ] ], [ [ 85.8100743, 20.2880166 ], [ 85.809955, 20.2882239 ] ], [ [ 85.809955, 20.2882239 ], [ 85.8097064, 20.2887271 ] ], [ [ 85.8097064, 20.2887271 ], [ 85.8093183, 20.2897228 ] ], [ [ 85.8093183, 20.2897228 ], [ 85.810033, 20.2900868 ] ], [ [ 85.810033, 20.2900868 ], [ 85.8098426, 20.2904466 ], [ 85.8101349, 20.2906057 ] ], [ [ 85.8101349, 20.2906057 ], [ 85.8099549, 20.2909344 ] ], [ [ 85.8099549, 20.2909344 ], [ 85.809904, 20.2909399 ], [ 85.8098557, 20.2909475 ], [ 85.809802, 20.2909802 ], [ 85.8097509, 20.2910313 ], [ 85.8096706, 20.2913374 ] ], [ [ 85.8096706, 20.2913374 ], [ 85.8105048, 20.2917047 ] ], [ [ 85.8105048, 20.2917047 ], [ 85.8108492, 20.2918971 ] ], [ [ 85.8108492, 20.2918971 ], [ 85.8107716, 20.2923735 ] ], [ [ 85.8107716, 20.2923735 ], [ 85.8106866, 20.2928953 ] ], [ [ 85.8106866, 20.2928953 ], [ 85.8106089, 20.2933723 ] ], [ [ 85.8106089, 20.2933723 ], [ 85.8113213, 20.2936895 ] ], [ [ 85.8113213, 20.2936895 ], [ 85.8117192, 20.2938629 ] ], [ [ 85.8117192, 20.2938629 ], [ 85.812119, 20.2940558 ] ] ] } },
{ "type": "Feature", "properties": { "route_id": "R_SYN005", "stop_id": "SYN005" }, "geometry": { "type": "MultiLineString", "coordinates": [ [ [ 85.7956882, 20.2733904 ], [ 85.7956242, 20.2730836 ], [ 85.7955946, 20.2730307 ], [ 85.7955213, 20.2729733 ], [ 85.7955018, 20.2728997 ], [ 85.7957248, 20.2724912 ] ], [ [ 85.7957248, 20.2724912 ], [ 85.7955718, 20.2724278 ], [ 85.7954738, 20.2723002 ], [ 85.7954366, 20.2722518 ], [ 85.7952148, 20.2720054 ] ], [ [ 85.7952148, 20.2720054 ], [ 85.7951966, 20.2719852 ], [ 85.7949362, 20.2717168 ] ], [ [ 85.7949362, 20.2717168 ], [ 85.794791, 20.2717447 ], [ 85.7945393, 20.2717996 ], [ 85.7942273, 20.2719166 ] ], [ [ 85.7942273, 20.2719166 ], [ 85.7941032, 20.2719631 ] ], [ [ 85.7941032, 20.2719631 ], [ 85.7940706, 20.2718488 ], [ 85.7939437, 20.2714805 ] ], [ [ 85.7939437, 20.2714805 ], [ 85.7935793, 20.2716123 ] ], [ [ 85.7935793, 20.2716123 ], [ 85.7937196, 20.2719497 ], [ 85.7939073, 20.2725334 ], [ 85.7941323, 20.273239 ], [ 85.7942305, 20.2734996 ] ], [ [ 85.7942305, 20.2734996 ], [ 85.7942747, 20.2736276 ] ], [ [ 85.7942747, 20.2736276 ], [ 85.7943325, 20.2737952 ], [ 85.794534, 20.274345 ] ] ] } },
{ "type": "Feature", "properties": { "route_id": "R_SYN006", "stop_id": "SYN006" }, "geometry": { "type": "MultiLineString", "coordinates": [ [ [ 85.7956882, 20.2733904 ], [ 85.7956242, 20.2730836 ], [ 85.7955946, 20.2730307 ], [ 85.7955213, 20.2729733 ], [ 85.7955018, 20.2728997 ], [ 85.7957248, 20.2724912 ] ], [ [ 85.7957248, 20.2724912 ], [ 85.795809, 20.2725261 ], [ 85.7960022, 20.272565 ], [ 85.7961624, 20.2725637 ] ], [ [ 85.7961624, 20.2725637 ], [ 85.7964029, 20.2725288 ], [ 85.7964995, 20.2725038 ], [ 85.7965888, 20.2724875 ], [ 85.7967526, 20.2724499 ], [ 85.7968487, 20.2725038 ], [ 85.7969664, 20.2725134 ], [ 85.7971879, 20.2724894 ] ], [ [ 85.7971879, 20.2724894 ], [ 85.797172, 20.272296 ] ], [ [ 85.797172, 20.272296 ], [ 85.7972477, 20.2717737 ] ], [ [ 85.7972477, 20.2717737 ], [ 85.7975255, 20.2717888 ], [ 85.7977045, 20.2717707 ], [ 85.7978663, 20.2717358 ] ], [ [ 85.7978663, 20.2717358 ], [ 85.7981349, 20.271675 ] ], [ [ 85.7981349, 20.271675 ], [ 85.7983505, 20.2716077 ], [ 85.7984191, 20.2715274 ], [ 85.7984898, 20.2714498 ] ], [ [ 85.7984898, 20.2714498 ], [ 85.7986237, 20.2714557 ], [ 85.798756, 20.2714805 ], [ 85.7989082, 20.271465 ], [ 85.7989942, 20.2714246 ], [ 85.7990505, 20.2712074 ], [ 85.7990802, 20.2710119 ], [ 85.7992192, 20.2709343 ], [ 85.7993081, 20.2708896 ] ], [ [ 85.7993081, 20.2708896 ], [ 85.7994044, 20.2708412 ], [ 85.7995401, 20.2707512 ], [ 85.7996129, 20.2706798 ], [ 85.7999083, 20.2705607 ], [ 85.7997176, 20.2699327 ] ], [ [ 85.7997176, 20.2699327 ], [ 85.799982, 20.2697882 ] ], [ [ 85.799982, 20.2697882 ], [ 85.8001269, 20.2696868 ], [ 85.8005527, 20.2696131 ] ], [ [ 85.8005527, 20.2696131 ], [ 85.800667, 20.2698519 ] ], [ [ 85.800667, 20.2698519 ], [ 85.801248, 20.2693828 ], [ 85.8014922, 20.2691786 ], [ 85.801763, 20.2689876 ], [ 85.8019317, 20.268979 ] ], [ [ 85.8019317, 20.268979 ], [ 85.8023185, 20.2694218 ] ], [ [ 85.8023185, 20.2694218 ], [ 85.8029987, 20.2690059 ], [ 85.8032486, 20.2687671 ] ], [ [ 85.8032486, 20.2687671 ], [ 85.803749, 20.2690569 ], [ 85.8041913, 20.269319 ] ], [ [ 85.8041913, 20.269319 ], [ 85.8052733, 20.2698734 ] ], [ [ 85.8052733, 20.2698734 ], [ 85.8059109, 20.2702311 ], [ 85.8060087, 20.2702905 ], [ 85.8065427, 20.270607 ], [ 85.8067635, 20.2707515 ] ], [ [ 85.8067635, 20.2707515 ], [ 85.8068376, 20.2708031 ] ], [ [ 85.8068376, 20.2708031 ], [ 85.8068528, 20.270789 ], [ 85.8069183, 20.2707315 ] ], [ [ 85.8069183, 20.2707315 ], [ 85.8071166, 20.2705576 ] ], [ [ 85.8071166, 20.2705576 ], [ 85.8074254, 20.2702742 ] ] ] } },
{ "type": "Feature", "properties": { "route_id": "R_SYN007", "stop_id": "SYN007" }, "geometry": { "type": "MultiLineString", "coordinates": [ [ [ 85.7956882, 20.2733904 ], [ 85.7956242, 20.2730836 ], [ 85.7955946, 20.2730307 ], [ 85.7955213, 20.2729733 ], [ 85.7955018, 20.2728997 ], [ 85.7957248, 20.2724912 ] ], [ [ 85.7957248, 20.2724912 ], [ 85.7955718, 20.2724278 ], [ 85.7954738, 20.2723002 ], [ 85.7954366, 20.2722518 ], [ 85.7952148, 20.2720054 ] ], [ [ 85.7952148, 20.2720054 ], [ 85.7951966, 20.2719852 ], [ 85.7949362, 20.2717168 ] ], [ [ 85.7949362, 20.2717168 ], [ 85.794791, 20.2717447 ], [ 85.7945393, 20.2717996 ], [ 85.7942273, 20.2719166 ] ], [ [ 85.7942273, 20.2719166 ], [ 85.7941032, 20.2719631 ] ], [ [ 85.7941032, 20.2719631 ], [ 85.7940706, 20.2718488 ], [ 85.7939437, 20.2714805 ] ], [ [ 85.7939437, 20.2714805 ], [ 85.7938778, 20.2712955 ], [ 85.7938188, 20.2711182 ] ], [ [ 85.7938188, 20.2711182 ], [ 85.7937598, 20.2709508 ], [ 85.7936351, 20.2705583 ], [ 85.7934943, 20.2701538 ] ], [ [ 85.7934943, 20.2701538 ], [ 85.793382, 20.2698115 ], [ 85.7930373, 20.2688759 ], [ 85.7927537, 20.2680633 ], [ 85.7923572, 20.2669103 ], [ 85.7920319, 20.265977 ] ], [ [ 85.7920319, 20.265977 ], [ 85.7919973, 20.2658689 ], [ 85.7919839, 20.2658314 ], [ 85.7918189, 20.2653697 ], [ 85.7916588, 20.2649218 ], [ 85.7913477, 20.2640664 ], [ 85.7910216, 20.2630947 ], [ 85.7909187, 20.2628079 ], [ 85.7909052, 20.2627733 ] ], [ [ 85.7909052, 20.2627733 ], [ 85.7905816, 20.2618686 ], [ 85.7903358, 20.261286 ], [ 85.7899126, 20.2604686 ], [ 85.7895572, 20.2598294 ] ], [ [ 85.7895572, 20.2598294 ], [ 85.7894871, 20.2597034 ], [ 85.7893415, 20.2594416 ] ], [ [ 85.7893415, 20.2594416 ], [ 85.7892584, 20.2592922 ] ], [ [ 85.7892584, 20.2592922 ], [ 85.7892076, 20.2592129 ] ], [ [ 85.7892076, 20.2592129 ], [ 85.7891074, 20.2590151 ] ], [ [ 85.7891074, 20.2590151 ], [ 85.7887825, 20.2584232 ], [ 85.7887763, 20.2584118 ] ], [ [ 85.7887763, 20.2584118 ], [ 85.7887049, 20.2582818 ], [ 85.7885828, 20.2580594 ], [ 85.7881167, 20.2572126 ] ], [ [ 85.7881167, 20.2572126 ], [ 85.787863, 20.2567518 ] ], [ [ 85.787863, 20.2567518 ], [ 85.7875605, 20.2562172 ] ], [ [ 85.7875605, 20.2562172 ], [ 85.7872347, 20.2556416 ], [ 85.7871223, 20.2554519 ] ], [ [ 85.7871223, 20.2554519 ], [ 85.7870442, 20.2553201 ], [ 85.7869625, 20.2551822 ], [ 85.7868347, 20.2549664 ], [ 85.7866431, 20.254643 ], [ 85.7865565, 20.2544823 ] ], [ [ 85.7865565, 20.2544823 ], [ 85.7862431, 20.2539006 ] ], [ [ 85.7862431, 20.2539006 ], [ 85.7861054, 20.253645 ], [ 85.7860819, 20.2536015 ], [ 85.7860729, 20.2535854 ] ], [ [ 85.7860729, 20.2535854 ], [ 85.7860284, 20.2535058 ], [ 85.7860071, 20.2534678 ] ], [ [ 85.7860071, 20.2534678 ], [ 85.7857018, 20.2529216 ], [ 85.7853602, 20.2522921 ], [ 85.7845097, 20.2506632 ] ], [ [ 85.7845097, 20.2506632 ], [ 85.7844822, 20.2506056 ], [ 85.7842018, 20.2500421 ] ], [ [ 85.7842018, 20.2500421 ], [ 85.7841731, 20.2499805 ], [ 85.7837688, 20.2492701 ], [ 85.7836741, 20.2490967 ] ], [ [ 85.7836741, 20.2490967 ], [ 85.7836271, 20.2490108 ], [ 85.7836133, 20.2489843 ] ], [ [ 85.7836133, 20.2489843 ], [ 85.7833015, 20.2483863 ], [ 85.7828618, 20.2475523 ], [ 85.7827381, 20.2473218 ] ], [ [ 85.7827381, 20.2473218 ], [ 85.7826985, 20.2472567 ] ], [ [ 85.7826985, 20.2472567 ], [ 85.7824505, 20.2469253 ], [ 85.782377, 20.2468735 ], [ 85.7822221, 20.2466938 ], [ 85.7820804, 20.2465293 ], [ 85.7818822, 20.2463004 ], [ 85.7814744, 20.24595 ] ], [ [ 85.7814744, 20.24595 ], [ 85.7814484, 20.2458723 ], [ 85.7814072, 20.2457991 ] ], [ [ 85.7814072, 20.2457991 ], [ 85.7817354, 20.2455413 ], [ 85.7819043, 20.2453777 ], [ 85.7836691, 20.2441587 ] ], [ [ 85.7836691, 20.2441587 ], [ 85.7838347, 20.2440444 ], [ 85.7841765, 20.243852 ], [ 85.7845411, 20.2437274 ], [ 85.7847501, 20.2436733 ] ], [ [ 85.7847501, 20.2436733 ], [ 85.7848495, 20.2436813 ], [ 85.785178, 20.2436236 ] ], [ [ 85.785178, 20.2436236 ], [ 85.7851967, 20.243738 ], [ 85.7852463, 20.243833 ] ], [ [ 85.7852463, 20.243833 ], [ 85.7852559, 20.2439212 ] ] ] } },
{ "type": "Feature", "properties": { "route_id": "R_SYN008", "stop_id": "SYN008" }, "geometry": { "type": "MultiLineString", "coordinates": [ [ [ 85.7956882, 20.2733904 ], [ 85.7956242, 20.2730836 ], [ 85.7955946, 20.2730307 ], [ 85.7955213, 20.2729733 ], [ 85.7955018, 20.2728997 ], [ 85.7957248, 20.2724912 ] ], [ [ 85.7957248, 20.2724912 ], [ 85.795809, 20.2725261 ], [ 85.7960022, 20.272565 ], [ 85.7961624, 20.2725637 ] ], [ [ 85.7961624, 20.2725637 ], [ 85.7964029, 20.2725288 ], [ 85.7964995, 20.2725038 ], [ 85.7965888, 20.2724875 ], [ 85.7967526, 20.2724499 ], [ 85.7968487, 20.2725038 ], [ 85.7969664, 20.2725134 ], [ 85.7971879, 20.2724894 ] ], [ [ 85.7971879, 20.2724894 ], [ 85.797172, 20.272296 ] ], [ [ 85.797172, 20.272296 ], [ 85.7973646, 20.2723499 ], [ 85.7975134, 20.2723949 ], [ 85.7976709, 20.2723938 ], [ 85.7978406, 20.2723928 ], [ 85.7979713, 20.2724066 ], [ 85.7980724, 20.2724183 ] ], [ [ 85.7980724, 20.2724183 ], [ 85.7980894, 20.2724889 ], [ 85.7981441, 20.2726138 ] ], [ [ 85.7981441, 20.2726138 ], [ 85.7984022, 20.2729489 ], [ 85.7986636, 20.2734028 ], [ 85.798722, 20.273434 ], [ 85.7989328, 20.2735272 ], [ 85.7991862, 20.2737681 ], [ 85.7995137, 20.2739924 ] ], [ [ 85.7995137, 20.2739924 ], [ 85.799999, 20.2742208 ] ], [ [ 85.799999, 20.2742208 ], [ 85.800016, 20.2742288 ], [ 85.8004007, 20.2743246 ] ], [ [ 85.8004007, 20.2743246 ], [ 85.8005615, 20.2745986 ] ], [ [ 85.8005615, 20.2745986 ], [ 85.8008421, 20.2749758 ], [ 85.8010195, 20.2751889 ] ], [ [ 85.8010195, 20.2751889 ], [ 85.8013269, 20.2751855 ] ], [ [ 85.8013269, 20.2751855 ], [ 85.8015809, 20.27517 ], [ 85.8017735, 20.2751686 ] ], [ [ 85.8017735, 20.2751686 ], [ 85.8019562, 20.2751853 ], [ 85.8021852, 20.2751956 ], [ 85.8023173, 20.2751956 ] ], [ [ 85.8023173, 20.2751956 ], [ 85.802482, 20.2752022 ], [ 85.8027718, 20.2752354 ], [ 85.8029086, 20.2752573 ], [ 85.8030419, 20.2753034 ], [ 85.8031804, 20.2753695 ] ], [ [ 85.8031804, 20.2753695 ], [ 85.8035951, 20.2756 ] ], [ [ 85.8035951, 20.2756 ], [ 85.8036496, 20.2757286 ] ], [ [ 85.8036496, 20.2757286 ], [ 85.8037569, 20.27581 ] ], [ [ 85.8037569, 20.27581 ], [ 85.8038438, 20.2757541 ] ], [ [ 85.8038438, 20.2757541 ], [ 85.8039063, 20.2756908 ] ], [ [ 85.8039063, 20.2756908 ], [ 85.8044447, 20.2761777 ] ], [ [ 85.8044447, 20.2761777 ], [ 85.8048084, 20.2765533 ] ], [ [ 85.8048084, 20.2765533 ], [ 85.8056179, 20.275759 ] ], [ [ 85.8056179, 20.275759 ], [ 85.805879, 20.275993 ] ], [ [ 85.805879, 20.275993 ], [ 85.8059388, 20.2760466 ] ], [ [ 85.8059388, 20.2760466 ], [ 85.8065455, 20.2765904 ] ], [ [ 85.8065455, 20.2765904 ], [ 85.8073129, 20.2757883 ] ], [ [ 85.8073129, 20.2757883 ], [ 85.8077573, 20.2753526 ] ], [ [ 85.8077573, 20.2753526 ], [ 85.8081319, 20.2756639 ] ], [ [ 85.8081319, 20.2756639 ], [ 85.8081981, 20.2757214 ] ], [ [ 85.8081981, 20.2757214 ], [ 85.8084939, 20.2759688 ] ], [ [ 85.8084939, 20.2759688 ], [ 85.8088959, 20.2762977 ] ], [ [ 85.8088959, 20.2762977 ], [ 85.8091192, 20.276064 ] ], [ [ 85.8091192, 20.276064 ], [ 85.8100683, 20.2762165 ] ], [ [ 85.8100683, 20.2762165 ], [ 85.8105283, 20.2762778 ] ], [ [ 85.8105283, 20.2762778 ], [ 85.8106658, 20.2763046 ] ], [ [ 85.8106658, 20.2763046 ], [ 85.8114229, 20.2765126 ], [ 85.8115083, 20.2765819 ] ], [ [ 85.8115083, 20.2765819 ], [ 85.8128183, 20.2754121 ] ], [ [ 85.8128183, 20.2754121 ], [ 85.8132091, 20.2756453 ] ], [ [ 85.8132091, 20.2756453 ], [ 85.8136015, 20.2758795 ] ], [ [ 85.8136015, 20.2758795 ], [ 85.8143482, 20.276407 ] ], [ [ 85.8143482, 20.276407 ], [ 85.8149579, 20.2767224 ] ], [ [ 85.8149579, 20.2767224 ], [ 85.8153627, 20.2763678 ] ], [ [ 85.8153627, 20.2763678 ], [ 85.8157651, 20.2760155 ] ], [ [ 85.8157651, 20.2760155 ], [ 85.8162137, 20.2755945 ] ], [ [ 85.8162137, 20.2755945 ], [ 85.8167131, 20.275172 ] ], [ [ 85.8167131, 20.275172 ], [ 85.8173412, 20.2755346 ], [ 85.8174122, 20.2755751 ], [ 85.8174803, 20.2756295 ] ], [ [ 85.8174803, 20.2756295 ], [ 85.8175385, 20.2757489 ] ], [ [ 85.8175385, 20.2757489 ], [ 85.8175825, 20.2757684 ], [ 85.8176661, 20.2757981 ], [ 85.8177926, 20.2758697 ] ], [ [ 85.8177926, 20.2758697 ], [ 85.8178807, 20.27592 ] ], [ [ 85.8178807, 20.27592 ], [ 85.81819, 20.2760966 ], [ 85.8185332, 20.2762913 ] ], [ [ 85.8185332, 20.2762913 ], [ 85.8186821, 20.2763075 ], [ 85.8188389, 20.2762832 ] ], [ [ 85.8188389, 20.2762832 ], [ 85.81907, 20.2761887 ], [ 85.8197894, 20.2758586 ], [ 85.8200229, 20.2757612 ] ], [ [ 85.8200229, 20.2757612 ], [ 85.8215574, 20.2750943 ], [ 85.8225733, 20.2746647 ], [ 85.8242545, 20.2739543 ] ], [ [ 85.8242545, 20.2739543 ], [ 85.8244339, 20.2739595 ], [ 85.8245941, 20.2739912 ], [ 85.8246927, 20.2740288 ], [ 85.8247773, 20.27408 ] ], [ [ 85.8247773, 20.27408 ], [ 85.8249043, 20.2743395 ], [ 85.8254527, 20.27558 ] ], [ [ 85.8254527, 20.27558 ], [ 85.8254926, 20.2756603 ] ], [ [ 85.8254926, 20.2756603 ], [ 85.8255993, 20.2756213 ] ], [ [ 85.8255993, 20.2756213 ], [ 85.8262084, 20.2753956 ], [ 85.8262749, 20.2753342 ] ], [ [ 85.8262749, 20.2753342 ], [ 85.8266012, 20.2752293 ] ], [ [ 85.8266012, 20.2752293 ], [ 85.8271535, 20.2750434 ], [ 85.8277597, 20.2748216 ] ], [ [ 85.8277597, 20.2748216 ], [ 85.8281088, 20.274699 ], [ 85.8300907, 20.2739921 ], [ 85.830683, 20.2737718 ], [ 85.8308804, 20.2737058 ], [ 85.8312393, 20.2735839 ], [ 85.8319399, 20.2733277 ], [ 85.8321039, 20.2732703 ], [ 85.8323623, 20.2731763 ] ], [ [ 85.8323623, 20.2731763 ], [ 85.8327084, 20.2741953 ] ], [ [ 85.8327084, 20.2741953 ], [ 85.832869, 20.2746882 ] ], [ [ 85.832869, 20.2746882 ], [ 85.8330294, 20.2751364 ] ], [ [ 85.8330294, 20.2751364 ], [ 85.8334498, 20.2766065 ] ], [ [ 85.8334498, 20.2766065 ], [ 85.8335845, 20.2771478 ] ], [ [ 85.8335845, 20.2771478 ], [ 85.8338007, 20.2784629 ] ], [ [ 85.8338007, 20.2784629 ], [ 85.8346466, 20.2784757 ] ], [ [ 85.8346466, 20.2784757 ], [ 85.8349741, 20.2784857 ] ], [ [ 85.8349741, 20.2784857 ], [ 85.8350141, 20.2787498 ], [ 85.8350292, 20.2788602 ] ], [ [ 85.8350292, 20.2788602 ], [ 85.8350962, 20.2788561 ] ], [ [ 85.8350962, 20.2788561 ], [ 85.8351042, 20.2789186 ] ], [ [ 85.8351042, 20.2789186 ], [ 85.8364767, 20.2787715 ], [ 85.8366503, 20.2787512 ] ], [ [ 85.8366503, 20.2787512 ], [ 85.8373873, 20.2786973 ] ], [ [ 85.8373873, 20.2786973 ], [ 85.8378352, 20.278637 ], [ 85.8385806, 20.2785593 ], [ 85.8391586, 20.2784973 ] ], [ [ 85.8391586, 20.2784973 ], [ 85.8401148, 20.2783961 ], [ 85.840319, 20.2783713 ], [ 85.8412779, 20.2782546 ] ], [ [ 85.8412779, 20.2782546 ], [ 85.8415681, 20.2782278 ], [ 85.8417473, 20.2782066 ], [ 85.8420169, 20.2781687 ] ], [ [ 85.8420169, 20.2781687 ], [ 85.8426074, 20.2781127 ], [ 85.8434262, 20.2780415 ], [ 85.8435781, 20.2780362 ] ], [ [ 85.8435781, 20.2780362 ], [ 85.8437199, 20.2788712 ] ] ] } },
{ "type": "Feature", "properties": { "route_id": "R_SYN009", "stop_id": "SYN009" }, "geometry": { "type": "MultiLineString", "coordinates": [ [ [ 85.7956882, 20.2733904 ], [ 85.7956242, 20.2730836 ], [ 85.7955946, 20.2730307 ], [ 85.7955213, 20.2729733 ], [ 85.7955018, 20.2728997 ], [ 85.7957248, 20.2724912 ] ], [ [ 85.7957248, 20.2724912 ], [ 85.7955718, 20.2724278 ], [ 85.7954738, 20.2723002 ], [ 85.7954366, 20.2722518 ], [ 85.7952148, 20.2720054 ] ], [ [ 85.7952148, 20.2720054 ], [ 85.7951966, 20.2719852 ], [ 85.7949362, 20.2717168 ] ], [ [ 85.7949362, 20.2717168 ], [ 85.794791, 20.2717447 ], [ 85.7945393, 20.2717996 ], [ 85.7942273, 20.2719166 ] ], [ [ 85.7942273, 20.2719166 ], [ 85.7941032, 20.2719631 ] ], [ [ 85.7941032, 20.2719631 ], [ 85.7940706, 20.2718488 ], [ 85.7939437, 20.2714805 ] ], [ [ 85.7939437, 20.2714805 ], [ 85.7938778, 20.2712955 ], [ 85.7938188, 20.2711182 ] ], [ [ 85.7938188, 20.2711182 ], [ 85.7937598, 20.2709508 ], [ 85.7936351, 20.2705583 ], [ 85.7934943, 20.2701538 ] ], [ [ 85.7934943, 20.2701538 ], [ 85.793382, 20.2698115 ], [ 85.7930373, 20.2688759 ], [ 85.7927537, 20.2680633 ], [ 85.7923572, 20.2669103 ], [ 85.7920319, 20.265977 ] ], [ [ 85.7920319, 20.265977 ], [ 85.7919973, 20.2658689 ], [ 85.7919839, 20.2658314 ], [ 85.7918189, 20.2653697 ], [ 85.7916588, 20.2649218 ], [ 85.7913477, 20.2640664 ], [ 85.7910216, 20.2630947 ], [ 85.7909187, 20.2628079 ], [ 85.7909052, 20.2627733 ] ], [ [ 85.7909052, 20.2627733 ], [ 85.7905816, 20.2618686 ], [ 85.7903358, 20.261286 ], [ 85.7899126, 20.2604686 ], [ 85.7895572, 20.2598294 ] ], [ [ 85.7895572, 20.2598294 ], [ 85.7894871, 20.2597034 ], [ 85.7893415, 20.2594416 ] ], [ [ 85.7893415, 20.2594416 ], [ 85.7892584, 20.2592922 ] ], [ [ 85.7892584, 20.2592922 ], [ 85.7892076, 20.2592129 ] ], [ [ 85.7892076, 20.2592129 ], [ 85.7891074, 20.2590151 ] ], [ [ 85.7891074, 20.2590151 ], [ 85.7887825, 20.2584232 ], [ 85.7887763, 20.2584118 ] ], [ [ 85.7887763, 20.2584118 ], [ 85.7887049, 20.2582818 ], [ 85.7885828, 20.2580594 ], [ 85.7881167, 20.2572126 ] ], [ [ 85.7881167, 20.2572126 ], [ 85.787863, 20.2567518 ] ], [ [ 85.787863, 20.2567518 ], [ 85.7875605, 20.2562172 ] ], [ [ 85.7875605, 20.2562172 ], [ 85.7872347, 20.2556416 ], [ 85.7871223, 20.2554519 ] ], [ [ 85.7871223, 20.2554519 ], [ 85.7870442, 20.2553201 ], [ 85.7869625, 20.2551822 ], [ 85.7868347, 20.2549664 ], [ 85.7866431, 20.254643 ], [ 85.7865565, 20.2544823 ] ], [ [ 85.7865565, 20.2544823 ], [ 85.7862431, 20.2539006 ] ], [ [ 85.7862431, 20.2539006 ], [ 85.7861054, 20.253645 ], [ 85.7860819, 20.2536015 ], [ 85.7860729, 20.2535854 ] ], [ [ 85.7860729, 20.2535854 ], [ 85.7860284, 20.2535058 ], [ 85.7860071, 20.2534678 ] ], [ [ 85.7860071, 20.2534678 ], [ 85.7856718, 20.2536531 ] ], [ [ 85.7856718, 20.2536531 ], [ 85.7857125, 20.2537542 ] ], [ [ 85.7857125, 20.2537542 ], [ 85.7867111, 20.255483 ] ], [ [ 85.7867111, 20.255483 ], [ 85.786876, 20.2557867 ] ], [ [ 85.786876, 20.2557867 ], [ 85.7871803, 20.2563468 ] ], [ [ 85.7871803, 20.2563468 ], [ 85.7878145, 20.2575157 ] ], [ [ 85.7878145, 20.2575157 ], [ 85.7878778, 20.2576276 ], [ 85.787989, 20.2578226 ], [ 85.7881128, 20.2580376 ] ], [ [ 85.7881128, 20.2580376 ], [ 85.7879964, 20.2580943 ], [ 85.7879626, 20.2581316 ], [ 85.7879606, 20.2581894 ], [ 85.7879885, 20.2582863 ], [ 85.7879825, 20.2583609 ], [ 85.7875037, 20.2585212 ] ] ] } },
{ "type": "Feature", "properties": { "route_id": "R_SYN010", "stop_id": "SYN010" }, "geometry": { "type": "MultiLineString", "coordinates": [ [ [ 85.7956882, 20.2733904 ], [ 85.7956242, 20.2730836 ], [ 85.7955946, 20.2730307 ], [ 85.7955213, 20.2729733 ], [ 85.7955018, 20.2728997 ], [ 85.7957248, 20.2724912 ] ], [ [ 85.7957248, 20.2724912 ], [ 85.795809, 20.2725261 ], [ 85.7960022, 20.272565 ], [ 85.7961624, 20.2725637 ] ], [ [ 85.7961624, 20.2725637 ], [ 85.7964029, 20.2725288 ], [ 85.7964995, 20.2725038 ], [ 85.7965888, 20.2724875 ], [ 85.7967526, 20.2724499 ], [ 85.7968487, 20.2725038 ], [ 85.7969664, 20.2725134 ], [ 85.7971879, 20.2724894 ] ], [ [ 85.7971879, 20.2724894 ], [ 85.797172, 20.272296 ] ], [ [ 85.797172, 20.272296 ], [ 85.7972477, 20.2717737 ] ], [ [ 85.7972477, 20.2717737 ], [ 85.7975255, 20.2717888 ], [ 85.7977045, 20.2717707 ], [ 85.7978663, 20.2717358 ] ], [ [ 85.7978663, 20.2717358 ], [ 85.7981349, 20.271675 ] ], [ [ 85.7981349, 20.271675 ], [ 85.7983505, 20.2716077 ], [ 85.7984191, 20.2715274 ], [ 85.7984898, 20.2714498 ] ], [ [ 85.7984898, 20.2714498 ], [ 85.7986237, 20.2714557 ], [ 85.798756, 20.2714805 ], [ 85.7989082, 20.271465 ], [ 85.7989942, 20.2714246 ], [ 85.7990505, 20.2712074 ], [ 85.7990802, 20.2710119 ], [ 85.7992192, 20.2709343 ], [ 85.7993081, 20.2708896 ] ], [ [ 85.7993081, 20.2708896 ], [ 85.7994044, 20.2708412 ], [ 85.7995401, 20.2707512 ], [ 85.7996129, 20.2706798 ], [ 85.7999083, 20.2705607 ], [ 85.7997176, 20.2699327 ] ], [ [ 85.7997176, 20.2699327 ], [ 85.799982, 20.2697882 ] ], [ [ 85.799982, 20.2697882 ], [ 85.8001269, 20.2696868 ], [ 85.8005527, 20.2696131 ] ], [ [ 85.8005527, 20.2696131 ], [ 85.800667, 20.2698519 ] ], [ [ 85.800667, 20.2698519 ], [ 85.801248, 20.2693828 ], [ 85.8014922, 20.2691786 ], [ 85.801763, 20.2689876 ], [ 85.8019317, 20.268979 ] ], [ [ 85.8019317, 20.268979 ], [ 85.8023185, 20.2694218 ] ], [ [ 85.8023185, 20.2694218 ], [ 85.8029987, 20.2690059 ], [ 85.8032486, 20.2687671 ] ], [ [ 85.8032486, 20.2687671 ], [ 85.803749, 20.2690569 ], [ 85.8041913, 20.269319 ] ], [ [ 85.8041913, 20.269319 ], [ 85.8052733, 20.2698734 ] ], [ [ 85.8052733, 20.2698734 ], [ 85.8059109, 20.2702311 ], [ 85.8060087, 20.2702905 ], [ 85.8065427, 20.270607 ], [ 85.8067635, 20.2707515 ] ], [ [ 85.8067635, 20.2707515 ], [ 85.8068376, 20.2708031 ] ], [ [ 85.8068376, 20.2708031 ], [ 85.8068528, 20.270789 ], [ 85.8069183, 20.2707315 ] ], [ [ 85.8069183, 20.2707315 ], [ 85.8071166, 20.2705576 ] ], [ [ 85.8071166, 20.2705576 ], [ 85.8074254, 20.2702742 ] ], [ [ 85.8074254, 20.2702742 ], [ 85.80776, 20.2699615 ] ], [ [ 85.80776, 20.2699615 ], [ 85.8091807, 20.2686525 ], [ 85.8095826, 20.2682949 ], [ 85.8097477, 20.2681471 ], [ 85.8100499, 20.2678704 ], [ 85.8107237, 20.2672454 ], [ 85.8108664, 20.2671111 ] ], [ [ 85.8108664, 20.2671111 ], [ 85.8113638, 20.2666499 ], [ 85.8123276, 20.2657389 ], [ 85.8132396, 20.2648859 ], [ 85.8140228, 20.2641764 ], [ 85.8143017, 20.2639273 ] ], [ [ 85.8143017, 20.2639273 ], [ 85.8146504, 20.2636278 ], [ 85.8147825, 20.2635196 ], [ 85.8151144, 20.2632479 ], [ 85.8152191, 20.26319 ], [ 85.8153371, 20.2631523 ], [ 85.8157475, 20.263034 ], [ 85.8159513, 20.262961 ], [ 85.8161444, 20.2628554 ], [ 85.8162571, 20.2627748 ], [ 85.8163965, 20.262644 ], [ 85.8166272, 20.2623873 ], [ 85.8168065, 20.2621608 ] ], [ [ 85.8168065, 20.2621608 ], [ 85.8168364, 20.2621231 ], [ 85.8170215, 20.2619168 ], [ 85.8176304, 20.2612601 ], [ 85.818199, 20.2606562 ], [ 85.8183921, 20.2604725 ], [ 85.8185799, 20.260324 ], [ 85.8187837, 20.260163 ], [ 85.8190314, 20.2599923 ] ], [ [ 85.8190314, 20.2599923 ], [ 85.8195213, 20.2596547 ], [ 85.8204467, 20.2590256 ], [ 85.8205486, 20.2589565 ] ], [ [ 85.8205486, 20.2589565 ], [ 85.8212513, 20.2584846 ], [ 85.8214069, 20.2583915 ], [ 85.8218137, 20.2581376 ] ], [ [ 85.8218137, 20.2581376 ], [ 85.8226644, 20.2576068 ], [ 85.8227994, 20.257528 ] ], [ [ 85.8227994, 20.257528 ], [ 85.8229022, 20.2574603 ] ], [ [ 85.8229022, 20.2574603 ], [ 85.8231006, 20.2572665 ] ], [ [ 85.8231006, 20.2572665 ], [ 85.8231126, 20.2572589 ], [ 85.8243384, 20.2564832 ] ], [ [ 85.8243384, 20.2564832 ], [ 85.8247717, 20.2562338 ] ], [ [ 85.8247717, 20.2562338 ], [ 85.8251583, 20.2560163 ], [ 85.8251975, 20.2559942 ], [ 85.8255094, 20.2558578 ], [ 85.8258399, 20.2557388 ] ], [ [ 85.8258399, 20.2557388 ], [ 85.826009, 20.2556624 ] ], [ [ 85.826009, 20.2556624 ], [ 85.8261192, 20.2556678 ], [ 85.8261665, 20.2556521 ] ], [ [ 85.8261665, 20.2556521 ], [ 85.8262548, 20.2556229 ] ], [ [ 85.8262548, 20.2556229 ], [ 85.8270266, 20.2553676 ], [ 85.8280256, 20.255021 ] ], [ [ 85.8280256, 20.255021 ], [ 85.8282284, 20.2549506 ], [ 85.8295715, 20.2545123 ] ], [ [ 85.8295715, 20.2545123 ], [ 85.8300333, 20.2543955 ] ], [ [ 85.8300333, 20.2543955 ], [ 85.8301847, 20.2543759 ], [ 85.8303481, 20.2543838 ], [ 85.8305528, 20.2544252 ], [ 85.830724, 20.2544748 ], [ 85.8308652, 20.2545228 ], [ 85.8310356, 20.2545988 ], [ 85.8311988, 20.2547065 ], [ 85.8313671, 20.2548522 ] ], [ [ 85.8313671, 20.2548522 ], [ 85.8315215, 20.2549858 ], [ 85.8316413, 20.255126 ], [ 85.8317285, 20.2552445 ] ], [ [ 85.8317285, 20.2552445 ], [ 85.8318428, 20.2553966 ] ], [ [ 85.8318428, 20.2553966 ], [ 85.8319575, 20.2553181 ] ], [ [ 85.8319575, 20.2553181 ], [ 85.8318313, 20.2551453 ] ], [ [ 85.8318313, 20.2551453 ], [ 85.832043, 20.2549714 ], [ 85.8323944, 20.2547388 ], [ 85.8325821, 20.2546583 ], [ 85.8328163, 20.2545124 ], [ 85.8338679, 20.2537592 ], [ 85.834613, 20.2532294 ], [ 85.834798, 20.2531219 ], [ 85.8350014, 20.2530289 ], [ 85.8357905, 20.2527619 ], [ 85.8358819, 20.252737 ], [ 85.8359534, 20.2527176 ], [ 85.8360802, 20.252694 ], [ 85.8361731, 20.2526742 ] ], [ [ 85.8361731, 20.2526742 ], [ 85.8362326, 20.2526789 ] ], [ [ 85.8362326, 20.2526789 ], [ 85.8362975, 20.2527072 ] ], [ [ 85.8362975, 20.2527072 ], [ 85.8363182, 20.2527126 ], [ 85.8363619, 20.2526991 ], [ 85.8363849, 20.2526883 ], [ 85.8363958, 20.2526608 ], [ 85.8363969, 20.252628 ], [ 85.8363768, 20.252601 ] ], [ [ 85.8363768, 20.252601 ], [ 85.8363908, 20.2525209 ] ], [ [ 85.8363908, 20.2525209 ], [ 85.8372638, 20.252311 ] ], [ [ 85.8372638, 20.252311 ], [ 85.8375052, 20.2522507 ], [ 85.8391123, 20.2518971 ] ], [ [ 85.8391123, 20.2518971 ], [ 85.8390541, 20.2509233 ], [ 85.8390047, 20.2501364 ] ], [ [ 85.8390047, 20.2501364 ], [ 85.8395314, 20.2500987 ] ], [ [ 85.8395314, 20.2500987 ], [ 85.8399804, 20.250089 ] ], [ [ 85.8399804, 20.250089 ], [ 85.8408, 20.2500828 ], [ 85.8408386, 20.2500825 ], [ 85.8411755, 20.25008 ] ], [ [ 85.8411755, 20.25008 ], [ 85.8412658, 20.2500811 ] ], [ [ 85.8412658, 20.2500811 ], [ 85.8420186, 20.2500907 ] ], [ [ 85.8420186, 20.2500907 ], [ 85.8420449, 20.2486628 ] ], [ [ 85.8420449, 20.2486628 ], [ 85.8420155, 20.2485516 ], [ 85.84158, 20.2485389 ] ] ] } },
{ "type": "Feature", "properties": { "route_id": "R_SYN011", "stop_id": "SYN011" }, "geometry": { "type": "MultiLineString", "coordinates": [ [ [ 85.7956882, 20.2733904 ], [ 85.7956242, 20.2730836 ], [ 85.7955946, 20.2730307 ], [ 85.7955213, 20.2729733 ], [ 85.7955018, 20.2728997 ], [ 85.7957248, 20.2724912 ] ], [ [ 85.7957248, 20.2724912 ], [ 85.795809, 20.2725261 ], [ 85.7960022, 20.272565 ], [ 85.7961624, 20.2725637 ] ], [ [ 85.7961624, 20.2725637 ], [ 85.7964029, 20.2725288 ], [ 85.7964995, 20.2725038 ], [ 85.7965888, 20.2724875 ], [ 85.7967526, 20.2724499 ], [ 85.7968487, 20.2725038 ], [ 85.7969664, 20.2725134 ], [ 85.7971879, 20.2724894 ] ], [ [ 85.7971879, 20.2724894 ], [ 85.797172, 20.272296 ] ], [ [ 85.797172, 20.272296 ], [ 85.7972477, 20.2717737 ] ], [ [ 85.7972477, 20.2717737 ], [ 85.7972829, 20.2716076 ], [ 85.7973396, 20.2714517 ] ], [ [ 85.7973396, 20.2714517 ], [ 85.7976219, 20.2705684 ] ], [ [ 85.7976219, 20.2705684 ], [ 85.7974156, 20.2701011 ] ], [ [ 85.7974156, 20.2701011 ], [ 85.7976264, 20.2698867 ], [ 85.7978678, 20.2696496 ] ], [ [ 85.7978678, 20.2696496 ], [ 85.7981696, 20.2694607 ] ], [ [ 85.7981696, 20.2694607 ], [ 85.798306, 20.2694218 ], [ 85.7983863, 20.2693967 ] ], [ [ 85.7983863, 20.2693967 ], [ 85.7985011, 20.2693608 ], [ 85.7990672, 20.2692097 ] ], [ [ 85.7990672, 20.2692097 ], [ 85.7990842, 20.269153 ], [ 85.7993499, 20.268549 ], [ 85.7994669, 20.2683272 ], [ 85.7997945, 20.2677534 ] ], [ [ 85.7997945, 20.2677534 ], [ 85.7997838, 20.2676623 ], [ 85.7997625, 20.267567 ] ], [ [ 85.7997625, 20.267567 ], [ 85.7996497, 20.2670635 ] ], [ [ 85.7996497, 20.2670635 ], [ 85.7996283, 20.2668118 ], [ 85.7996832, 20.266337 ] ], [ [ 85.7996832, 20.266337 ], [ 85.7997636, 20.2662554 ] ], [ [ 85.7997636, 20.2662554 ], [ 85.7998433, 20.2661769 ] ], [ [ 85.7998433, 20.2661769 ], [ 85.7998219, 20.2661302 ], [ 85.7997731, 20.2659815 ], [ 85.7995495, 20.2650872 ], [ 85.7994428, 20.2646202 ], [ 85.7994361, 20.2646005 ], [ 85.7993844, 20.2644498 ], [ 85.7993283, 20.264338 ], [ 85.7990645, 20.2638255 ], [ 85.7989991, 20.2636809 ] ], [ [ 85.7989991, 20.2636809 ], [ 85.7989664, 20.2635758 ], [ 85.7989291, 20.2633326 ], [ 85.7988229, 20.2622257 ], [ 85.798782, 20.2616976 ], [ 85.7987784, 20.2610302 ], [ 85.7987652, 20.2603764 ] ], [ [ 85.7987652, 20.2603764 ], [ 85.7987618, 20.2602104 ], [ 85.7987614, 20.2601663 ], [ 85.7987583, 20.2598651 ], [ 85.7987484, 20.2596743 ] ], [ [ 85.7987484, 20.2596743 ], [ 85.798737, 20.2594567 ], [ 85.7987304, 20.2592273 ] ], [ [ 85.7987304, 20.2592273 ], [ 85.7987194, 20.2588491 ], [ 85.7987156, 20.258782 ] ], [ [ 85.7987156, 20.258782 ], [ 85.7986956, 20.2584313 ] ], [ [ 85.7986956, 20.2584313 ], [ 85.7986802, 20.2581606 ] ], [ [ 85.7986802, 20.2581606 ], [ 85.798677, 20.2581052 ], [ 85.7986592, 20.2577932 ], [ 85.7986429, 20.2572478 ] ], [ [ 85.7986429, 20.2572478 ], [ 85.7986412, 20.2571922 ], [ 85.7986358, 20.2570111 ] ], [ [ 85.7986358, 20.2570111 ], [ 85.7986309, 20.2568469 ], [ 85.7985565, 20.2561967 ] ], [ [ 85.7985565, 20.2561967 ], [ 85.7985904, 20.25619 ], [ 85.7990022, 20.2560939 ], [ 85.7997103, 20.255841 ], [ 85.8002923, 20.2555743 ], [ 85.8006477, 20.2553717 ], [ 85.8010796, 20.2551578 ], [ 85.8014779, 20.2549829 ], [ 85.8016395, 20.2549073 ] ], [ [ 85.8016395, 20.2549073 ], [ 85.802139, 20.254681 ], [ 85.8024394, 20.2545463 ], [ 85.8029491, 20.254335 ], [ 85.8033259, 20.254179 ], [ 85.8036277, 20.2540557 ], [ 85.8038533, 20.2540048 ], [ 85.8039568, 20.2539805 ], [ 85.8040628, 20.2539628 ], [ 85.8041581, 20.2539522 ], [ 85.8042776, 20.2539431 ], [ 85.8043639, 20.2539529 ], [ 85.804535, 20.2540091 ], [ 85.8048082, 20.254131 ] ], [ [ 85.8048082, 20.254131 ], [ 85.804842, 20.2541335 ], [ 85.8048748, 20.2541225 ], [ 85.8049279, 20.2540928 ], [ 85.8050325, 20.2540324 ], [ 85.8052526, 20.2538991 ], [ 85.8054686, 20.2537607 ] ], [ [ 85.8054686, 20.2537607 ], [ 85.8054476, 20.2536954 ], [ 85.8054076, 20.253565 ], [ 85.8053903, 20.2534901 ], [ 85.8053643, 20.2534064 ] ], [ [ 85.8053643, 20.2534064 ], [ 85.8053106, 20.2534292 ] ], [ [ 85.8053106, 20.2534292 ], [ 85.8052017, 20.2529761 ], [ 85.8051786, 20.2525787 ], [ 85.8051557, 20.2523338 ] ], [ [ 85.8051557, 20.2523338 ], [ 85.805101, 20.2517499 ] ], [ [ 85.805101, 20.2517499 ], [ 85.8054042, 20.2517238 ] ], [ [ 85.8054042, 20.2517238 ], [ 85.805646, 20.25172 ] ], [ [ 85.805646, 20.25172 ], [ 85.8058244, 20.2517188 ], [ 85.8061047, 20.2517214 ] ], [ [ 85.8061047, 20.2517214 ], [ 85.8060992, 20.2514752 ], [ 85.8060992, 20.2510871 ] ], [ [ 85.8060992, 20.2510871 ], [ 85.8061158, 20.250727 ], [ 85.8061265, 20.2506621 ] ], [ [ 85.8061265, 20.2506621 ], [ 85.8061812, 20.2503303 ] ], [ [ 85.8061812, 20.2503303 ], [ 85.8062018, 20.2502053 ], [ 85.8062945, 20.2496651 ] ], [ [ 85.8062945, 20.2496651 ], [ 85.8063772, 20.2492925 ], [ 85.806425, 20.2490284 ] ], [ [ 85.806425, 20.2490284 ], [ 85.8064857, 20.2486931 ] ], [ [ 85.8064857, 20.2486931 ], [ 85.8065181, 20.2483057 ] ], [ [ 85.8065181, 20.2483057 ], [ 85.8065587, 20.2480964 ] ], [ [ 85.8065587, 20.2480964 ], [ 85.8051034, 20.2479613 ] ], [ [ 85.8051034, 20.2479613 ], [ 85.8048751, 20.2479401 ], [ 85.804861, 20.2478577 ], [ 85.8048294, 20.2475414 ] ], [ [ 85.8048294, 20.2475414 ], [ 85.8047052, 20.2475414 ], [ 85.8045662, 20.2476113 ], [ 85.8044506, 20.247761 ], [ 85.8043983, 20.2477648 ] ], [ [ 85.8043983, 20.2477648 ], [ 85.8035722, 20.2478253 ] ], [ [ 85.8035722, 20.2478253 ], [ 85.8028592, 20.2479276 ], [ 85.8026196, 20.2479794 ], [ 85.802474, 20.248011 ], [ 85.8024362, 20.2480147 ], [ 85.8023891, 20.2480095 ], [ 85.8023466, 20.2479981 ], [ 85.8022414, 20.2479393 ] ] ] } },
{ "type": "Feature", "properties": { "route_id": "R_SYN012", "stop_id": "SYN012" }, "geometry": { "type": "MultiLineString", "coordinates": [ [ [ 85.7956882, 20.2733904 ], [ 85.7956242, 20.2730836 ], [ 85.7955946, 20.2730307 ], [ 85.7955213, 20.2729733 ], [ 85.7955018, 20.2728997 ], [ 85.7957248, 20.2724912 ] ], [ [ 85.7957248, 20.2724912 ], [ 85.795809, 20.2725261 ], [ 85.7960022, 20.272565 ], [ 85.7961624, 20.2725637 ] ], [ [ 85.7961624, 20.2725637 ], [ 85.7964029, 20.2725288 ], [ 85.7964995, 20.2725038 ], [ 85.7965888, 20.2724875 ], [ 85.7967526, 20.2724499 ], [ 85.7968487, 20.2725038 ], [ 85.7969664, 20.2725134 ], [ 85.7971879, 20.2724894 ] ], [ [ 85.7971879, 20.2724894 ], [ 85.797172, 20.272296 ] ], [ [ 85.797172, 20.272296 ], [ 85.7973646, 20.2723499 ], [ 85.7975134, 20.2723949 ], [ 85.7976709, 20.2723938 ], [ 85.7978406, 20.2723928 ], [ 85.7979713, 20.2724066 ], [ 85.7980724, 20.2724183 ] ], [ [ 85.7980724, 20.2724183 ], [ 85.7980894, 20.2724889 ], [ 85.7981441, 20.2726138 ] ], [ [ 85.7981441, 20.2726138 ], [ 85.7984022, 20.2729489 ], [ 85.7986636, 20.2734028 ], [ 85.798722, 20.273434 ], [ 85.7989328, 20.2735272 ], [ 85.7991862, 20.2737681 ], [ 85.7995137, 20.2739924 ] ], [ [ 85.7995137, 20.2739924 ], [ 85.799999, 20.2742208 ] ], [ [ 85.799999, 20.2742208 ], [ 85.800016, 20.2742288 ], [ 85.8004007, 20.2743246 ] ], [ [ 85.8004007, 20.2743246 ], [ 85.8005615, 20.2745986 ] ], [ [ 85.8005615, 20.2745986 ], [ 85.8008421, 20.2749758 ], [ 85.8010195, 20.2751889 ] ], [ [ 85.8010195, 20.2751889 ], [ 85.8013269, 20.2751855 ] ], [ [ 85.8013269, 20.2751855 ], [ 85.8015809, 20.27517 ], [ 85.8017735, 20.2751686 ] ], [ [ 85.8017735, 20.2751686 ], [ 85.8019562, 20.2751853 ], [ 85.8021852, 20.2751956 ], [ 85.8023173, 20.2751956 ] ], [ [ 85.8023173, 20.2751956 ], [ 85.802482, 20.2752022 ], [ 85.8027718, 20.2752354 ], [ 85.8029086, 20.2752573 ], [ 85.8030419, 20.2753034 ], [ 85.8031804, 20.2753695 ] ], [ [ 85.8031804, 20.2753695 ], [ 85.8035951, 20.2756 ] ], [ [ 85.8035951, 20.2756 ], [ 85.8036496, 20.2757286 ] ], [ [ 85.8036496, 20.2757286 ], [ 85.8037569, 20.27581 ] ], [ [ 85.8037569, 20.27581 ], [ 85.8040261, 20.2760246 ] ], [ [ 85.8040261, 20.2760246 ], [ 85.8041889, 20.2761741 ], [ 85.8044882, 20.2764697 ] ], [ [ 85.8044882, 20.2764697 ], [ 85.8054861, 20.2774676 ], [ 85.8055858, 20.2775696 ] ], [ [ 85.8055858, 20.2775696 ], [ 85.806398, 20.278396 ], [ 85.8065197, 20.2785206 ] ], [ [ 85.8065197, 20.2785206 ], [ 85.8070385, 20.2790515 ] ], [ [ 85.8070385, 20.2790515 ], [ 85.8079276, 20.2799384 ], [ 85.8084043, 20.2804138 ], [ 85.8090417, 20.2810557 ], [ 85.8101485, 20.2821703 ] ], [ [ 85.8101485, 20.2821703 ], [ 85.8100801, 20.2822425 ], [ 85.8096838, 20.2827116 ], [ 85.80891, 20.283598 ], [ 85.8088058, 20.2837211 ] ], [ [ 85.8088058, 20.2837211 ], [ 85.8087489, 20.2838052 ] ], [ [ 85.8087489, 20.2838052 ], [ 85.8083563, 20.2842239 ], [ 85.8080659, 20.2845301 ], [ 85.8079704, 20.2846143 ] ], [ [ 85.8079704, 20.2846143 ], [ 85.8078263, 20.2847413 ] ], [ [ 85.8078263, 20.2847413 ], [ 85.8077594, 20.2848166 ], [ 85.807691, 20.2848967 ], [ 85.8075977, 20.28501 ] ], [ [ 85.8075977, 20.28501 ], [ 85.807673, 20.2850486 ] ], [ [ 85.807673, 20.2850486 ], [ 85.808039, 20.2852786 ] ], [ [ 85.808039, 20.2852786 ], [ 85.8081644, 20.2853574 ] ], [ [ 85.8081644, 20.2853574 ], [ 85.8083484, 20.285473 ], [ 85.8098007, 20.2863515 ] ], [ [ 85.8098007, 20.2863515 ], [ 85.8099872, 20.2864643 ], [ 85.8102727, 20.2866269 ] ], [ [ 85.8102727, 20.2866269 ], [ 85.8107166, 20.2868997 ] ], [ [ 85.8107166, 20.2868997 ], [ 85.8107815, 20.2869308 ], [ 85.8119452, 20.2876321 ], [ 85.8129904, 20.2882798 ] ], [ [ 85.8129904, 20.2882798 ], [ 85.8133681, 20.2884959 ], [ 85.8140213, 20.2889173 ], [ 85.8142814, 20.2890851 ], [ 85.8148849, 20.2894531 ], [ 85.8154872, 20.2898326 ] ], [ [ 85.8154872, 20.2898326 ], [ 85.8163308, 20.2903155 ], [ 85.816802, 20.2906055 ], [ 85.817054, 20.2907557 ] ], [ [ 85.817054, 20.2907557 ], [ 85.818041, 20.2913513 ], [ 85.8182813, 20.2913942 ] ], [ [ 85.8182813, 20.2913942 ], [ 85.8186578, 20.2916106 ], [ 85.8190404, 20.2918509 ], [ 85.8191979, 20.2919537 ], [ 85.8193481, 20.2920543 ] ], [ [ 85.8193481, 20.2920543 ], [ 85.8194312, 20.2922178 ], [ 85.8194936, 20.2923015 ], [ 85.8196116, 20.2924053 ] ], [ [ 85.8196116, 20.2924053 ], [ 85.8197632, 20.2925053 ], [ 85.8201246, 20.2927137 ], [ 85.8211166, 20.2933258 ], [ 85.8220436, 20.2938827 ] ], [ [ 85.8220436, 20.2938827 ], [ 85.8224319, 20.294116 ], [ 85.8226638, 20.2942545 ] ], [ [ 85.8226638, 20.2942545 ], [ 85.8231079, 20.2945342 ] ], [ [ 85.8231079, 20.2945342 ], [ 85.8234946, 20.2947735 ], [ 85.8240815, 20.2951377 ] ], [ [ 85.8240815, 20.2951377 ], [ 85.8244504, 20.2953703 ], [ 85.8245589, 20.2954372 ], [ 85.8247124, 20.2955303 ] ], [ [ 85.8247124, 20.2955303 ], [ 85.8247025, 20.2955656 ] ], [ [ 85.8247025, 20.2955656 ], [ 85.8246141, 20.2958931 ], [ 85.8245702, 20.2960542 ] ], [ [ 85.8245702, 20.2960542 ], [ 85.8245486, 20.2961056 ], [ 85.8242981, 20.2969703 ] ], [ [ 85.8242981, 20.2969703 ], [ 85.8242557, 20.2971165 ] ], [ [ 85.8242557, 20.2971165 ], [ 85.824194, 20.2973251 ], [ 85.8239658, 20.2980723 ] ], [ [ 85.8239658, 20.2980723 ], [ 85.823863, 20.2984064 ], [ 85.8238226, 20.298541 ], [ 85.8236657, 20.2990395 ], [ 85.8235865, 20.2993139 ] ], [ [ 85.8235865, 20.2993139 ], [ 85.8234345, 20.2998032 ] ], [ [ 85.8234345, 20.2998032 ], [ 85.8228764, 20.3015996 ] ], [ [ 85.8228764, 20.3015996 ], [ 85.8227502, 20.3020402 ], [ 85.8226004, 20.3025285 ], [ 85.8222291, 20.3037905 ], [ 85.82202, 20.30449 ], [ 85.8219453, 20.304701 ], [ 85.8218668, 20.3049595 ], [ 85.8217533, 20.3052942 ], [ 85.82161, 20.30561 ], [ 85.8212043, 20.3061952 ], [ 85.8210089, 20.306477 ], [ 85.8208928, 20.3066437 ] ], [ [ 85.8208928, 20.3066437 ], [ 85.8208678, 20.3066735 ], [ 85.8205799, 20.3071006 ], [ 85.8204073, 20.3074258 ], [ 85.8202784, 20.3077002 ], [ 85.8202201, 20.3078278 ] ], [ [ 85.8202201, 20.3078278 ], [ 85.8201813, 20.3079128 ] ], [ [ 85.8201813, 20.3079128 ], [ 85.8200831, 20.3082094 ], [ 85.8200192, 20.3084887 ], [ 85.8200045, 20.3087096 ], [ 85.8200258, 20.3090499 ], [ 85.8200307, 20.3092353 ], [ 85.8200299, 20.309461 ], [ 85.8201037, 20.3099903 ], [ 85.8201079, 20.3100643 ], [ 85.8201242, 20.3107297 ] ], [ [ 85.8201242, 20.3107297 ], [ 85.8201265, 20.3108238 ] ], [ [ 85.8201265, 20.3108238 ], [ 85.820147, 20.3116432 ], [ 85.820163, 20.3122847 ] ], [ [ 85.820163, 20.3122847 ], [ 85.8201712, 20.3126123 ] ], [ [ 85.8201712, 20.3126123 ], [ 85.8201777, 20.312915 ], [ 85.8201964, 20.3137928 ], [ 85.8202, 20.31396 ], [ 85.8201968, 20.3146496 ] ], [ [ 85.8201968, 20.3146496 ], [ 85.82022, 20.31475 ] ], [ [ 85.82022, 20.31475 ], [ 85.8202727, 20.3160629 ], [ 85.8202909, 20.3164666 ], [ 85.8203154, 20.3170605 ], [ 85.8203244, 20.3172774 ] ], [ [ 85.8203244, 20.3172774 ], [ 85.8203287, 20.3178233 ], [ 85.8203179, 20.3187092 ] ], [ [ 85.8203179, 20.3187092 ], [ 85.8200623, 20.3187365 ] ], [ [ 85.8200623, 20.3187365 ], [ 85.820068, 20.3188734 ] ], [ [ 85.820068, 20.3188734 ], [ 85.8200746, 20.3192129 ] ], [ [ 85.8200746, 20.3192129 ], [ 85.8188652, 20.3204563 ] ], [ [ 85.8188652, 20.3204563 ], [ 85.8188787, 20.3206698 ] ], [ [ 85.8188787, 20.3206698 ], [ 85.8188717, 20.320849 ] ], [ [ 85.8188717, 20.320849 ], [ 85.8188737, 20.3211658 ] ], [ [ 85.8188737, 20.3211658 ], [ 85.8188692, 20.3212899 ] ], [ [ 85.8188692, 20.3212899 ], [ 85.8185409, 20.3213037 ] ], [ [ 85.8185409, 20.3213037 ], [ 85.8181931, 20.3213183 ] ], [ [ 85.8181931, 20.3213183 ], [ 85.8179775, 20.3213273 ], [ 85.817787, 20.3213309 ] ], [ [ 85.817787, 20.3213309 ], [ 85.8174545, 20.3213373 ] ], [ [ 85.8174545, 20.3213373 ], [ 85.816997, 20.3213846 ] ], [ [ 85.816997, 20.3213846 ], [ 85.8163502, 20.3214983 ], [ 85.8161965, 20.3215235 ], [ 85.8157934, 20.3215793 ], [ 85.8151201, 20.3216303 ], [ 85.8145547, 20.3217212 ], [ 85.8138448, 20.3218353 ], [ 85.8135288, 20.3218837 ] ], [ [ 85.8135288, 20.3218837 ], [ 85.8132369, 20.3210474 ], [ 85.8131894, 20.3209909 ], [ 85.8131453, 20.3209567 ], [ 85.8124992, 20.3210264 ], [ 85.8124478, 20.3210512 ], [ 85.8124456, 20.3210852 ], [ 85.8126425, 20.3213961 ] ] ] } },
{ "type": "Feature", "properties": { "route_id": "R_SYN013", "stop_id": "SYN013" }, "geometry": { "type": "MultiLineString", "coordinates": [ [ [ 85.7956882, 20.2733904 ], [ 85.7956242, 20.2730836 ], [ 85.7955946, 20.2730307 ], [ 85.7955213, 20.2729733 ], [ 85.7955018, 20.2728997 ], [ 85.7957248, 20.2724912 ] ], [ [ 85.7957248, 20.2724912 ], [ 85.795809, 20.2725261 ], [ 85.7960022, 20.272565 ], [ 85.7961624, 20.2725637 ] ], [ [ 85.7961624, 20.2725637 ], [ 85.7964029, 20.2725288 ], [ 85.7964995, 20.2725038 ], [ 85.7965888, 20.2724875 ], [ 85.7967526, 20.2724499 ], [ 85.7968487, 20.2725038 ], [ 85.7969664, 20.2725134 ], [ 85.7971879, 20.2724894 ] ], [ [ 85.7971879, 20.2724894 ], [ 85.797172, 20.272296 ] ], [ [ 85.797172, 20.272296 ], [ 85.7973646, 20.2723499 ], [ 85.7975134, 20.2723949 ], [ 85.7976709, 20.2723938 ], [ 85.7978406, 20.2723928 ], [ 85.7979713, 20.2724066 ], [ 85.7980724, 20.2724183 ] ], [ [ 85.7980724, 20.2724183 ], [ 85.7980894, 20.2724889 ], [ 85.7981441, 20.2726138 ] ], [ [ 85.7981441, 20.2726138 ], [ 85.7984022, 20.2729489 ], [ 85.7986636, 20.2734028 ], [ 85.798722, 20.273434 ], [ 85.7989328, 20.2735272 ], [ 85.7991862, 20.2737681 ], [ 85.7995137, 20.2739924 ] ], [ [ 85.7995137, 20.2739924 ], [ 85.799999, 20.2742208 ] ], [ [ 85.799999, 20.2742208 ], [ 85.800016, 20.2742288 ], [ 85.8004007, 20.2743246 ] ], [ [ 85.8004007, 20.2743246 ], [ 85.8005615, 20.2745986 ] ], [ [ 85.8005615, 20.2745986 ], [ 85.8008421, 20.2749758 ], [ 85.8010195, 20.2751889 ] ], [ [ 85.8010195, 20.2751889 ], [ 85.8013269, 20.2751855 ] ], [ [ 85.8013269, 20.2751855 ], [ 85.8015809, 20.27517 ], [ 85.8017735, 20.2751686 ] ], [ [ 85.8017735, 20.2751686 ], [ 85.8019562, 20.2751853 ], [ 85.8021852, 20.2751956 ], [ 85.8023173, 20.2751956 ] ], [ [ 85.8023173, 20.2751956 ], [ 85.802482, 20.2752022 ], [ 85.8027718, 20.2752354 ], [ 85.8029086, 20.2752573 ], [ 85.8030419, 20.2753034 ], [ 85.8031804, 20.2753695 ] ], [ [ 85.8031804, 20.2753695 ], [ 85.8035951, 20.2756 ] ], [ [ 85.8035951, 20.2756 ], [ 85.8036496, 20.2757286 ] ], [ [ 85.8036496, 20.2757286 ], [ 85.8037569, 20.27581 ] ], [ [ 85.8037569, 20.27581 ], [ 85.8040261, 20.2760246 ] ], [ [ 85.8040261, 20.2760246 ], [ 85.8041889, 20.2761741 ], [ 85.8044882, 20.2764697 ] ], [ [ 85.8044882, 20.2764697 ], [ 85.8054861, 20.2774676 ], [ 85.8055858, 20.2775696 ] ], [ [ 85.8055858, 20.2775696 ], [ 85.806398, 20.278396 ], [ 85.8065197, 20.2785206 ] ], [ [ 85.8065197, 20.2785206 ], [ 85.8070385, 20.2790515 ] ], [ [ 85.8070385, 20.2790515 ], [ 85.8079276, 20.2799384 ], [ 85.8084043, 20.2804138 ], [ 85.8090417, 20.2810557 ], [ 85.8101485, 20.2821703 ] ], [ [ 85.8101485, 20.2821703 ], [ 85.8100801, 20.2822425 ], [ 85.8096838, 20.2827116 ], [ 85.80891, 20.283598 ], [ 85.8088058, 20.2837211 ] ], [ [ 85.8088058, 20.2837211 ], [ 85.8087489, 20.2838052 ] ], [ [ 85.8087489, 20.2838052 ], [ 85.8083563, 20.2842239 ], [ 85.8080659, 20.2845301 ], [ 85.8079704, 20.2846143 ] ], [ [ 85.8079704, 20.2846143 ], [ 85.8078263, 20.2847413 ] ], [ [ 85.8078263, 20.2847413 ], [ 85.8077594, 20.2848166 ], [ 85.807691, 20.2848967 ], [ 85.8075977, 20.28501 ] ], [ [ 85.8075977, 20.28501 ], [ 85.807673, 20.2850486 ] ], [ [ 85.807673, 20.2850486 ], [ 85.808039, 20.2852786 ] ], [ [ 85.808039, 20.2852786 ], [ 85.8081644, 20.2853574 ] ], [ [ 85.8081644, 20.2853574 ], [ 85.8083484, 20.285473 ], [ 85.8098007, 20.2863515 ] ], [ [ 85.8098007, 20.2863515 ], [ 85.8099872, 20.2864643 ], [ 85.8102727, 20.2866269 ] ], [ [ 85.8102727, 20.2866269 ], [ 85.8107166, 20.2868997 ] ], [ [ 85.8107166, 20.2868997 ], [ 85.8107815, 20.2869308 ], [ 85.8119452, 20.2876321 ], [ 85.8129904, 20.2882798 ] ], [ [ 85.8129904, 20.2882798 ], [ 85.8133681, 20.2884959 ], [ 85.8140213, 20.2889173 ], [ 85.8142814, 20.2890851 ], [ 85.8148849, 20.2894531 ], [ 85.8154872, 20.2898326 ] ], [ [ 85.8154872, 20.2898326 ], [ 85.8163308, 20.2903155 ], [ 85.816802, 20.2906055 ], [ 85.817054, 20.2907557 ] ], [ [ 85.817054, 20.2907557 ], [ 85.818041, 20.2913513 ], [ 85.8182813, 20.2913942 ] ], [ [ 85.8182813, 20.2913942 ], [ 85.8186578, 20.2916106 ], [ 85.8190404, 20.2918509 ], [ 85.8191979, 20.2919537 ], [ 85.8193481, 20.2920543 ] ], [ [ 85.8193481, 20.2920543 ], [ 85.8194312, 20.2922178 ], [ 85.8194936, 20.2923015 ], [ 85.8196116, 20.2924053 ] ], [ [ 85.8196116, 20.2924053 ], [ 85.8197632, 20.2925053 ], [ 85.8201246, 20.2927137 ], [ 85.8211166, 20.2933258 ], [ 85.8220436, 20.2938827 ] ], [ [ 85.8220436, 20.2938827 ], [ 85.8224319, 20.294116 ], [ 85.8226638, 20.2942545 ] ], [ [ 85.8226638, 20.2942545 ], [ 85.8231079, 20.2945342 ] ], [ [ 85.8231079, 20.2945342 ], [ 85.8234946, 20.2947735 ], [ 85.8240815, 20.2951377 ] ], [ [ 85.8240815, 20.2951377 ], [ 85.8244504, 20.2953703 ], [ 85.8245589, 20.2954372 ], [ 85.8247124, 20.2955303 ] ], [ [ 85.8247124, 20.2955303 ], [ 85.8247025, 20.2955656 ] ], [ [ 85.8247025, 20.2955656 ], [ 85.8246141, 20.2958931 ], [ 85.8245702, 20.2960542 ] ], [ [ 85.8245702, 20.2960542 ], [ 85.8245486, 20.2961056 ], [ 85.8242981, 20.2969703 ] ], [ [ 85.8242981, 20.2969703 ], [ 85.8242557, 20.2971165 ] ], [ [ 85.8242557, 20.2971165 ], [ 85.824194, 20.2973251 ], [ 85.8239658, 20.2980723 ] ], [ [ 85.8239658, 20.2980723 ], [ 85.823863, 20.2984064 ], [ 85.8238226, 20.298541 ], [ 85.8236657, 20.2990395 ], [ 85.8235865, 20.2993139 ] ], [ [ 85.8235865, 20.2993139 ], [ 85.8234345, 20.2998032 ] ], [ [ 85.8234345, 20.2998032 ], [ 85.8228764, 20.3015996 ] ], [ [ 85.8228764, 20.3015996 ], [ 85.8227502, 20.3020402 ], [ 85.8226004, 20.3025285 ], [ 85.8222291, 20.3037905 ], [ 85.82202, 20.30449 ], [ 85.8219453, 20.304701 ], [ 85.8218668, 20.3049595 ], [ 85.8217533, 20.3052942 ], [ 85.82161, 20.30561 ], [ 85.8212043, 20.3061952 ], [ 85.8210089, 20.306477 ], [ 85.8208928, 20.3066437 ] ], [ [ 85.8208928, 20.3066437 ], [ 85.8208678, 20.3066735 ], [ 85.8205799, 20.3071006 ], [ 85.8204073, 20.3074258 ], [ 85.8202784, 20.3077002 ], [ 85.8202201, 20.3078278 ] ], [ [ 85.8202201, 20.3078278 ], [ 85.8201813, 20.3079128 ] ], [ [ 85.8201813, 20.3079128 ], [ 85.8200831, 20.3082094 ], [ 85.8200192, 20.3084887 ], [ 85.8200045, 20.3087096 ], [ 85.8200258, 20.3090499 ], [ 85.8200307, 20.3092353 ], [ 85.8200299, 20.309461 ], [ 85.8201037, 20.3099903 ], [ 85.8201079, 20.3100643 ], [ 85.8201242, 20.3107297 ] ], [ [ 85.8201242, 20.3107297 ], [ 85.8201265, 20.3108238 ] ], [ [ 85.8201265, 20.3108238 ], [ 85.820147, 20.3116432 ], [ 85.820163, 20.3122847 ] ], [ [ 85.820163, 20.3122847 ], [ 85.8201712, 20.3126123 ] ], [ [ 85.8201712, 20.3126123 ], [ 85.8201777, 20.312915 ], [ 85.8201964, 20.3137928 ], [ 85.8202, 20.31396 ], [ 85.8201968, 20.3146496 ] ], [ [ 85.8201968, 20.3146496 ], [ 85.82022, 20.31475 ] ], [ [ 85.82022, 20.31475 ], [ 85.8202727, 20.3160629 ], [ 85.8202909, 20.3164666 ], [ 85.8203154, 20.3170605 ], [ 85.8203244, 20.3172774 ] ], [ [ 85.8203244, 20.3172774 ], [ 85.8203287, 20.3178233 ], [ 85.8203179, 20.3187092 ] ], [ [ 85.8203179, 20.3187092 ], [ 85.8203525, 20.3200262 ], [ 85.8203619, 20.3207918 ], [ 85.820378, 20.3211475 ] ], [ [ 85.820378, 20.3211475 ], [ 85.8203921, 20.3213831 ] ], [ [ 85.8203921, 20.3213831 ], [ 85.8204062, 20.3220417 ] ], [ [ 85.8204062, 20.3220417 ], [ 85.8204604, 20.3233013 ] ], [ [ 85.8204604, 20.3233013 ], [ 85.8200397, 20.3233397 ] ], [ [ 85.8200397, 20.3233397 ], [ 85.8199141, 20.3233417 ], [ 85.8198047, 20.3233444 ] ], [ [ 85.8198047, 20.3233444 ], [ 85.8195285, 20.3233505 ] ], [ [ 85.8195285, 20.3233505 ], [ 85.8194561, 20.3233531 ], [ 85.8194363, 20.3233543 ] ], [ [ 85.8194363, 20.3233543 ], [ 85.8193786, 20.3233578 ] ], [ [ 85.8193786, 20.3233578 ], [ 85.8193631, 20.3240516 ], [ 85.8193514, 20.324485 ] ], [ [ 85.8193514, 20.324485 ], [ 85.8193505, 20.3246417 ], [ 85.8193383, 20.3256596 ] ], [ [ 85.8193383, 20.3256596 ], [ 85.8193161, 20.326326 ] ], [ [ 85.8193161, 20.326326 ], [ 85.8180131, 20.326394 ], [ 85.8177353, 20.326407 ] ] ] } },
{ "type": "Feature", "properties": { "route_id": "R_SYN014", "stop_id": "SYN014" }, "geometry": { "type": "MultiLineString", "coordinates": [ [ [ 85.7956882, 20.2733904 ], [ 85.7956242, 20.2730836 ], [ 85.7955946, 20.2730307 ], [ 85.7955213, 20.2729733 ], [ 85.7955018, 20.2728997 ], [ 85.7957248, 20.2724912 ] ], [ [ 85.7957248, 20.2724912 ], [ 85.795809, 20.2725261 ], [ 85.7960022, 20.272565 ], [ 85.7961624, 20.2725637 ] ], [ [ 85.7961624, 20.2725637 ], [ 85.7964029, 20.2725288 ], [ 85.7964995, 20.2725038 ], [ 85.7965888, 20.2724875 ], [ 85.7967526, 20.2724499 ], [ 85.7968487, 20.2725038 ], [ 85.7969664, 20.2725134 ], [ 85.7971879, 20.2724894 ] ], [ [ 85.7971879, 20.2724894 ], [ 85.797172, 20.272296 ] ], [ [ 85.797172, 20.272296 ], [ 85.7973646, 20.2723499 ], [ 85.7975134, 20.2723949 ], [ 85.7976709, 20.2723938 ], [ 85.7978406, 20.2723928 ], [ 85.7979713, 20.2724066 ], [ 85.7980724, 20.2724183 ] ], [ [ 85.7980724, 20.2724183 ], [ 85.7980894, 20.2724889 ], [ 85.7981441, 20.2726138 ] ], [ [ 85.7981441, 20.2726138 ], [ 85.7984022, 20.2729489 ], [ 85.7986636, 20.2734028 ], [ 85.798722, 20.273434 ], [ 85.7989328, 20.2735272 ], [ 85.7991862, 20.2737681 ], [ 85.7995137, 20.2739924 ] ], [ [ 85.7995137, 20.2739924 ], [ 85.799999, 20.2742208 ] ], [ [ 85.799999, 20.2742208 ], [ 85.800016, 20.2742288 ], [ 85.8004007, 20.2743246 ] ], [ [ 85.8004007, 20.2743246 ], [ 85.8005615, 20.2745986 ] ], [ [ 85.8005615, 20.2745986 ], [ 85.8008421, 20.2749758 ], [ 85.8010195, 20.2751889 ] ], [ [ 85.8010195, 20.2751889 ], [ 85.8013269, 20.2751855 ] ], [ [ 85.8013269, 20.2751855 ], [ 85.8015809, 20.27517 ], [ 85.8017735, 20.2751686 ] ], [ [ 85.8017735, 20.2751686 ], [ 85.8019562, 20.2751853 ], [ 85.8021852, 20.2751956 ], [ 85.8023173, 20.2751956 ] ], [ [ 85.8023173, 20.2751956 ], [ 85.802482, 20.2752022 ], [ 85.8027718, 20.2752354 ], [ 85.8029086, 20.2752573 ], [ 85.8030419, 20.2753034 ], [ 85.8031804, 20.2753695 ] ], [ [ 85.8031804, 20.2753695 ], [ 85.8035951, 20.2756 ] ], [ [ 85.8035951, 20.2756 ], [ 85.8036496, 20.2757286 ] ], [ [ 85.8036496, 20.2757286 ], [ 85.8037569, 20.27581 ] ], [ [ 85.8037569, 20.27581 ], [ 85.8040261, 20.2760246 ] ], [ [ 85.8040261, 20.2760246 ], [ 85.8041889, 20.2761741 ], [ 85.8044882, 20.2764697 ] ], [ [ 85.8044882, 20.2764697 ], [ 85.8054861, 20.2774676 ], [ 85.8055858, 20.2775696 ] ], [ [ 85.8055858, 20.2775696 ], [ 85.806398, 20.278396 ], [ 85.8065197, 20.2785206 ] ], [ [ 85.8065197, 20.2785206 ], [ 85.8070385, 20.2790515 ] ], [ [ 85.8070385, 20.2790515 ], [ 85.8079276, 20.2799384 ], [ 85.8084043, 20.2804138 ], [ 85.8090417, 20.2810557 ], [ 85.8101485, 20.2821703 ] ], [ [ 85.8101485, 20.2821703 ], [ 85.8100801, 20.2822425 ], [ 85.8096838, 20.2827116 ], [ 85.80891, 20.283598 ], [ 85.8088058, 20.2837211 ] ], [ [ 85.8088058, 20.2837211 ], [ 85.8087489, 20.2838052 ] ], [ [ 85.8087489, 20.2838052 ], [ 85.8083563, 20.2842239 ], [ 85.8080659, 20.2845301 ], [ 85.8079704, 20.2846143 ] ], [ [ 85.8079704, 20.2846143 ], [ 85.8078263, 20.2847413 ] ], [ [ 85.8078263, 20.2847413 ], [ 85.8077594, 20.2848166 ], [ 85.807691, 20.2848967 ], [ 85.8075977, 20.28501 ] ], [ [ 85.8075977, 20.28501 ], [ 85.807673, 20.2850486 ] ], [ [ 85.807673, 20.2850486 ], [ 85.808039, 20.2852786 ] ], [ [ 85.808039, 20.2852786 ], [ 85.8081644, 20.2853574 ] ], [ [ 85.8081644, 20.2853574 ], [ 85.8083484, 20.285473 ], [ 85.8098007, 20.2863515 ] ], [ [ 85.8098007, 20.2863515 ], [ 85.8099872, 20.2864643 ], [ 85.8102727, 20.2866269 ] ], [ [ 85.8102727, 20.2866269 ], [ 85.8107166, 20.2868997 ] ], [ [ 85.8107166, 20.2868997 ], [ 85.8107815, 20.2869308 ], [ 85.8119452, 20.2876321 ], [ 85.8129904, 20.2882798 ] ], [ [ 85.8129904, 20.2882798 ], [ 85.8133681, 20.2884959 ], [ 85.8140213, 20.2889173 ], [ 85.8142814, 20.2890851 ], [ 85.8148849, 20.2894531 ], [ 85.8154872, 20.2898326 ] ], [ [ 85.8154872, 20.2898326 ], [ 85.8163308, 20.2903155 ], [ 85.816802, 20.2906055 ], [ 85.817054, 20.2907557 ] ], [ [ 85.817054, 20.2907557 ], [ 85.818041, 20.2913513 ], [ 85.8182813, 20.2913942 ] ], [ [ 85.8182813, 20.2913942 ], [ 85.8186578, 20.2916106 ], [ 85.8190404, 20.2918509 ], [ 85.8191979, 20.2919537 ], [ 85.8193481, 20.2920543 ] ], [ [ 85.8193481, 20.2920543 ], [ 85.8196834, 20.2922581 ], [ 85.8221566, 20.2937097 ] ], [ [ 85.8221566, 20.2937097 ], [ 85.8222417, 20.2937597 ], [ 85.8243158, 20.2950694 ], [ 85.8245453, 20.2952148 ], [ 85.8249465, 20.2954576 ], [ 85.825362, 20.2957046 ], [ 85.8257032, 20.2958928 ], [ 85.8261358, 20.2960876 ], [ 85.8266986, 20.2963387 ], [ 85.8272003, 20.2965412 ], [ 85.8277046, 20.2966993 ], [ 85.8281386, 20.2968289 ], [ 85.8285125, 20.2969213 ], [ 85.8286427, 20.2969509 ] ], [ [ 85.8286427, 20.2969509 ], [ 85.8288195, 20.2971168 ] ], [ [ 85.8288195, 20.2971168 ], [ 85.8290498, 20.2971578 ], [ 85.8294584, 20.2972036 ], [ 85.829799, 20.29725 ], [ 85.8298799, 20.2972583 ], [ 85.8306616, 20.2972869 ], [ 85.8313992, 20.2972693 ], [ 85.8320603, 20.2972469 ], [ 85.8325207, 20.2972064 ], [ 85.832963, 20.2971715 ] ], [ [ 85.832963, 20.2971715 ], [ 85.8331414, 20.2971574 ] ], [ [ 85.8331414, 20.2971574 ], [ 85.8331212, 20.2972758 ], [ 85.8329364, 20.2981996 ], [ 85.8329142, 20.298355 ], [ 85.8328651, 20.2986996 ], [ 85.8328668, 20.2987822 ], [ 85.8328892, 20.2998882 ], [ 85.8329622, 20.3008138 ], [ 85.8329634, 20.3008295 ], [ 85.8329675, 20.3008804 ], [ 85.8329705, 20.3009183 ], [ 85.8333373, 20.3050263 ], [ 85.8333677, 20.3053191 ], [ 85.833456, 20.3062566 ], [ 85.8334864, 20.3067033 ] ], [ [ 85.8334864, 20.3067033 ], [ 85.8336458, 20.3084581 ], [ 85.8338008, 20.3101463 ] ], [ [ 85.8338008, 20.3101463 ], [ 85.8338062, 20.3102088 ], [ 85.8338325, 20.3103849 ] ], [ [ 85.8338325, 20.3103849 ], [ 85.8339125, 20.3109213 ], [ 85.8340427, 20.3115186 ], [ 85.834025, 20.3115957 ], [ 85.8339626, 20.3116957 ], [ 85.8338736, 20.3117627 ], [ 85.8333192, 20.3119484 ] ], [ [ 85.8333192, 20.3119484 ], [ 85.8331293, 20.3120029 ], [ 85.8325928, 20.3121827 ], [ 85.8321664, 20.3123211 ], [ 85.8311994, 20.3126305 ], [ 85.8305796, 20.3128242 ] ], [ [ 85.8305796, 20.3128242 ], [ 85.8299264, 20.313078 ], [ 85.8298998, 20.313091 ] ], [ [ 85.8298998, 20.313091 ], [ 85.829955, 20.313204 ] ], [ [ 85.829955, 20.313204 ], [ 85.8301423, 20.3131267 ], [ 85.8304722, 20.3129906 ] ], [ [ 85.8304722, 20.3129906 ], [ 85.8308022, 20.3144441 ], [ 85.83085, 20.3146213 ], [ 85.8311004, 20.3155495 ], [ 85.8311127, 20.3155984 ], [ 85.8311403, 20.3157079 ] ], [ [ 85.8311403, 20.3157079 ], [ 85.8312962, 20.3163277 ] ], [ [ 85.8312962, 20.3163277 ], [ 85.8314598, 20.3168602 ] ], [ [ 85.8314598, 20.3168602 ], [ 85.8315372, 20.3171427 ] ], [ [ 85.8315372, 20.3171427 ], [ 85.8318017, 20.3181439 ] ], [ [ 85.8318017, 20.3181439 ], [ 85.8320972, 20.3180522 ], [ 85.8324405, 20.3179414 ], [ 85.8327521, 20.3178119 ], [ 85.8330044, 20.3176894 ], [ 85.8332297, 20.317592 ], [ 85.83348, 20.3174815 ], [ 85.8336469, 20.3174263 ], [ 85.8336833, 20.3174142 ], [ 85.8338598, 20.3173705 ] ], [ [ 85.8338598, 20.3173705 ], [ 85.8339919, 20.3173378 ], [ 85.8342987, 20.3172565 ], [ 85.834564, 20.3171768 ], [ 85.8348604, 20.3170939 ], [ 85.8350923, 20.3170336 ] ], [ [ 85.8350923, 20.3170336 ], [ 85.8351032, 20.3171562 ] ], [ [ 85.8351032, 20.3171562 ], [ 85.8351098, 20.3172307 ] ], [ [ 85.8351098, 20.3172307 ], [ 85.8358419, 20.3172165 ], [ 85.8360686, 20.3172012 ], [ 85.836242, 20.3171871 ], [ 85.8368399, 20.3171381 ], [ 85.8374486, 20.3171181 ], [ 85.8379653, 20.3171094 ], [ 85.8383737, 20.3171334 ], [ 85.8388661, 20.3171811 ], [ 85.8391526, 20.3171777 ], [ 85.8394065, 20.3171572 ], [ 85.8398557, 20.3170364 ], [ 85.8404645, 20.3168319 ], [ 85.8409769, 20.316684 ], [ 85.8413927, 20.3165793 ] ], [ [ 85.8413927, 20.3165793 ], [ 85.8415006, 20.3170793 ], [ 85.8415423, 20.3175368 ], [ 85.8415439, 20.3175628 ] ], [ [ 85.8415439, 20.3175628 ], [ 85.8418206, 20.3175696 ], [ 85.8421053, 20.3175751 ], [ 85.8421642, 20.3175669 ], [ 85.8422769, 20.3176125 ], [ 85.8424087, 20.3176856 ], [ 85.8425196, 20.3177133 ], [ 85.8426011, 20.3177133 ], [ 85.8426358, 20.3177539 ], [ 85.8426531, 20.3178693 ], [ 85.8427172, 20.3179213 ], [ 85.842797, 20.3179799 ], [ 85.8428733, 20.3180108 ], [ 85.8429149, 20.3180709 ], [ 85.842927, 20.3182156 ], [ 85.8429479, 20.3182795 ] ], [ [ 85.8429479, 20.3182795 ], [ 85.8430353, 20.3182817 ], [ 85.8430893, 20.3183185 ], [ 85.8432094, 20.318507 ], [ 85.8433075, 20.3186358 ], [ 85.8433222, 20.3188013 ], [ 85.8433184, 20.3189177 ] ], [ [ 85.8433184, 20.3189177 ], [ 85.8435693, 20.3189251 ], [ 85.8437957, 20.3189079 ], [ 85.8442906, 20.3188969 ], [ 85.8444745, 20.3188992 ], [ 85.844817, 20.318898 ] ], [ [ 85.844817, 20.318898 ], [ 85.844817, 20.3190036 ], [ 85.8446454, 20.3199594 ], [ 85.8444201, 20.3209303 ], [ 85.8442234, 20.3216745 ], [ 85.8442192, 20.3217263 ] ], [ [ 85.8442192, 20.3217263 ], [ 85.8440989, 20.3219644 ] ] ] } },
{ "type": "Feature", "properties": { "route_id": "R_SYN015", "stop_id": "SYN015" }, "geometry": { "type": "MultiLineString", "coordinates": [ [ [ 85.7956882, 20.2733904 ], [ 85.7956242, 20.2730836 ], [ 85.7955946, 20.2730307 ], [ 85.7955213, 20.2729733 ], [ 85.7955018, 20.2728997 ], [ 85.7957248, 20.2724912 ] ], [ [ 85.7957248, 20.2724912 ], [ 85.795809, 20.2725261 ], [ 85.7960022, 20.272565 ], [ 85.7961624, 20.2725637 ] ], [ [ 85.7961624, 20.2725637 ], [ 85.7964029, 20.2725288 ], [ 85.7964995, 20.2725038 ], [ 85.7965888, 20.2724875 ], [ 85.7967526, 20.2724499 ], [ 85.7968487, 20.2725038 ], [ 85.7969664, 20.2725134 ], [ 85.7971879, 20.2724894 ] ], [ [ 85.7971879, 20.2724894 ], [ 85.797172, 20.272296 ] ], [ [ 85.797172, 20.272296 ], [ 85.7973646, 20.2723499 ], [ 85.7975134, 20.2723949 ], [ 85.7976709, 20.2723938 ], [ 85.7978406, 20.2723928 ], [ 85.7979713, 20.2724066 ], [ 85.7980724, 20.2724183 ] ], [ [ 85.7980724, 20.2724183 ], [ 85.7980894, 20.2724889 ], [ 85.7981441, 20.2726138 ] ], [ [ 85.7981441, 20.2726138 ], [ 85.7984022, 20.2729489 ], [ 85.7986636, 20.2734028 ], [ 85.798722, 20.273434 ], [ 85.7989328, 20.2735272 ], [ 85.7991862, 20.2737681 ], [ 85.7995137, 20.2739924 ] ], [ [ 85.7995137, 20.2739924 ], [ 85.799999, 20.2742208 ] ], [ [ 85.799999, 20.2742208 ], [ 85.800016, 20.2742288 ], [ 85.8004007, 20.2743246 ] ], [ [ 85.8004007, 20.2743246 ], [ 85.8005615, 20.2745986 ] ], [ [ 85.8005615, 20.2745986 ], [ 85.8008421, 20.2749758 ], [ 85.8010195, 20.2751889 ] ], [ [ 85.8010195, 20.2751889 ], [ 85.8013269, 20.2751855 ] ], [ [ 85.8013269, 20.2751855 ], [ 85.8015809, 20.27517 ], [ 85.8017735, 20.2751686 ] ], [ [ 85.8017735, 20.2751686 ], [ 85.8019562, 20.2751853 ], [ 85.8021852, 20.2751956 ], [ 85.8023173, 20.2751956 ] ], [ [ 85.8023173, 20.2751956 ], [ 85.802482, 20.2752022 ], [ 85.8027718, 20.2752354 ], [ 85.8029086, 20.2752573 ], [ 85.8030419, 20.2753034 ], [ 85.8031804, 20.2753695 ] ], [ [ 85.8031804, 20.2753695 ], [ 85.8035951, 20.2756 ] ], [ [ 85.8035951, 20.2756 ], [ 85.8036496, 20.2757286 ] ], [ [ 85.8036496, 20.2757286 ], [ 85.8037569, 20.27581 ] ], [ [ 85.8037569, 20.27581 ], [ 85.8040261, 20.2760246 ] ], [ [ 85.8040261, 20.2760246 ], [ 85.8041889, 20.2761741 ], [ 85.8044882, 20.2764697 ] ], [ [ 85.8044882, 20.2764697 ], [ 85.8054861, 20.2774676 ], [ 85.8055858, 20.2775696 ] ], [ [ 85.8055858, 20.2775696 ], [ 85.806398, 20.278396 ], [ 85.8065197, 20.2785206 ] ], [ [ 85.8065197, 20.2785206 ], [ 85.8070385, 20.2790515 ] ], [ [ 85.8070385, 20.2790515 ], [ 85.8079276, 20.2799384 ], [ 85.8084043, 20.2804138 ], [ 85.8090417, 20.2810557 ], [ 85.8101485, 20.2821703 ] ], [ [ 85.8101485, 20.2821703 ], [ 85.8100801, 20.2822425 ], [ 85.8096838, 20.2827116 ], [ 85.80891, 20.283598 ], [ 85.8088058, 20.2837211 ] ], [ [ 85.8088058, 20.2837211 ], [ 85.8087489, 20.2838052 ] ], [ [ 85.8087489, 20.2838052 ], [ 85.8083563, 20.2842239 ], [ 85.8080659, 20.2845301 ], [ 85.8079704, 20.2846143 ] ], [ [ 85.8079704, 20.2846143 ], [ 85.8078263, 20.2847413 ] ], [ [ 85.8078263, 20.2847413 ], [ 85.8077594, 20.2848166 ], [ 85.807691, 20.2848967 ], [ 85.8075977, 20.28501 ] ], [ [ 85.8075977, 20.28501 ], [ 85.807673, 20.2850486 ] ], [ [ 85.807673, 20.2850486 ], [ 85.808039, 20.2852786 ] ], [ [ 85.808039, 20.2852786 ], [ 85.8081644, 20.2853574 ] ], [ [ 85.8081644, 20.2853574 ], [ 85.8083484, 20.285473 ], [ 85.8098007, 20.2863515 ] ], [ [ 85.8098007, 20.2863515 ], [ 85.8099872, 20.2864643 ], [ 85.8102727, 20.2866269 ] ], [ [ 85.8102727, 20.2866269 ], [ 85.8107166, 20.2868997 ] ], [ [ 85.8107166, 20.2868997 ], [ 85.8107815, 20.2869308 ], [ 85.8119452, 20.2876321 ], [ 85.8129904, 20.2882798 ] ], [ [ 85.8129904, 20.2882798 ], [ 85.8133681, 20.2884959 ], [ 85.8140213, 20.2889173 ], [ 85.8142814, 20.2890851 ], [ 85.8148849, 20.2894531 ], [ 85.8154872, 20.2898326 ] ], [ [ 85.8154872, 20.2898326 ], [ 85.8163308, 20.2903155 ], [ 85.816802, 20.2906055 ], [ 85.817054, 20.2907557 ] ], [ [ 85.817054, 20.2907557 ], [ 85.818041, 20.2913513 ], [ 85.8182813, 20.2913942 ] ], [ [ 85.8182813, 20.2913942 ], [ 85.8186578, 20.2916106 ], [ 85.8190404, 20.2918509 ], [ 85.8191979, 20.2919537 ], [ 85.8193481, 20.2920543 ] ], [ [ 85.8193481, 20.2920543 ], [ 85.8196834, 20.2922581 ], [ 85.8221566, 20.2937097 ] ], [ [ 85.8221566, 20.2937097 ], [ 85.8222417, 20.2937597 ], [ 85.8243158, 20.2950694 ], [ 85.8245453, 20.2952148 ], [ 85.8249465, 20.2954576 ], [ 85.825362, 20.2957046 ], [ 85.8257032, 20.2958928 ], [ 85.8261358, 20.2960876 ], [ 85.8266986, 20.2963387 ], [ 85.8272003, 20.2965412 ], [ 85.8277046, 20.2966993 ], [ 85.8281386, 20.2968289 ], [ 85.8285125, 20.2969213 ], [ 85.8286427, 20.2969509 ] ], [ [ 85.8286427, 20.2969509 ], [ 85.8288892, 20.2970011 ], [ 85.82891, 20.2970053 ], [ 85.8291966, 20.2970568 ], [ 85.8294551, 20.297093 ], [ 85.8297427, 20.2971289 ], [ 85.830021, 20.2971536 ], [ 85.8304398, 20.2971837 ], [ 85.8308107, 20.2971931 ], [ 85.8311379, 20.2971886 ], [ 85.8315914, 20.2971767 ], [ 85.8320992, 20.2971411 ], [ 85.8325918, 20.297106 ], [ 85.8336596, 20.2970163 ], [ 85.8353685, 20.296863 ], [ 85.8364293, 20.2967677 ], [ 85.8375925, 20.2966831 ], [ 85.8387878, 20.2965794 ], [ 85.8399515, 20.2964977 ], [ 85.8404666, 20.2964606 ], [ 85.8419185, 20.2963574 ], [ 85.8420866, 20.2963441 ], [ 85.8432996, 20.2962288 ], [ 85.8448181, 20.2960857 ], [ 85.8467495, 20.2959386 ], [ 85.8472833, 20.2958933 ], [ 85.8476383, 20.2958617 ] ], [ [ 85.8476383, 20.2958617 ], [ 85.8491069, 20.2957312 ], [ 85.8510991, 20.2955873 ] ], [ [ 85.8510991, 20.2955873 ], [ 85.8511959, 20.2955803 ], [ 85.8520576, 20.295523 ], [ 85.8526085, 20.2954767 ], [ 85.8529467, 20.2954359 ], [ 85.8532566, 20.2954027 ], [ 85.855547, 20.2951969 ], [ 85.8564061, 20.2951467 ], [ 85.8565726, 20.2951429 ], [ 85.8567983, 20.295151 ], [ 85.8571477, 20.2951951 ], [ 85.8572249, 20.2952059 ], [ 85.8574899, 20.2952731 ], [ 85.8576927, 20.2953493 ], [ 85.857869, 20.2954233 ], [ 85.8580682, 20.2955257 ], [ 85.8584127, 20.2957816 ], [ 85.8585664, 20.2959055 ], [ 85.8588224, 20.2961414 ], [ 85.8592664, 20.2965853 ], [ 85.8599523, 20.2972779 ], [ 85.8607578, 20.2980859 ], [ 85.8620704, 20.2993776 ], [ 85.8623477, 20.299651 ], [ 85.8627228, 20.3000228 ], [ 85.8635903, 20.3009042 ] ], [ [ 85.8635903, 20.3009042 ], [ 85.8635966, 20.3009113 ], [ 85.8636355, 20.3009527 ], [ 85.8638224, 20.3011201 ], [ 85.863874, 20.3011648 ] ], [ [ 85.863874, 20.3011648 ], [ 85.8642014, 20.3014691 ], [ 85.8647353, 20.3020005 ], [ 85.865061, 20.3023059 ] ], [ [ 85.865061, 20.3023059 ], [ 85.8651994, 20.3024358 ], [ 85.8654584, 20.3026734 ], [ 85.8658976, 20.3030838 ], [ 85.8673088, 20.3045044 ], [ 85.8689419, 20.306098 ], [ 85.8695054, 20.3066554 ], [ 85.8699851, 20.30713 ] ], [ [ 85.8699851, 20.30713 ], [ 85.8712694, 20.3084005 ] ], [ [ 85.8712694, 20.3084005 ], [ 85.8712828, 20.3084146 ], [ 85.871329, 20.3084615 ], [ 85.8713454, 20.3084757 ] ], [ [ 85.8713454, 20.3084757 ], [ 85.8721105, 20.3092029 ] ], [ [ 85.8721105, 20.3092029 ], [ 85.8722413, 20.3093617 ] ], [ [ 85.8722413, 20.3093617 ], [ 85.8723164, 20.3094384 ], [ 85.8727589, 20.3098849 ] ], [ [ 85.8727589, 20.3098849 ], [ 85.8729896, 20.3101239 ], [ 85.8731291, 20.3102723 ] ], [ [ 85.8731291, 20.3102723 ], [ 85.8737027, 20.3108533 ] ], [ [ 85.8737027, 20.3108533 ], [ 85.8741764, 20.3113754 ], [ 85.8760043, 20.3132541 ], [ 85.8776785, 20.3149002 ], [ 85.878002, 20.3151884 ] ], [ [ 85.878002, 20.3151884 ], [ 85.8783553, 20.3155983 ], [ 85.8786235, 20.3159611 ], [ 85.8787555, 20.3161996 ], [ 85.8788135, 20.3163138 ] ], [ [ 85.8788135, 20.3163138 ], [ 85.8788234, 20.3163335 ] ], [ [ 85.8788234, 20.3163335 ], [ 85.8788352, 20.316365 ], [ 85.8788494, 20.3164033 ], [ 85.8788888, 20.3165284 ] ], [ [ 85.8788888, 20.3165284 ], [ 85.8789169, 20.3166143 ] ], [ [ 85.8789169, 20.3166143 ], [ 85.8789574, 20.3168124 ] ], [ [ 85.8789574, 20.3168124 ], [ 85.8789691, 20.3168645 ], [ 85.8790166, 20.317141 ], [ 85.8790588, 20.3173039 ], [ 85.8792583, 20.3177658 ], [ 85.8794471, 20.3180879 ], [ 85.8795954, 20.3182761 ], [ 85.8800838, 20.318896 ], [ 85.8805638, 20.3193843 ], [ 85.8806896, 20.3195123 ] ], [ [ 85.8806896, 20.3195123 ], [ 85.8807145, 20.3195377 ] ], [ [ 85.8807145, 20.3195377 ], [ 85.8811522, 20.3199533 ], [ 85.8811786, 20.3199765 ] ], [ [ 85.8811786, 20.3199765 ], [ 85.8814143, 20.3201759 ] ], [ [ 85.8814143, 20.3201759 ], [ 85.8817572, 20.3204966 ], [ 85.8818863, 20.3206824 ], [ 85.882107, 20.3210958 ], [ 85.8822281, 20.3214152 ], [ 85.8822941, 20.321643 ], [ 85.8823538, 20.3219767 ], [ 85.8823644, 20.3221103 ] ], [ [ 85.8823644, 20.3221103 ], [ 85.8823757, 20.3222519 ], [ 85.882384, 20.3223568 ] ], [ [ 85.882384, 20.3223568 ], [ 85.8823909, 20.3224437 ], [ 85.8824316, 20.3229546 ] ] ] } },
{ "type": "Feature", "properties": { "route_id": "R_SYN016", "stop_id": "SYN016" }, "geometry": { "type": "MultiLineString", "coordinates": [ [ [ 85.7956882, 20.2733904 ], [ 85.7956242, 20.2730836 ], [ 85.7955946, 20.2730307 ], [ 85.7955213, 20.2729733 ], [ 85.7955018, 20.2728997 ], [ 85.7957248, 20.2724912 ] ], [ [ 85.7957248, 20.2724912 ], [ 85.795809, 20.2725261 ], [ 85.7960022, 20.272565 ], [ 85.7961624, 20.2725637 ] ], [ [ 85.7961624, 20.2725637 ], [ 85.7964029, 20.2725288 ], [ 85.7964995, 20.2725038 ], [ 85.7965888, 20.2724875 ], [ 85.7967526, 20.2724499 ], [ 85.7968487, 20.2725038 ], [ 85.7969664, 20.2725134 ], [ 85.7971879, 20.2724894 ] ], [ [ 85.7971879, 20.2724894 ], [ 85.797172, 20.272296 ] ], [ [ 85.797172, 20.272296 ], [ 85.7973646, 20.2723499 ], [ 85.7975134, 20.2723949 ], [ 85.7976709, 20.2723938 ], [ 85.7978406, 20.2723928 ], [ 85.7979713, 20.2724066 ], [ 85.7980724, 20.2724183 ] ], [ [ 85.7980724, 20.2724183 ], [ 85.7980894, 20.2724889 ], [ 85.7981441, 20.2726138 ] ], [ [ 85.7981441, 20.2726138 ], [ 85.7984022, 20.2729489 ], [ 85.7986636, 20.2734028 ], [ 85.798722, 20.273434 ], [ 85.7989328, 20.2735272 ], [ 85.7991862, 20.2737681 ], [ 85.7995137, 20.2739924 ] ], [ [ 85.7995137, 20.2739924 ], [ 85.799999, 20.2742208 ] ], [ [ 85.799999, 20.2742208 ], [ 85.800016, 20.2742288 ], [ 85.8004007, 20.2743246 ] ], [ [ 85.8004007, 20.2743246 ], [ 85.8005615, 20.2745986 ] ], [ [ 85.8005615, 20.2745986 ], [ 85.8008421, 20.2749758 ], [ 85.8010195, 20.2751889 ] ], [ [ 85.8010195, 20.2751889 ], [ 85.8013269, 20.2751855 ] ], [ [ 85.8013269, 20.2751855 ], [ 85.8015809, 20.27517 ], [ 85.8017735, 20.2751686 ] ], [ [ 85.8017735, 20.2751686 ], [ 85.8019562, 20.2751853 ], [ 85.8021852, 20.2751956 ], [ 85.8023173, 20.2751956 ] ], [ [ 85.8023173, 20.2751956 ], [ 85.802482, 20.2752022 ], [ 85.8027718, 20.2752354 ], [ 85.8029086, 20.2752573 ], [ 85.8030419, 20.2753034 ], [ 85.8031804, 20.2753695 ] ], [ [ 85.8031804, 20.2753695 ], [ 85.8035951, 20.2756 ] ], [ [ 85.8035951, 20.2756 ], [ 85.8036496, 20.2757286 ] ], [ [ 85.8036496, 20.2757286 ], [ 85.8037569, 20.27581 ] ], [ [ 85.8037569, 20.27581 ], [ 85.8040261, 20.2760246 ] ], [ [ 85.8040261, 20.2760246 ], [ 85.8041889, 20.2761741 ], [ 85.8044882, 20.2764697 ] ], [ [ 85.8044882, 20.2764697 ], [ 85.8054861, 20.2774676 ], [ 85.8055858, 20.2775696 ] ], [ [ 85.8055858, 20.2775696 ], [ 85.806398, 20.278396 ], [ 85.8065197, 20.2785206 ] ], [ [ 85.8065197, 20.2785206 ], [ 85.8070385, 20.2790515 ] ], [ [ 85.8070385, 20.2790515 ], [ 85.8079276, 20.2799384 ], [ 85.8084043, 20.2804138 ], [ 85.8090417, 20.2810557 ], [ 85.8101485, 20.2821703 ] ], [ [ 85.8101485, 20.2821703 ], [ 85.8102025, 20.2822247 ] ], [ [ 85.8102025, 20.2822247 ], [ 85.8102759, 20.2821477 ] ], [ [ 85.8102759, 20.2821477 ], [ 85.8108324, 20.2815664 ], [ 85.810883, 20.2815136 ], [ 85.8110574, 20.2813349 ] ], [ [ 85.8110574, 20.2813349 ], [ 85.8116651, 20.2818352 ] ], [ [ 85.8116651, 20.2818352 ], [ 85.81181, 20.28196 ] ], [ [ 85.81181, 20.28196 ], [ 85.812144, 20.282239 ] ], [ [ 85.812144, 20.282239 ], [ 85.8122556, 20.2823323 ] ], [ [ 85.8122556, 20.2823323 ], [ 85.8127159, 20.2827169 ] ], [ [ 85.8127159, 20.2827169 ], [ 85.8128522, 20.282811 ] ], [ [ 85.8128522, 20.282811 ], [ 85.8130507, 20.2829507 ] ], [ [ 85.8130507, 20.2829507 ], [ 85.8130958, 20.2829934 ] ], [ [ 85.8130958, 20.2829934 ], [ 85.8132218, 20.283089 ] ], [ [ 85.8132218, 20.283089 ], [ 85.8133005, 20.2831622 ] ], [ [ 85.8133005, 20.2831622 ], [ 85.8133565, 20.2832067 ], [ 85.813412, 20.2832593 ] ], [ [ 85.813412, 20.2832593 ], [ 85.8134327, 20.283279 ], [ 85.813914, 20.2828911 ] ], [ [ 85.813914, 20.2828911 ], [ 85.8141312, 20.2831911 ], [ 85.8142573, 20.2834314 ], [ 85.8143847, 20.2836289 ], [ 85.8144316, 20.2837106 ], [ 85.8144222, 20.283766 ], [ 85.8143699, 20.283849 ], [ 85.8143243, 20.2839408 ], [ 85.8142157, 20.2841069 ], [ 85.8141486, 20.2841836 ], [ 85.8141483, 20.2842907 ] ], [ [ 85.8141483, 20.2842907 ], [ 85.8142653, 20.2842706 ], [ 85.8144244, 20.2842574 ], [ 85.8145905, 20.284264 ], [ 85.8147984, 20.2842484 ], [ 85.8148748, 20.2842465 ], [ 85.8149546, 20.2842484 ], [ 85.8150116, 20.2842585 ], [ 85.8154234, 20.2843748 ], [ 85.8157459, 20.284449 ], [ 85.815876, 20.2844975 ], [ 85.815933, 20.284527 ], [ 85.8159833, 20.2845597 ], [ 85.8160161, 20.2846019 ], [ 85.8160517, 20.2846604 ] ], [ [ 85.8160517, 20.2846604 ], [ 85.8162523, 20.2850783 ] ], [ [ 85.8162523, 20.2850783 ], [ 85.8165461, 20.2857295 ] ], [ [ 85.8165461, 20.2857295 ], [ 85.8166463, 20.2859356 ] ], [ [ 85.8166463, 20.2859356 ], [ 85.8168517, 20.2863783 ] ], [ [ 85.8168517, 20.2863783 ], [ 85.81702, 20.28684 ] ], [ [ 85.81702, 20.28684 ], [ 85.8170861, 20.2868645 ] ], [ [ 85.8170861, 20.2868645 ], [ 85.8177832, 20.2870298 ] ], [ [ 85.8177832, 20.2870298 ], [ 85.8178247, 20.2870418 ] ], [ [ 85.8178247, 20.2870418 ], [ 85.8180738, 20.2871117 ] ], [ [ 85.8180738, 20.2871117 ], [ 85.8182182, 20.287156 ], [ 85.8184829, 20.2871707 ] ], [ [ 85.8184829, 20.2871707 ], [ 85.8186189, 20.2871146 ], [ 85.8188674, 20.2870341 ], [ 85.8190707, 20.2869875 ], [ 85.8191872, 20.286987 ] ], [ [ 85.8191872, 20.286987 ], [ 85.8193796, 20.2869502 ] ], [ [ 85.8193796, 20.2869502 ], [ 85.8195689, 20.2869044 ], [ 85.81965, 20.2868678 ] ], [ [ 85.81965, 20.2868678 ], [ 85.8201278, 20.2866442 ], [ 85.8201989, 20.2866149 ] ], [ [ 85.8201989, 20.2866149 ], [ 85.8204667, 20.2865044 ], [ 85.820512, 20.2864756 ] ], [ [ 85.820512, 20.2864756 ], [ 85.8207468, 20.2863264 ], [ 85.8209907, 20.2861442 ], [ 85.8213525, 20.2860495 ], [ 85.8216029, 20.2859876 ] ], [ [ 85.8216029, 20.2859876 ], [ 85.8216696, 20.2859737 ], [ 85.8217444, 20.2859582 ] ], [ [ 85.8217444, 20.2859582 ], [ 85.8223874, 20.2858265 ], [ 85.823596, 20.2855938 ], [ 85.8239496, 20.2854829 ] ], [ [ 85.8239496, 20.2854829 ], [ 85.8243687, 20.2854329 ] ], [ [ 85.8243687, 20.2854329 ], [ 85.8246925, 20.2854303 ] ], [ [ 85.8246925, 20.2854303 ], [ 85.8249399, 20.2854393 ] ], [ [ 85.8249399, 20.2854393 ], [ 85.8263015, 20.2855407 ] ], [ [ 85.8263015, 20.2855407 ], [ 85.82666, 20.28557 ], [ 85.8266781, 20.2855713 ] ], [ [ 85.8266781, 20.2855713 ], [ 85.826773, 20.2855779 ] ], [ [ 85.826773, 20.2855779 ], [ 85.8269513, 20.2855904 ], [ 85.8273391, 20.2855997 ], [ 85.8276546, 20.2856089 ], [ 85.8276947, 20.285612 ] ], [ [ 85.8276947, 20.285612 ], [ 85.8278567, 20.2856243 ], [ 85.8281508, 20.2857076 ], [ 85.8283724, 20.2858718 ], [ 85.8284663, 20.2859523 ], [ 85.8285508, 20.286068 ] ], [ [ 85.8285508, 20.286068 ], [ 85.8285855, 20.286059 ], [ 85.8286389, 20.286047 ], [ 85.8288968, 20.2859979 ], [ 85.8290897, 20.2859881 ], [ 85.8293268, 20.285974 ], [ 85.8295034, 20.2859805 ], [ 85.8296625, 20.2859936 ], [ 85.8298066, 20.2860328 ], [ 85.8299272, 20.2860507 ], [ 85.8303413, 20.2861093 ], [ 85.8306568, 20.286174 ], [ 85.8309755, 20.2862264 ], [ 85.831383, 20.2862912 ], [ 85.8317413, 20.2863374 ], [ 85.831991, 20.2863744 ], [ 85.8323032, 20.2863929 ], [ 85.8326286, 20.2864083 ], [ 85.8328356, 20.2864268 ], [ 85.8333417, 20.2864885 ], [ 85.8336835, 20.2865069 ], [ 85.8338248, 20.28651 ], [ 85.8341744, 20.2865179 ], [ 85.8344196, 20.2865131 ], [ 85.8346716, 20.2865184 ] ], [ [ 85.8346716, 20.2865184 ], [ 85.8347346, 20.2865196 ] ], [ [ 85.8347346, 20.2865196 ], [ 85.8352596, 20.2865491 ] ], [ [ 85.8352596, 20.2865491 ], [ 85.8356528, 20.2865852 ] ], [ [ 85.8356528, 20.2865852 ], [ 85.8358829, 20.2865892 ] ], [ [ 85.8358829, 20.2865892 ], [ 85.836732, 20.28669 ] ], [ [ 85.836732, 20.28669 ], [ 85.8372075, 20.2867708 ] ], [ [ 85.8372075, 20.2867708 ], [ 85.8375831, 20.2868165 ] ], [ [ 85.8375831, 20.2868165 ], [ 85.8379151, 20.2868691 ] ], [ [ 85.8379151, 20.2868691 ], [ 85.8380263, 20.2868867 ] ], [ [ 85.8380263, 20.2868867 ], [ 85.8391437, 20.2870272 ] ], [ [ 85.8391437, 20.2870272 ], [ 85.8391302, 20.2874834 ] ], [ [ 85.8391302, 20.2874834 ], [ 85.8412486, 20.2877598 ] ], [ [ 85.8412486, 20.2877598 ], [ 85.8412122, 20.2880562 ] ], [ [ 85.8412122, 20.2880562 ], [ 85.8412002, 20.2881536 ], [ 85.8411573, 20.2885032 ] ], [ [ 85.8411573, 20.2885032 ], [ 85.8411172, 20.2888297 ] ], [ [ 85.8411172, 20.2888297 ], [ 85.84106, 20.2892934 ] ], [ [ 85.84106, 20.2892934 ], [ 85.842543, 20.2894713 ], [ 85.8427533, 20.2894965 ] ], [ [ 85.8427533, 20.2894965 ], [ 85.8429556, 20.2895321 ] ], [ [ 85.8429556, 20.2895321 ], [ 85.8435711, 20.2895993 ] ], [ [ 85.8435711, 20.2895993 ], [ 85.8434903, 20.2900806 ] ], [ [ 85.8434903, 20.2900806 ], [ 85.8434153, 20.2900731 ] ], [ [ 85.8434153, 20.2900731 ], [ 85.8433042, 20.2908177 ] ], [ [ 85.8433042, 20.2908177 ], [ 85.8431161, 20.2907891 ], [ 85.842771, 20.2907443 ] ] ] } },
{ "type": "Feature", "properties": { "route_id": "R_SYN017", "stop_id": "SYN017" }, "geometry": { "type": "MultiLineString", "coordinates": [ [ [ 85.7956882, 20.2733904 ], [ 85.7956242, 20.2730836 ], [ 85.7955946, 20.2730307 ], [ 85.7955213, 20.2729733 ], [ 85.7955018, 20.2728997 ], [ 85.7957248, 20.2724912 ] ], [ [ 85.7957248, 20.2724912 ], [ 85.795809, 20.2725261 ], [ 85.7960022, 20.272565 ], [ 85.7961624, 20.2725637 ] ], [ [ 85.7961624, 20.2725637 ], [ 85.7964029, 20.2725288 ], [ 85.7964995, 20.2725038 ], [ 85.7965888, 20.2724875 ], [ 85.7967526, 20.2724499 ], [ 85.7968487, 20.2725038 ], [ 85.7969664, 20.2725134 ], [ 85.7971879, 20.2724894 ] ], [ [ 85.7971879, 20.2724894 ], [ 85.797172, 20.272296 ] ], [ [ 85.797172, 20.272296 ], [ 85.7972477, 20.2717737 ] ], [ [ 85.7972477, 20.2717737 ], [ 85.7975255, 20.2717888 ], [ 85.7977045, 20.2717707 ], [ 85.7978663, 20.2717358 ] ], [ [ 85.7978663, 20.2717358 ], [ 85.7981349, 20.271675 ] ], [ [ 85.7981349, 20.271675 ], [ 85.7983505, 20.2716077 ], [ 85.7984191, 20.2715274 ], [ 85.7984898, 20.2714498 ] ], [ [ 85.7984898, 20.2714498 ], [ 85.7986237, 20.2714557 ], [ 85.798756, 20.2714805 ], [ 85.7989082, 20.271465 ], [ 85.7989942, 20.2714246 ], [ 85.7990505, 20.2712074 ], [ 85.7990802, 20.2710119 ], [ 85.7992192, 20.2709343 ], [ 85.7993081, 20.2708896 ] ], [ [ 85.7993081, 20.2708896 ], [ 85.7994044, 20.2708412 ], [ 85.7995401, 20.2707512 ], [ 85.7996129, 20.2706798 ], [ 85.7999083, 20.2705607 ], [ 85.7997176, 20.2699327 ] ], [ [ 85.7997176, 20.2699327 ], [ 85.799982, 20.2697882 ] ], [ [ 85.799982, 20.2697882 ], [ 85.8001269, 20.2696868 ], [ 85.8005527, 20.2696131 ] ], [ [ 85.8005527, 20.2696131 ], [ 85.800667, 20.2698519 ] ], [ [ 85.800667, 20.2698519 ], [ 85.801248, 20.2693828 ], [ 85.8014922, 20.2691786 ], [ 85.801763, 20.2689876 ], [ 85.8019317, 20.268979 ] ], [ [ 85.8019317, 20.268979 ], [ 85.8023185, 20.2694218 ] ], [ [ 85.8023185, 20.2694218 ], [ 85.8029987, 20.2690059 ], [ 85.8032486, 20.2687671 ] ], [ [ 85.8032486, 20.2687671 ], [ 85.803749, 20.2690569 ], [ 85.8041913, 20.269319 ] ], [ [ 85.8041913, 20.269319 ], [ 85.8052733, 20.2698734 ] ], [ [ 85.8052733, 20.2698734 ], [ 85.8059109, 20.2702311 ], [ 85.8060087, 20.2702905 ], [ 85.8065427, 20.270607 ], [ 85.8067635, 20.2707515 ] ], [ [ 85.8067635, 20.2707515 ], [ 85.8068376, 20.2708031 ] ], [ [ 85.8068376, 20.2708031 ], [ 85.8068528, 20.270789 ], [ 85.8069183, 20.2707315 ] ], [ [ 85.8069183, 20.2707315 ], [ 85.8071166, 20.2705576 ] ], [ [ 85.8071166, 20.2705576 ], [ 85.8074254, 20.2702742 ] ], [ [ 85.8074254, 20.2702742 ], [ 85.80776, 20.2699615 ] ], [ [ 85.80776, 20.2699615 ], [ 85.8084125, 20.2703413 ] ], [ [ 85.8084125, 20.2703413 ], [ 85.8089, 20.270625 ] ], [ [ 85.8089, 20.270625 ], [ 85.80951, 20.27098 ] ], [ [ 85.80951, 20.27098 ], [ 85.8098679, 20.2711882 ] ], [ [ 85.8098679, 20.2711882 ], [ 85.8105547, 20.271588 ] ], [ [ 85.8105547, 20.271588 ], [ 85.8106243, 20.2716285 ] ], [ [ 85.8106243, 20.2716285 ], [ 85.8110956, 20.2719027 ] ], [ [ 85.8110956, 20.2719027 ], [ 85.8116198, 20.271367 ] ], [ [ 85.8116198, 20.271367 ], [ 85.8117746, 20.2712072 ] ], [ [ 85.8117746, 20.2712072 ], [ 85.8123123, 20.2706525 ] ], [ [ 85.8123123, 20.2706525 ], [ 85.812901, 20.2700178 ] ], [ [ 85.812901, 20.2700178 ], [ 85.8130322, 20.2699614 ], [ 85.8131277, 20.2699016 ] ], [ [ 85.8131277, 20.2699016 ], [ 85.8131573, 20.2698958 ], [ 85.8131835, 20.2698818 ], [ 85.8132041, 20.2698611 ] ], [ [ 85.8132041, 20.2698611 ], [ 85.8134551, 20.2697939 ], [ 85.8136952, 20.2697686 ] ], [ [ 85.8136952, 20.2697686 ], [ 85.8143293, 20.269715 ], [ 85.8153826, 20.2696086 ], [ 85.815622, 20.2695632 ] ], [ [ 85.815622, 20.2695632 ], [ 85.8164381, 20.2694086 ], [ 85.816954, 20.2692947 ], [ 85.8179763, 20.2690708 ], [ 85.818406, 20.2690449 ], [ 85.8185577, 20.2690513 ], [ 85.8185965, 20.269053 ], [ 85.819113, 20.2691249 ], [ 85.81964, 20.26924 ], [ 85.8202861, 20.2694656 ], [ 85.8215069, 20.2699828 ], [ 85.821612, 20.2700104 ], [ 85.8217764, 20.2700424 ] ], [ [ 85.8217764, 20.2700424 ], [ 85.8217717, 20.2701022 ], [ 85.8218023, 20.270181 ], [ 85.8218305, 20.270216 ], [ 85.8218772, 20.2702624 ], [ 85.8219201, 20.2702972 ], [ 85.8219814, 20.2703291 ], [ 85.822086, 20.2703517 ] ], [ [ 85.822086, 20.2703517 ], [ 85.8221932, 20.270348 ], [ 85.8223066, 20.270303 ], [ 85.8223552, 20.2702549 ] ], [ [ 85.8223552, 20.2702549 ], [ 85.8223957, 20.2701703 ], [ 85.8224074, 20.2700792 ] ], [ [ 85.8224074, 20.2700792 ], [ 85.8232894, 20.2698099 ], [ 85.8238477, 20.2696265 ], [ 85.8244087, 20.2694282 ], [ 85.8252141, 20.2691155 ], [ 85.8257446, 20.2688778 ], [ 85.8258984, 20.2688089 ], [ 85.8267024, 20.2684109 ], [ 85.8275887, 20.267936 ] ], [ [ 85.8275887, 20.267936 ], [ 85.8285914, 20.2672979 ], [ 85.8290181, 20.2670393 ], [ 85.8294171, 20.2668396 ], [ 85.8296099, 20.2667462 ] ], [ [ 85.8296099, 20.2667462 ], [ 85.8298897, 20.2665874 ] ], [ [ 85.8298897, 20.2665874 ], [ 85.8299778, 20.2665254 ] ], [ [ 85.8299778, 20.2665254 ], [ 85.8301527, 20.2664075 ] ], [ [ 85.8301527, 20.2664075 ], [ 85.8310443, 20.2657526 ] ], [ [ 85.8310443, 20.2657526 ], [ 85.8322518, 20.2648853 ] ], [ [ 85.8322518, 20.2648853 ], [ 85.8336346, 20.2639145 ], [ 85.8341817, 20.2635304 ], [ 85.8346236, 20.2632201 ], [ 85.8346608, 20.2631846 ] ], [ [ 85.8346608, 20.2631846 ], [ 85.8347724, 20.2631677 ] ], [ [ 85.8347724, 20.2631677 ], [ 85.8350658, 20.2629872 ], [ 85.8360247, 20.2623291 ] ], [ [ 85.8360247, 20.2623291 ], [ 85.8363235, 20.2621225 ] ], [ [ 85.8363235, 20.2621225 ], [ 85.8364762, 20.2620134 ] ], [ [ 85.8364762, 20.2620134 ], [ 85.8366036, 20.2619289 ] ], [ [ 85.8366036, 20.2619289 ], [ 85.8366808, 20.2618682 ] ], [ [ 85.8366808, 20.2618682 ], [ 85.836769, 20.2618444 ] ], [ [ 85.836769, 20.2618444 ], [ 85.8368262, 20.2618093 ], [ 85.8368721, 20.2617618 ], [ 85.8369037, 20.2617049 ] ], [ [ 85.8369037, 20.2617049 ], [ 85.8369113, 20.2616819 ] ], [ [ 85.8369113, 20.2616819 ], [ 85.8369199, 20.2616101 ], [ 85.8369064, 20.261539 ], [ 85.8368719, 20.2614744 ], [ 85.8368193, 20.2614217 ], [ 85.8367528, 20.2613851 ], [ 85.836678, 20.2613679 ] ], [ [ 85.836678, 20.2613679 ], [ 85.8366336, 20.2613673 ], [ 85.8365897, 20.2613736 ] ], [ [ 85.8365897, 20.2613736 ], [ 85.8360493, 20.2607444 ] ], [ [ 85.8360493, 20.2607444 ], [ 85.8362052, 20.2606 ], [ 85.8367216, 20.2602072 ] ], [ [ 85.8367216, 20.2602072 ], [ 85.8377269, 20.2595847 ] ], [ [ 85.8377269, 20.2595847 ], [ 85.8378752, 20.2597595 ], [ 85.8381151, 20.2600592 ] ] ] } },
{ "type": "Feature", "properties": { "route_id": "R_SYN018", "stop_id": "SYN018" }, "geometry": { "type": "MultiLineString", "coordinates": [ [ [ 85.7956882, 20.2733904 ], [ 85.7956242, 20.2730836 ], [ 85.7955946, 20.2730307 ], [ 85.7955213, 20.2729733 ], [ 85.7955018, 20.2728997 ], [ 85.7957248, 20.2724912 ] ], [ [ 85.7957248, 20.2724912 ], [ 85.795809, 20.2725261 ], [ 85.7960022, 20.272565 ], [ 85.7961624, 20.2725637 ] ], [ [ 85.7961624, 20.2725637 ], [ 85.7964029, 20.2725288 ], [ 85.7964995, 20.2725038 ], [ 85.7965888, 20.2724875 ], [ 85.7967526, 20.2724499 ], [ 85.7968487, 20.2725038 ], [ 85.7969664, 20.2725134 ], [ 85.7971879, 20.2724894 ] ], [ [ 85.7971879, 20.2724894 ], [ 85.797172, 20.272296 ] ], [ [ 85.797172, 20.272296 ], [ 85.7973646, 20.2723499 ], [ 85.7975134, 20.2723949 ], [ 85.7976709, 20.2723938 ], [ 85.7978406, 20.2723928 ], [ 85.7979713, 20.2724066 ], [ 85.7980724, 20.2724183 ] ], [ [ 85.7980724, 20.2724183 ], [ 85.7980894, 20.2724889 ], [ 85.7981441, 20.2726138 ] ], [ [ 85.7981441, 20.2726138 ], [ 85.7984022, 20.2729489 ], [ 85.7986636, 20.2734028 ], [ 85.798722, 20.273434 ], [ 85.7989328, 20.2735272 ], [ 85.7991862, 20.2737681 ], [ 85.7995137, 20.2739924 ] ], [ [ 85.7995137, 20.2739924 ], [ 85.799999, 20.2742208 ] ], [ [ 85.799999, 20.2742208 ], [ 85.800016, 20.2742288 ], [ 85.8004007, 20.2743246 ] ], [ [ 85.8004007, 20.2743246 ], [ 85.8005615, 20.2745986 ] ], [ [ 85.8005615, 20.2745986 ], [ 85.8008421, 20.2749758 ], [ 85.8010195, 20.2751889 ] ], [ [ 85.8010195, 20.2751889 ], [ 85.8013269, 20.2751855 ] ], [ [ 85.8013269, 20.2751855 ], [ 85.8015809, 20.27517 ], [ 85.8017735, 20.2751686 ] ], [ [ 85.8017735, 20.2751686 ], [ 85.8019562, 20.2751853 ], [ 85.8021852, 20.2751956 ], [ 85.8023173, 20.2751956 ] ], [ [ 85.8023173, 20.2751956 ], [ 85.802482, 20.2752022 ], [ 85.8027718, 20.2752354 ], [ 85.8029086, 20.2752573 ], [ 85.8030419, 20.2753034 ], [ 85.8031804, 20.2753695 ] ], [ [ 85.8031804, 20.2753695 ], [ 85.8035951, 20.2756 ] ], [ [ 85.8035951, 20.2756 ], [ 85.8036496, 20.2757286 ] ], [ [ 85.8036496, 20.2757286 ], [ 85.8037569, 20.27581 ] ], [ [ 85.8037569, 20.27581 ], [ 85.8040261, 20.2760246 ] ], [ [ 85.8040261, 20.2760246 ], [ 85.8041889, 20.2761741 ], [ 85.8044882, 20.2764697 ] ], [ [ 85.8044882, 20.2764697 ], [ 85.8054861, 20.2774676 ], [ 85.8055858, 20.2775696 ] ], [ [ 85.8055858, 20.2775696 ], [ 85.806398, 20.278396 ], [ 85.8065197, 20.2785206 ] ], [ [ 85.8065197, 20.2785206 ], [ 85.8070385, 20.2790515 ] ], [ [ 85.8070385, 20.2790515 ], [ 85.8079276, 20.2799384 ], [ 85.8084043, 20.2804138 ], [ 85.8090417, 20.2810557 ], [ 85.8101485, 20.2821703 ] ], [ [ 85.8101485, 20.2821703 ], [ 85.8100801, 20.2822425 ], [ 85.8096838, 20.2827116 ], [ 85.80891, 20.283598 ], [ 85.8088058, 20.2837211 ] ], [ [ 85.8088058, 20.2837211 ], [ 85.8087489, 20.2838052 ] ], [ [ 85.8087489, 20.2838052 ], [ 85.8087888, 20.2838411 ] ], [ [ 85.8087888, 20.2838411 ], [ 85.8090337, 20.2842327 ], [ 85.8091396, 20.2846314 ], [ 85.8092709, 20.2850929 ], [ 85.8090189, 20.2849132 ], [ 85.8087708, 20.2847484 ], [ 85.8086622, 20.284673 ], [ 85.8084422, 20.284449 ], [ 85.8083326, 20.2843401 ] ] ] } },
{ "type": "Feature", "properties": { "route_id": "R_SYN019", "stop_id": "SYN019" }, "geometry": { "type": "MultiLineString", "coordinates": [ [ [ 85.7956882, 20.2733904 ], [ 85.7956242, 20.2730836 ], [ 85.7955946, 20.2730307 ], [ 85.7955213, 20.2729733 ], [ 85.7955018, 20.2728997 ], [ 85.7957248, 20.2724912 ] ], [ [ 85.7957248, 20.2724912 ], [ 85.795809, 20.2725261 ], [ 85.7960022, 20.272565 ], [ 85.7961624, 20.2725637 ] ], [ [ 85.7961624, 20.2725637 ], [ 85.7964029, 20.2725288 ], [ 85.7964995, 20.2725038 ], [ 85.7965888, 20.2724875 ], [ 85.7967526, 20.2724499 ], [ 85.7968487, 20.2725038 ], [ 85.7969664, 20.2725134 ], [ 85.7971879, 20.2724894 ] ], [ [ 85.7971879, 20.2724894 ], [ 85.797172, 20.272296 ] ], [ [ 85.797172, 20.272296 ], [ 85.7972477, 20.2717737 ] ], [ [ 85.7972477, 20.2717737 ], [ 85.7975255, 20.2717888 ], [ 85.7977045, 20.2717707 ], [ 85.7978663, 20.2717358 ] ], [ [ 85.7978663, 20.2717358 ], [ 85.7981349, 20.271675 ] ], [ [ 85.7981349, 20.271675 ], [ 85.7983505, 20.2716077 ], [ 85.7984191, 20.2715274 ], [ 85.7984898, 20.2714498 ] ], [ [ 85.7984898, 20.2714498 ], [ 85.7986237, 20.2714557 ], [ 85.798756, 20.2714805 ], [ 85.7989082, 20.271465 ], [ 85.7989942, 20.2714246 ], [ 85.7990505, 20.2712074 ], [ 85.7990802, 20.2710119 ], [ 85.7992192, 20.2709343 ], [ 85.7993081, 20.2708896 ] ], [ [ 85.7993081, 20.2708896 ], [ 85.7994044, 20.2708412 ], [ 85.7995401, 20.2707512 ], [ 85.7996129, 20.2706798 ], [ 85.7999083, 20.2705607 ], [ 85.7997176, 20.2699327 ] ], [ [ 85.7997176, 20.2699327 ], [ 85.799982, 20.2697882 ] ], [ [ 85.799982, 20.2697882 ], [ 85.8001269, 20.2696868 ], [ 85.8005527, 20.2696131 ] ], [ [ 85.8005527, 20.2696131 ], [ 85.800667, 20.2698519 ] ], [ [ 85.800667, 20.2698519 ], [ 85.801248, 20.2693828 ], [ 85.8014922, 20.2691786 ], [ 85.801763, 20.2689876 ], [ 85.8019317, 20.268979 ] ], [ [ 85.8019317, 20.268979 ], [ 85.8023185, 20.2694218 ] ], [ [ 85.8023185, 20.2694218 ], [ 85.8029987, 20.2690059 ], [ 85.8032486, 20.2687671 ] ], [ [ 85.8032486, 20.2687671 ], [ 85.803749, 20.2690569 ], [ 85.8041913, 20.269319 ] ], [ [ 85.8041913, 20.269319 ], [ 85.8052733, 20.2698734 ] ], [ [ 85.8052733, 20.2698734 ], [ 85.8059109, 20.2702311 ], [ 85.8060087, 20.2702905 ], [ 85.8065427, 20.270607 ], [ 85.8067635, 20.2707515 ] ], [ [ 85.8067635, 20.2707515 ], [ 85.8068376, 20.2708031 ] ], [ [ 85.8068376, 20.2708031 ], [ 85.8068528, 20.270789 ], [ 85.8069183, 20.2707315 ] ], [ [ 85.8069183, 20.2707315 ], [ 85.8071166, 20.2705576 ] ], [ [ 85.8071166, 20.2705576 ], [ 85.8074254, 20.2702742 ] ], [ [ 85.8074254, 20.2702742 ], [ 85.80776, 20.2699615 ] ], [ [ 85.80776, 20.2699615 ], [ 85.8091807, 20.2686525 ], [ 85.8095826, 20.2682949 ], [ 85.8097477, 20.2681471 ], [ 85.8100499, 20.2678704 ], [ 85.8107237, 20.2672454 ], [ 85.8108664, 20.2671111 ] ], [ [ 85.8108664, 20.2671111 ], [ 85.8113638, 20.2666499 ], [ 85.8123276, 20.2657389 ], [ 85.8132396, 20.2648859 ], [ 85.8140228, 20.2641764 ], [ 85.8143017, 20.2639273 ] ], [ [ 85.8143017, 20.2639273 ], [ 85.8146504, 20.2636278 ], [ 85.8147825, 20.2635196 ], [ 85.8151144, 20.2632479 ], [ 85.8152191, 20.26319 ], [ 85.8153371, 20.2631523 ], [ 85.8157475, 20.263034 ], [ 85.8159513, 20.262961 ], [ 85.8161444, 20.2628554 ], [ 85.8162571, 20.2627748 ], [ 85.8163965, 20.262644 ], [ 85.8166272, 20.2623873 ], [ 85.8168065, 20.2621608 ] ], [ [ 85.8168065, 20.2621608 ], [ 85.8168364, 20.2621231 ], [ 85.8170215, 20.2619168 ], [ 85.8176304, 20.2612601 ], [ 85.818199, 20.2606562 ], [ 85.8183921, 20.2604725 ], [ 85.8185799, 20.260324 ], [ 85.8187837, 20.260163 ], [ 85.8190314, 20.2599923 ] ], [ [ 85.8190314, 20.2599923 ], [ 85.8195213, 20.2596547 ], [ 85.8204467, 20.2590256 ], [ 85.8205486, 20.2589565 ] ], [ [ 85.8205486, 20.2589565 ], [ 85.8212513, 20.2584846 ], [ 85.8214069, 20.2583915 ], [ 85.8218137, 20.2581376 ] ], [ [ 85.8218137, 20.2581376 ], [ 85.8226644, 20.2576068 ], [ 85.8227994, 20.257528 ] ], [ [ 85.8227994, 20.257528 ], [ 85.8229022, 20.2574603 ] ], [ [ 85.8229022, 20.2574603 ], [ 85.8231006, 20.2572665 ] ], [ [ 85.8231006, 20.2572665 ], [ 85.8231126, 20.2572589 ], [ 85.8243384, 20.2564832 ] ], [ [ 85.8243384, 20.2564832 ], [ 85.8247717, 20.2562338 ] ], [ [ 85.8247717, 20.2562338 ], [ 85.8251583, 20.2560163 ], [ 85.8251975, 20.2559942 ], [ 85.8255094, 20.2558578 ], [ 85.8258399, 20.2557388 ] ], [ [ 85.8258399, 20.2557388 ], [ 85.826009, 20.2556624 ] ], [ [ 85.826009, 20.2556624 ], [ 85.8261192, 20.2556678 ], [ 85.8261665, 20.2556521 ] ], [ [ 85.8261665, 20.2556521 ], [ 85.8262548, 20.2556229 ] ], [ [ 85.8262548, 20.2556229 ], [ 85.8270266, 20.2553676 ], [ 85.8280256, 20.255021 ] ], [ [ 85.8280256, 20.255021 ], [ 85.8282284, 20.2549506 ], [ 85.8295715, 20.2545123 ] ], [ [ 85.8295715, 20.2545123 ], [ 85.8300333, 20.2543955 ] ], [ [ 85.8300333, 20.2543955 ], [ 85.8301847, 20.2543759 ], [ 85.8303481, 20.2543838 ], [ 85.8305528, 20.2544252 ], [ 85.830724, 20.2544748 ], [ 85.8308652, 20.2545228 ], [ 85.8310356, 20.2545988 ], [ 85.8311988, 20.2547065 ], [ 85.8313671, 20.2548522 ] ], [ [ 85.8313671, 20.2548522 ], [ 85.8315215, 20.2549858 ], [ 85.8316413, 20.255126 ], [ 85.8317285, 20.2552445 ] ], [ [ 85.8317285, 20.2552445 ], [ 85.8318428, 20.2553966 ] ], [ [ 85.8318428, 20.2553966 ], [ 85.8319575, 20.2553181 ] ], [ [ 85.8319575, 20.2553181 ], [ 85.8318313, 20.2551453 ] ], [ [ 85.8318313, 20.2551453 ], [ 85.832043, 20.2549714 ], [ 85.8323944, 20.2547388 ], [ 85.8325821, 20.2546583 ], [ 85.8328163, 20.2545124 ], [ 85.8338679, 20.2537592 ], [ 85.834613, 20.2532294 ], [ 85.834798, 20.2531219 ], [ 85.8350014, 20.2530289 ], [ 85.8357905, 20.2527619 ], [ 85.8358819, 20.252737 ], [ 85.8359534, 20.2527176 ], [ 85.8360802, 20.252694 ], [ 85.8361731, 20.2526742 ] ], [ [ 85.8361731, 20.2526742 ], [ 85.8362326, 20.2526789 ] ], [ [ 85.8362326, 20.2526789 ], [ 85.8362975, 20.2527072 ] ], [ [ 85.8362975, 20.2527072 ], [ 85.8363182, 20.2527126 ], [ 85.8363619, 20.2526991 ], [ 85.8363849, 20.2526883 ], [ 85.8363958, 20.2526608 ], [ 85.8363969, 20.252628 ], [ 85.8363768, 20.252601 ] ], [ [ 85.8363768, 20.252601 ], [ 85.8363908, 20.2525209 ] ], [ [ 85.8363908, 20.2525209 ], [ 85.8372638, 20.252311 ] ], [ [ 85.8372638, 20.252311 ], [ 85.8375052, 20.2522507 ], [ 85.8391123, 20.2518971 ] ], [ [ 85.8391123, 20.2518971 ], [ 85.8390541, 20.2509233 ], [ 85.8390047, 20.2501364 ] ], [ [ 85.8390047, 20.2501364 ], [ 85.8395314, 20.2500987 ] ], [ [ 85.8395314, 20.2500987 ], [ 85.8399804, 20.250089 ] ], [ [ 85.8399804, 20.250089 ], [ 85.8408, 20.2500828 ], [ 85.8408386, 20.2500825 ], [ 85.8411755, 20.25008 ] ], [ [ 85.8411755, 20.25008 ], [ 85.8412658, 20.2500811 ] ], [ [ 85.8412658, 20.2500811 ], [ 85.8412673, 20.2499742 ], [ 85.841255, 20.2493643 ], [ 85.8412612, 20.2489972 ], [ 85.8412704, 20.2485202 ], [ 85.8412796, 20.2482977 ], [ 85.8412807, 20.24817 ] ], [ [ 85.8412807, 20.24817 ], [ 85.8412827, 20.247945 ], [ 85.8412804, 20.247653 ] ], [ [ 85.8412804, 20.247653 ], [ 85.8412796, 20.2475548 ], [ 85.8412642, 20.2472339 ], [ 85.8412507, 20.2468942 ] ], [ [ 85.8412507, 20.2468942 ], [ 85.8412365, 20.2465372 ], [ 85.8412285, 20.2463898 ] ], [ [ 85.8412285, 20.2463898 ], [ 85.8412119, 20.2460863 ], [ 85.8412081, 20.2459235 ] ], [ [ 85.8412081, 20.2459235 ], [ 85.8412026, 20.2456903 ], [ 85.8411997, 20.2454158 ] ], [ [ 85.8411997, 20.2454158 ], [ 85.8411965, 20.2451121 ], [ 85.8411605, 20.2446331 ] ], [ [ 85.8411605, 20.2446331 ], [ 85.8411557, 20.2445195 ], [ 85.8411311, 20.244131 ], [ 85.8410999, 20.2436194 ], [ 85.8410824, 20.2431562 ] ], [ [ 85.8410824, 20.2431562 ], [ 85.8410796, 20.2427329 ], [ 85.8410842, 20.2423589 ], [ 85.8410769, 20.2420791 ] ], [ [ 85.8410769, 20.2420791 ], [ 85.8410936, 20.2415674 ], [ 85.8410975, 20.2414853 ] ], [ [ 85.8410975, 20.2414853 ], [ 85.8411063, 20.2409752 ], [ 85.8411208, 20.240645 ], [ 85.841129, 20.2404744 ], [ 85.8411387, 20.2402742 ], [ 85.8411454, 20.2401349 ], [ 85.8411588, 20.2398394 ], [ 85.8411618, 20.239708 ], [ 85.8411643, 20.2395968 ], [ 85.8411652, 20.2395129 ], [ 85.8411693, 20.2391451 ], [ 85.8411764, 20.238889 ] ], [ [ 85.8411764, 20.238889 ], [ 85.841189, 20.2383043 ] ], [ [ 85.841189, 20.2383043 ], [ 85.841196, 20.2379817 ], [ 85.8412064, 20.2376207 ], [ 85.8412076, 20.237547 ] ], [ [ 85.8412076, 20.237547 ], [ 85.8412105, 20.2373658 ] ], [ [ 85.8412105, 20.2373658 ], [ 85.8412191, 20.2367148 ] ], [ [ 85.8412191, 20.2367148 ], [ 85.8412213, 20.236541 ] ], [ [ 85.8412213, 20.236541 ], [ 85.841223, 20.2362431 ], [ 85.8412292, 20.2360693 ] ], [ [ 85.8412292, 20.2360693 ], [ 85.8412399, 20.2350538 ], [ 85.8412409, 20.2349219 ] ], [ [ 85.8412409, 20.2349219 ], [ 85.8412795, 20.2349094 ], [ 85.8417535, 20.2347288 ] ] ] } },
{ "type": "Feature", "properties": { "route_id": "R_SYN020", "stop_id": "SYN020" }, "geometry": { "type": "MultiLineString", "coordinates": [ [ [ 85.7956882, 20.2733904 ], [ 85.7956242, 20.2730836 ], [ 85.7955946, 20.2730307 ], [ 85.7955213, 20.2729733 ], [ 85.7955018, 20.2728997 ], [ 85.7957248, 20.2724912 ] ], [ [ 85.7957248, 20.2724912 ], [ 85.795809, 20.2725261 ], [ 85.7960022, 20.272565 ], [ 85.7961624, 20.2725637 ] ], [ [ 85.7961624, 20.2725637 ], [ 85.7964029, 20.2725288 ], [ 85.7964995, 20.2725038 ], [ 85.7965888, 20.2724875 ], [ 85.7967526, 20.2724499 ], [ 85.7968487, 20.2725038 ], [ 85.7969664, 20.2725134 ], [ 85.7971879, 20.2724894 ] ], [ [ 85.7971879, 20.2724894 ], [ 85.797172, 20.272296 ] ], [ [ 85.797172, 20.272296 ], [ 85.7972477, 20.2717737 ] ], [ [ 85.7972477, 20.2717737 ], [ 85.7975255, 20.2717888 ], [ 85.7977045, 20.2717707 ], [ 85.7978663, 20.2717358 ] ], [ [ 85.7978663, 20.2717358 ], [ 85.7981349, 20.271675 ] ], [ [ 85.7981349, 20.271675 ], [ 85.7983505, 20.2716077 ], [ 85.7984191, 20.2715274 ], [ 85.7984898, 20.2714498 ] ], [ [ 85.7984898, 20.2714498 ], [ 85.7986237, 20.2714557 ], [ 85.798756, 20.2714805 ], [ 85.7989082, 20.271465 ], [ 85.7989942, 20.2714246 ], [ 85.7990505, 20.2712074 ], [ 85.7990802, 20.2710119 ], [ 85.7992192, 20.2709343 ], [ 85.7993081, 20.2708896 ] ], [ [ 85.7993081, 20.2708896 ], [ 85.7994044, 20.2708412 ], [ 85.7995401, 20.2707512 ], [ 85.7996129, 20.2706798 ], [ 85.7999083, 20.2705607 ], [ 85.7997176, 20.2699327 ] ], [ [ 85.7997176, 20.2699327 ], [ 85.799982, 20.2697882 ] ], [ [ 85.799982, 20.2697882 ], [ 85.8001269, 20.2696868 ], [ 85.8005527, 20.2696131 ] ], [ [ 85.8005527, 20.2696131 ], [ 85.800667, 20.2698519 ] ], [ [ 85.800667, 20.2698519 ], [ 85.801248, 20.2693828 ], [ 85.8014922, 20.2691786 ], [ 85.801763, 20.2689876 ], [ 85.8019317, 20.268979 ] ], [ [ 85.8019317, 20.268979 ], [ 85.8023185, 20.2694218 ] ], [ [ 85.8023185, 20.2694218 ], [ 85.8029987, 20.2690059 ], [ 85.8032486, 20.2687671 ] ], [ [ 85.8032486, 20.2687671 ], [ 85.803749, 20.2690569 ], [ 85.8041913, 20.269319 ] ], [ [ 85.8041913, 20.269319 ], [ 85.8052733, 20.2698734 ] ], [ [ 85.8052733, 20.2698734 ], [ 85.8059109, 20.2702311 ], [ 85.8060087, 20.2702905 ], [ 85.8065427, 20.270607 ], [ 85.8067635, 20.2707515 ] ], [ [ 85.8067635, 20.2707515 ], [ 85.8068376, 20.2708031 ] ], [ [ 85.8068376, 20.2708031 ], [ 85.8068528, 20.270789 ], [ 85.8069183, 20.2707315 ] ], [ [ 85.8069183, 20.2707315 ], [ 85.8071166, 20.2705576 ] ], [ [ 85.8071166, 20.2705576 ], [ 85.8074254, 20.2702742 ] ], [ [ 85.8074254, 20.2702742 ], [ 85.80776, 20.2699615 ] ], [ [ 85.80776, 20.2699615 ], [ 85.8084125, 20.2703413 ] ], [ [ 85.8084125, 20.2703413 ], [ 85.8089, 20.270625 ] ], [ [ 85.8089, 20.270625 ], [ 85.80951, 20.27098 ] ], [ [ 85.80951, 20.27098 ], [ 85.8098679, 20.2711882 ] ], [ [ 85.8098679, 20.2711882 ], [ 85.8105547, 20.271588 ] ], [ [ 85.8105547, 20.271588 ], [ 85.8106243, 20.2716285 ] ], [ [ 85.8106243, 20.2716285 ], [ 85.8110956, 20.2719027 ] ], [ [ 85.8110956, 20.2719027 ], [ 85.8116198, 20.271367 ] ], [ [ 85.8116198, 20.271367 ], [ 85.8117746, 20.2712072 ] ], [ [ 85.8117746, 20.2712072 ], [ 85.8123123, 20.2706525 ] ], [ [ 85.8123123, 20.2706525 ], [ 85.812901, 20.2700178 ] ], [ [ 85.812901, 20.2700178 ], [ 85.8130322, 20.2699614 ], [ 85.8131277, 20.2699016 ] ], [ [ 85.8131277, 20.2699016 ], [ 85.8131573, 20.2698958 ], [ 85.8131835, 20.2698818 ], [ 85.8132041, 20.2698611 ] ], [ [ 85.8132041, 20.2698611 ], [ 85.8134551, 20.2697939 ], [ 85.8136952, 20.2697686 ] ], [ [ 85.8136952, 20.2697686 ], [ 85.8143293, 20.269715 ], [ 85.8153826, 20.2696086 ], [ 85.815622, 20.2695632 ] ], [ [ 85.815622, 20.2695632 ], [ 85.8164381, 20.2694086 ], [ 85.816954, 20.2692947 ], [ 85.8179763, 20.2690708 ], [ 85.818406, 20.2690449 ], [ 85.8185577, 20.2690513 ], [ 85.8185965, 20.269053 ], [ 85.819113, 20.2691249 ], [ 85.81964, 20.26924 ], [ 85.8202861, 20.2694656 ], [ 85.8215069, 20.2699828 ], [ 85.821612, 20.2700104 ], [ 85.8217764, 20.2700424 ] ], [ [ 85.8217764, 20.2700424 ], [ 85.8217717, 20.2701022 ], [ 85.8218023, 20.270181 ], [ 85.8218305, 20.270216 ], [ 85.8218772, 20.2702624 ], [ 85.8219201, 20.2702972 ], [ 85.8219814, 20.2703291 ], [ 85.822086, 20.2703517 ] ], [ [ 85.822086, 20.2703517 ], [ 85.8221932, 20.270348 ], [ 85.8223066, 20.270303 ], [ 85.8223552, 20.2702549 ] ], [ [ 85.8223552, 20.2702549 ], [ 85.8223957, 20.2701703 ], [ 85.8224074, 20.2700792 ] ], [ [ 85.8224074, 20.2700792 ], [ 85.8232894, 20.2698099 ], [ 85.8238477, 20.2696265 ], [ 85.8244087, 20.2694282 ], [ 85.8252141, 20.2691155 ], [ 85.8257446, 20.2688778 ], [ 85.8258984, 20.2688089 ], [ 85.8267024, 20.2684109 ], [ 85.8275887, 20.267936 ] ], [ [ 85.8275887, 20.267936 ], [ 85.8285914, 20.2672979 ], [ 85.8290181, 20.2670393 ], [ 85.8294171, 20.2668396 ], [ 85.8296099, 20.2667462 ] ], [ [ 85.8296099, 20.2667462 ], [ 85.8298897, 20.2665874 ] ], [ [ 85.8298897, 20.2665874 ], [ 85.8299778, 20.2665254 ] ], [ [ 85.8299778, 20.2665254 ], [ 85.8298268, 20.2663179 ] ], [ [ 85.8298268, 20.2663179 ], [ 85.8296334, 20.2660726 ] ], [ [ 85.8296334, 20.2660726 ], [ 85.8290823, 20.2653736 ] ], [ [ 85.8290823, 20.2653736 ], [ 85.8301554, 20.2645936 ] ], [ [ 85.8301554, 20.2645936 ], [ 85.8313128, 20.2637612 ] ], [ [ 85.8313128, 20.2637612 ], [ 85.8317365, 20.2634902 ] ], [ [ 85.8317365, 20.2634902 ], [ 85.8323457, 20.2630565 ] ], [ [ 85.8323457, 20.2630565 ], [ 85.83313, 20.2640269 ] ] ] } },
{ "type": "Feature", "properties": { "route_id": "R_SYN021", "stop_id": "SYN021" }, "geometry": { "type": "MultiLineString", "coordinates": [ [ [ 85.7956882, 20.2733904 ], [ 85.7956242, 20.2730836 ], [ 85.7955946, 20.2730307 ], [ 85.7955213, 20.2729733 ], [ 85.7955018, 20.2728997 ], [ 85.7957248, 20.2724912 ] ], [ [ 85.7957248, 20.2724912 ], [ 85.795809, 20.2725261 ], [ 85.7960022, 20.272565 ], [ 85.7961624, 20.2725637 ] ], [ [ 85.7961624, 20.2725637 ], [ 85.7964029, 20.2725288 ], [ 85.7964995, 20.2725038 ], [ 85.7965888, 20.2724875 ], [ 85.7967526, 20.2724499 ], [ 85.7968487, 20.2725038 ], [ 85.7969664, 20.2725134 ], [ 85.7971879, 20.2724894 ] ], [ [ 85.7971879, 20.2724894 ], [ 85.797172, 20.272296 ] ], [ [ 85.797172, 20.272296 ], [ 85.7972477, 20.2717737 ] ], [ [ 85.7972477, 20.2717737 ], [ 85.7975255, 20.2717888 ], [ 85.7977045, 20.2717707 ], [ 85.7978663, 20.2717358 ] ], [ [ 85.7978663, 20.2717358 ], [ 85.7981349, 20.271675 ] ], [ [ 85.7981349, 20.271675 ], [ 85.7983505, 20.2716077 ], [ 85.7984191, 20.2715274 ], [ 85.7984898, 20.2714498 ] ], [ [ 85.7984898, 20.2714498 ], [ 85.7986237, 20.2714557 ], [ 85.798756, 20.2714805 ], [ 85.7989082, 20.271465 ], [ 85.7989942, 20.2714246 ], [ 85.7990505, 20.2712074 ], [ 85.7990802, 20.2710119 ], [ 85.7992192, 20.2709343 ], [ 85.7993081, 20.2708896 ] ], [ [ 85.7993081, 20.2708896 ], [ 85.7994044, 20.2708412 ], [ 85.7995401, 20.2707512 ], [ 85.7996129, 20.2706798 ], [ 85.7999083, 20.2705607 ], [ 85.7997176, 20.2699327 ] ], [ [ 85.7997176, 20.2699327 ], [ 85.799982, 20.2697882 ] ], [ [ 85.799982, 20.2697882 ], [ 85.8001269, 20.2696868 ], [ 85.8005527, 20.2696131 ] ], [ [ 85.8005527, 20.2696131 ], [ 85.800667, 20.2698519 ] ], [ [ 85.800667, 20.2698519 ], [ 85.801248, 20.2693828 ], [ 85.8014922, 20.2691786 ], [ 85.801763, 20.2689876 ], [ 85.8019317, 20.268979 ] ], [ [ 85.8019317, 20.268979 ], [ 85.8023185, 20.2694218 ] ], [ [ 85.8023185, 20.2694218 ], [ 85.8029987, 20.2690059 ], [ 85.8032486, 20.2687671 ] ], [ [ 85.8032486, 20.2687671 ], [ 85.803749, 20.2690569 ], [ 85.8041913, 20.269319 ] ], [ [ 85.8041913, 20.269319 ], [ 85.8052733, 20.2698734 ] ], [ [ 85.8052733, 20.2698734 ], [ 85.8059109, 20.2702311 ], [ 85.8060087, 20.2702905 ], [ 85.8065427, 20.270607 ], [ 85.8067635, 20.2707515 ] ], [ [ 85.8067635, 20.2707515 ], [ 85.8068376, 20.2708031 ] ], [ [ 85.8068376, 20.2708031 ], [ 85.8068528, 20.270789 ], [ 85.8069183, 20.2707315 ] ], [ [ 85.8069183, 20.2707315 ], [ 85.8071166, 20.2705576 ] ], [ [ 85.8071166, 20.2705576 ], [ 85.8074254, 20.2702742 ] ], [ [ 85.8074254, 20.2702742 ], [ 85.80776, 20.2699615 ] ], [ [ 85.80776, 20.2699615 ], [ 85.8084125, 20.2703413 ] ], [ [ 85.8084125, 20.2703413 ], [ 85.8089, 20.270625 ] ], [ [ 85.8089, 20.270625 ], [ 85.80951, 20.27098 ] ], [ [ 85.80951, 20.27098 ], [ 85.8098679, 20.2711882 ] ], [ [ 85.8098679, 20.2711882 ], [ 85.8105547, 20.271588 ] ], [ [ 85.8105547, 20.271588 ], [ 85.8106243, 20.2716285 ] ], [ [ 85.8106243, 20.2716285 ], [ 85.8110956, 20.2719027 ] ], [ [ 85.8110956, 20.2719027 ], [ 85.8116198, 20.271367 ] ], [ [ 85.8116198, 20.271367 ], [ 85.8117746, 20.2712072 ] ], [ [ 85.8117746, 20.2712072 ], [ 85.8123123, 20.2706525 ] ], [ [ 85.8123123, 20.2706525 ], [ 85.812901, 20.2700178 ] ], [ [ 85.812901, 20.2700178 ], [ 85.8130322, 20.2699614 ], [ 85.8131277, 20.2699016 ] ], [ [ 85.8131277, 20.2699016 ], [ 85.8131573, 20.2698958 ], [ 85.8131835, 20.2698818 ], [ 85.8132041, 20.2698611 ] ], [ [ 85.8132041, 20.2698611 ], [ 85.8134551, 20.2697939 ], [ 85.8136952, 20.2697686 ] ], [ [ 85.8136952, 20.2697686 ], [ 85.8143293, 20.269715 ], [ 85.8153826, 20.2696086 ], [ 85.815622, 20.2695632 ] ], [ [ 85.815622, 20.2695632 ], [ 85.8164381, 20.2694086 ], [ 85.816954, 20.2692947 ], [ 85.8179763, 20.2690708 ], [ 85.818406, 20.2690449 ], [ 85.8185577, 20.2690513 ], [ 85.8185965, 20.269053 ], [ 85.819113, 20.2691249 ], [ 85.81964, 20.26924 ], [ 85.8202861, 20.2694656 ], [ 85.8215069, 20.2699828 ], [ 85.821612, 20.2700104 ], [ 85.8217764, 20.2700424 ] ], [ [ 85.8217764, 20.2700424 ], [ 85.8217717, 20.2701022 ], [ 85.8218023, 20.270181 ], [ 85.8218305, 20.270216 ], [ 85.8218772, 20.2702624 ], [ 85.8219201, 20.2702972 ], [ 85.8219814, 20.2703291 ], [ 85.822086, 20.2703517 ] ], [ [ 85.822086, 20.2703517 ], [ 85.8221932, 20.270348 ], [ 85.8223066, 20.270303 ], [ 85.8223552, 20.2702549 ] ], [ [ 85.8223552, 20.2702549 ], [ 85.8223957, 20.2701703 ], [ 85.8224074, 20.2700792 ] ], [ [ 85.8224074, 20.2700792 ], [ 85.8232894, 20.2698099 ], [ 85.8238477, 20.2696265 ], [ 85.8244087, 20.2694282 ], [ 85.8252141, 20.2691155 ], [ 85.8257446, 20.2688778 ], [ 85.8258984, 20.2688089 ], [ 85.8267024, 20.2684109 ], [ 85.8275887, 20.267936 ] ], [ [ 85.8275887, 20.267936 ], [ 85.8285914, 20.2672979 ], [ 85.8290181, 20.2670393 ], [ 85.8294171, 20.2668396 ], [ 85.8296099, 20.2667462 ] ], [ [ 85.8296099, 20.2667462 ], [ 85.8298897, 20.2665874 ] ], [ [ 85.8298897, 20.2665874 ], [ 85.8299778, 20.2665254 ] ], [ [ 85.8299778, 20.2665254 ], [ 85.8301527, 20.2664075 ] ], [ [ 85.8301527, 20.2664075 ], [ 85.8310443, 20.2657526 ] ], [ [ 85.8310443, 20.2657526 ], [ 85.8322518, 20.2648853 ] ], [ [ 85.8322518, 20.2648853 ], [ 85.8336346, 20.2639145 ], [ 85.8341817, 20.2635304 ], [ 85.8346236, 20.2632201 ], [ 85.8346608, 20.2631846 ] ], [ [ 85.8346608, 20.2631846 ], [ 85.8347697, 20.2630895 ], [ 85.8364357, 20.2618925 ], [ 85.8369591, 20.2615165 ], [ 85.8379134, 20.2608309 ], [ 85.8382566, 20.2605708 ], [ 85.8383639, 20.260493 ] ], [ [ 85.8383639, 20.260493 ], [ 85.8385968, 20.2603117 ], [ 85.8388512, 20.2601213 ] ], [ [ 85.8388512, 20.2601213 ], [ 85.8392252, 20.2598843 ], [ 85.841163, 20.258542 ] ], [ [ 85.841163, 20.258542 ], [ 85.8413193, 20.2584337 ] ], [ [ 85.8413193, 20.2584337 ], [ 85.8414362, 20.2584429 ], [ 85.8415236, 20.2584581 ], [ 85.8415642, 20.2584734 ], [ 85.8416568, 20.2585205 ] ], [ [ 85.8416568, 20.2585205 ], [ 85.8419895, 20.2588747 ] ], [ [ 85.8419895, 20.2588747 ], [ 85.8421998, 20.2590901 ] ], [ [ 85.8421998, 20.2590901 ], [ 85.8422393, 20.259133 ] ], [ [ 85.8422393, 20.259133 ], [ 85.8424701, 20.2593625 ] ], [ [ 85.8424701, 20.2593625 ], [ 85.8426447, 20.2595393 ], [ 85.8429275, 20.2598347 ], [ 85.8430795, 20.2600074 ], [ 85.8432164, 20.2601796 ], [ 85.8433198, 20.2603227 ] ], [ [ 85.8433198, 20.2603227 ], [ 85.8435013, 20.2606088 ], [ 85.8436567, 20.2608693 ] ], [ [ 85.8436567, 20.2608693 ], [ 85.8438138, 20.2611128 ] ], [ [ 85.8438138, 20.2611128 ], [ 85.8439539, 20.2613294 ] ], [ [ 85.8439539, 20.2613294 ], [ 85.8440446, 20.2614749 ] ], [ [ 85.8440446, 20.2614749 ], [ 85.8442754, 20.2618786 ] ], [ [ 85.8442754, 20.2618786 ], [ 85.8443867, 20.2620651 ] ], [ [ 85.8443867, 20.2620651 ], [ 85.844454, 20.2620346 ] ], [ [ 85.844454, 20.2620346 ], [ 85.8443481, 20.2618551 ] ], [ [ 85.8443481, 20.2618551 ], [ 85.8444334, 20.2618246 ], [ 85.8445898, 20.2617646 ], [ 85.8447778, 20.2617055 ], [ 85.8449313, 20.2616469 ], [ 85.8450549, 20.2616343 ] ], [ [ 85.8450549, 20.2616343 ], [ 85.8451012, 20.2617971 ] ], [ [ 85.8451012, 20.2617971 ], [ 85.845477, 20.2626508 ] ], [ [ 85.845477, 20.2626508 ], [ 85.8459087, 20.2624028 ], [ 85.8462771, 20.2621978 ], [ 85.846553, 20.2620665 ] ], [ [ 85.846553, 20.2620665 ], [ 85.8468178, 20.2619396 ] ], [ [ 85.8468178, 20.2619396 ], [ 85.846955, 20.261856 ] ], [ [ 85.846955, 20.261856 ], [ 85.8473785, 20.2616181 ] ], [ [ 85.8473785, 20.2616181 ], [ 85.8474876, 20.2615909 ], [ 85.8475595, 20.2615782 ] ], [ [ 85.8475595, 20.2615782 ], [ 85.8477718, 20.2615749 ], [ 85.8478436, 20.2615671 ], [ 85.8479809, 20.2615617 ] ], [ [ 85.8479809, 20.2615617 ], [ 85.8480372, 20.2617586 ], [ 85.8481416, 20.262185 ] ], [ [ 85.8481416, 20.262185 ], [ 85.848311, 20.2628 ] ], [ [ 85.848311, 20.2628 ], [ 85.8483385, 20.2628833 ] ], [ [ 85.8483385, 20.2628833 ], [ 85.8484507, 20.2635037 ] ], [ [ 85.8484507, 20.2635037 ], [ 85.8484647, 20.2635772 ], [ 85.8484834, 20.2636749 ], [ 85.848524, 20.2639256 ], [ 85.8485564, 20.2641198 ] ], [ [ 85.8485564, 20.2641198 ], [ 85.8474256, 20.2643566 ] ], [ [ 85.8474256, 20.2643566 ], [ 85.8468677, 20.2644667 ], [ 85.84671, 20.2644967 ], [ 85.8464999, 20.2645846 ] ], [ [ 85.8464999, 20.2645846 ], [ 85.8462502, 20.2642966 ] ], [ [ 85.8462502, 20.2642966 ], [ 85.8459668, 20.2639994 ], [ 85.8457337, 20.2637614 ] ], [ [ 85.8457337, 20.2637614 ], [ 85.8466319, 20.2634208 ], [ 85.8469917, 20.2633258 ] ] ] } },
{ "type": "Feature", "properties": { "route_id": "R_SYN022", "stop_id": "SYN022" }, "geometry": { "type": "MultiLineString", "coordinates": [ [ [ 85.7956882, 20.2733904 ], [ 85.7956242, 20.2730836 ], [ 85.7955946, 20.2730307 ], [ 85.7955213, 20.2729733 ], [ 85.7955018, 20.2728997 ], [ 85.7957248, 20.2724912 ] ], [ [ 85.7957248, 20.2724912 ], [ 85.795809, 20.2725261 ], [ 85.7960022, 20.272565 ], [ 85.7961624, 20.2725637 ] ], [ [ 85.7961624, 20.2725637 ], [ 85.7964029, 20.2725288 ], [ 85.7964995, 20.2725038 ], [ 85.7965888, 20.2724875 ], [ 85.7967526, 20.2724499 ], [ 85.7968487, 20.2725038 ], [ 85.7969664, 20.2725134 ], [ 85.7971879, 20.2724894 ] ], [ [ 85.7971879, 20.2724894 ], [ 85.797172, 20.272296 ] ], [ [ 85.797172, 20.272296 ], [ 85.7973646, 20.2723499 ], [ 85.7975134, 20.2723949 ], [ 85.7976709, 20.2723938 ], [ 85.7978406, 20.2723928 ], [ 85.7979713, 20.2724066 ], [ 85.7980724, 20.2724183 ] ], [ [ 85.7980724, 20.2724183 ], [ 85.7980894, 20.2724889 ], [ 85.7981441, 20.2726138 ] ], [ [ 85.7981441, 20.2726138 ], [ 85.7984022, 20.2729489 ], [ 85.7986636, 20.2734028 ], [ 85.798722, 20.273434 ], [ 85.7989328, 20.2735272 ], [ 85.7991862, 20.2737681 ], [ 85.7995137, 20.2739924 ] ], [ [ 85.7995137, 20.2739924 ], [ 85.799999, 20.2742208 ] ], [ [ 85.799999, 20.2742208 ], [ 85.800016, 20.2742288 ], [ 85.8004007, 20.2743246 ] ], [ [ 85.8004007, 20.2743246 ], [ 85.8005615, 20.2745986 ] ], [ [ 85.8005615, 20.2745986 ], [ 85.8008421, 20.2749758 ], [ 85.8010195, 20.2751889 ] ], [ [ 85.8010195, 20.2751889 ], [ 85.8013269, 20.2751855 ] ], [ [ 85.8013269, 20.2751855 ], [ 85.8015809, 20.27517 ], [ 85.8017735, 20.2751686 ] ], [ [ 85.8017735, 20.2751686 ], [ 85.8019562, 20.2751853 ], [ 85.8021852, 20.2751956 ], [ 85.8023173, 20.2751956 ] ], [ [ 85.8023173, 20.2751956 ], [ 85.802482, 20.2752022 ], [ 85.8027718, 20.2752354 ], [ 85.8029086, 20.2752573 ], [ 85.8030419, 20.2753034 ], [ 85.8031804, 20.2753695 ] ], [ [ 85.8031804, 20.2753695 ], [ 85.8035951, 20.2756 ] ], [ [ 85.8035951, 20.2756 ], [ 85.8036496, 20.2757286 ] ], [ [ 85.8036496, 20.2757286 ], [ 85.8037569, 20.27581 ] ], [ [ 85.8037569, 20.27581 ], [ 85.8040261, 20.2760246 ] ], [ [ 85.8040261, 20.2760246 ], [ 85.8041889, 20.2761741 ], [ 85.8044882, 20.2764697 ] ], [ [ 85.8044882, 20.2764697 ], [ 85.8054861, 20.2774676 ], [ 85.8055858, 20.2775696 ] ], [ [ 85.8055858, 20.2775696 ], [ 85.806398, 20.278396 ], [ 85.8065197, 20.2785206 ] ], [ [ 85.8065197, 20.2785206 ], [ 85.8070385, 20.2790515 ] ], [ [ 85.8070385, 20.2790515 ], [ 85.8079276, 20.2799384 ], [ 85.8084043, 20.2804138 ], [ 85.8090417, 20.2810557 ], [ 85.8101485, 20.2821703 ] ], [ [ 85.8101485, 20.2821703 ], [ 85.8100801, 20.2822425 ], [ 85.8096838, 20.2827116 ], [ 85.80891, 20.283598 ], [ 85.8088058, 20.2837211 ] ], [ [ 85.8088058, 20.2837211 ], [ 85.8087489, 20.2838052 ] ], [ [ 85.8087489, 20.2838052 ], [ 85.8083563, 20.2842239 ], [ 85.8080659, 20.2845301 ], [ 85.8079704, 20.2846143 ] ], [ [ 85.8079704, 20.2846143 ], [ 85.8078263, 20.2847413 ] ], [ [ 85.8078263, 20.2847413 ], [ 85.8077594, 20.2848166 ], [ 85.807691, 20.2848967 ], [ 85.8075977, 20.28501 ] ], [ [ 85.8075977, 20.28501 ], [ 85.807673, 20.2850486 ] ], [ [ 85.807673, 20.2850486 ], [ 85.808039, 20.2852786 ] ], [ [ 85.808039, 20.2852786 ], [ 85.8081644, 20.2853574 ] ], [ [ 85.8081644, 20.2853574 ], [ 85.8083484, 20.285473 ], [ 85.8098007, 20.2863515 ] ], [ [ 85.8098007, 20.2863515 ], [ 85.8099872, 20.2864643 ], [ 85.8102727, 20.2866269 ] ], [ [ 85.8102727, 20.2866269 ], [ 85.8107166, 20.2868997 ] ], [ [ 85.8107166, 20.2868997 ], [ 85.8107815, 20.2869308 ], [ 85.8119452, 20.2876321 ], [ 85.8129904, 20.2882798 ] ], [ [ 85.8129904, 20.2882798 ], [ 85.8133681, 20.2884959 ], [ 85.8140213, 20.2889173 ], [ 85.8142814, 20.2890851 ], [ 85.8148849, 20.2894531 ], [ 85.8154872, 20.2898326 ] ], [ [ 85.8154872, 20.2898326 ], [ 85.8163308, 20.2903155 ], [ 85.816802, 20.2906055 ], [ 85.817054, 20.2907557 ] ], [ [ 85.817054, 20.2907557 ], [ 85.818041, 20.2913513 ], [ 85.8182813, 20.2913942 ] ], [ [ 85.8182813, 20.2913942 ], [ 85.8186578, 20.2916106 ], [ 85.8190404, 20.2918509 ], [ 85.8191979, 20.2919537 ], [ 85.8193481, 20.2920543 ] ], [ [ 85.8193481, 20.2920543 ], [ 85.8194312, 20.2922178 ], [ 85.8194936, 20.2923015 ], [ 85.8196116, 20.2924053 ] ], [ [ 85.8196116, 20.2924053 ], [ 85.8197632, 20.2925053 ], [ 85.8201246, 20.2927137 ], [ 85.8211166, 20.2933258 ], [ 85.8220436, 20.2938827 ] ], [ [ 85.8220436, 20.2938827 ], [ 85.8224319, 20.294116 ], [ 85.8226638, 20.2942545 ] ], [ [ 85.8226638, 20.2942545 ], [ 85.8231079, 20.2945342 ] ], [ [ 85.8231079, 20.2945342 ], [ 85.8234946, 20.2947735 ], [ 85.8240815, 20.2951377 ] ], [ [ 85.8240815, 20.2951377 ], [ 85.8244504, 20.2953703 ], [ 85.8245589, 20.2954372 ], [ 85.8247124, 20.2955303 ] ], [ [ 85.8247124, 20.2955303 ], [ 85.8247025, 20.2955656 ] ], [ [ 85.8247025, 20.2955656 ], [ 85.8246141, 20.2958931 ], [ 85.8245702, 20.2960542 ] ], [ [ 85.8245702, 20.2960542 ], [ 85.8245486, 20.2961056 ], [ 85.8242981, 20.2969703 ] ], [ [ 85.8242981, 20.2969703 ], [ 85.8242557, 20.2971165 ] ], [ [ 85.8242557, 20.2971165 ], [ 85.824194, 20.2973251 ], [ 85.8239658, 20.2980723 ] ], [ [ 85.8239658, 20.2980723 ], [ 85.823863, 20.2984064 ], [ 85.8238226, 20.298541 ], [ 85.8236657, 20.2990395 ], [ 85.8235865, 20.2993139 ] ], [ [ 85.8235865, 20.2993139 ], [ 85.8234345, 20.2998032 ] ], [ [ 85.8234345, 20.2998032 ], [ 85.8228764, 20.3015996 ] ], [ [ 85.8228764, 20.3015996 ], [ 85.8227502, 20.3020402 ], [ 85.8226004, 20.3025285 ], [ 85.8222291, 20.3037905 ], [ 85.82202, 20.30449 ], [ 85.8219453, 20.304701 ], [ 85.8218668, 20.3049595 ], [ 85.8217533, 20.3052942 ], [ 85.82161, 20.30561 ], [ 85.8212043, 20.3061952 ], [ 85.8210089, 20.306477 ], [ 85.8208928, 20.3066437 ] ], [ [ 85.8208928, 20.3066437 ], [ 85.8208678, 20.3066735 ], [ 85.8205799, 20.3071006 ], [ 85.8204073, 20.3074258 ], [ 85.8202784, 20.3077002 ], [ 85.8202201, 20.3078278 ] ], [ [ 85.8202201, 20.3078278 ], [ 85.8201813, 20.3079128 ] ], [ [ 85.8201813, 20.3079128 ], [ 85.8200831, 20.3082094 ], [ 85.8200192, 20.3084887 ], [ 85.8200045, 20.3087096 ], [ 85.8200258, 20.3090499 ], [ 85.8200307, 20.3092353 ], [ 85.8200299, 20.309461 ], [ 85.8201037, 20.3099903 ], [ 85.8201079, 20.3100643 ], [ 85.8201242, 20.3107297 ] ], [ [ 85.8201242, 20.3107297 ], [ 85.8201265, 20.3108238 ] ], [ [ 85.8201265, 20.3108238 ], [ 85.820147, 20.3116432 ], [ 85.820163, 20.3122847 ] ], [ [ 85.820163, 20.3122847 ], [ 85.8201712, 20.3126123 ] ], [ [ 85.8201712, 20.3126123 ], [ 85.8201777, 20.312915 ], [ 85.8201964, 20.3137928 ], [ 85.8202, 20.31396 ], [ 85.8201968, 20.3146496 ] ], [ [ 85.8201968, 20.3146496 ], [ 85.82022, 20.31475 ] ], [ [ 85.82022, 20.31475 ], [ 85.8202727, 20.3160629 ], [ 85.8202909, 20.3164666 ], [ 85.8203154, 20.3170605 ], [ 85.8203244, 20.3172774 ] ], [ [ 85.8203244, 20.3172774 ], [ 85.8203287, 20.3178233 ], [ 85.8203179, 20.3187092 ] ], [ [ 85.8203179, 20.3187092 ], [ 85.8203525, 20.3200262 ], [ 85.8203619, 20.3207918 ], [ 85.820378, 20.3211475 ] ], [ [ 85.820378, 20.3211475 ], [ 85.8203921, 20.3213831 ] ], [ [ 85.8203921, 20.3213831 ], [ 85.8204062, 20.3220417 ] ], [ [ 85.8204062, 20.3220417 ], [ 85.8204604, 20.3233013 ] ], [ [ 85.8204604, 20.3233013 ], [ 85.8204751, 20.3238366 ], [ 85.8204811, 20.3241943 ] ], [ [ 85.8204811, 20.3241943 ], [ 85.8204921, 20.3243546 ], [ 85.820497, 20.3245184 ] ], [ [ 85.820497, 20.3245184 ], [ 85.8204997, 20.3248842 ], [ 85.820579, 20.3256258 ] ], [ [ 85.820579, 20.3256258 ], [ 85.8205942, 20.3257289 ], [ 85.8206553, 20.3261424 ], [ 85.8206715, 20.3262524 ] ], [ [ 85.8206715, 20.3262524 ], [ 85.8206777, 20.3263088 ] ], [ [ 85.8206777, 20.3263088 ], [ 85.8207794, 20.3271587 ] ], [ [ 85.8207794, 20.3271587 ], [ 85.8208801, 20.3279576 ] ], [ [ 85.8208801, 20.3279576 ], [ 85.8208808, 20.3279632 ], [ 85.8209122, 20.3282125 ] ], [ [ 85.8209122, 20.3282125 ], [ 85.8209184, 20.3282619 ], [ 85.8210487, 20.3292017 ] ], [ [ 85.8210487, 20.3292017 ], [ 85.8211207, 20.3297623 ], [ 85.8212013, 20.3303799 ] ], [ [ 85.8212013, 20.3303799 ], [ 85.8212301, 20.3305999 ] ], [ [ 85.8212301, 20.3305999 ], [ 85.821314, 20.3312412 ] ], [ [ 85.821314, 20.3312412 ], [ 85.8213715, 20.3316459 ] ], [ [ 85.8213715, 20.3316459 ], [ 85.821435, 20.3322111 ], [ 85.8214541, 20.3324387 ] ], [ [ 85.8214541, 20.3324387 ], [ 85.8215748, 20.3332709 ], [ 85.8216385, 20.3337508 ] ], [ [ 85.8216385, 20.3337508 ], [ 85.8216525, 20.3338756 ], [ 85.8217145, 20.3343445 ], [ 85.8217351, 20.3345269 ], [ 85.8217657, 20.3347103 ], [ 85.8218079, 20.3350799 ] ], [ [ 85.8218079, 20.3350799 ], [ 85.8218377, 20.3353498 ], [ 85.8218683, 20.3356516 ], [ 85.821926, 20.3360703 ], [ 85.8220102, 20.3367127 ], [ 85.8221056, 20.3374114 ] ], [ [ 85.8221056, 20.3374114 ], [ 85.8221716, 20.3379778 ], [ 85.8222664, 20.33859 ], [ 85.8223254, 20.339022 ] ], [ [ 85.8223254, 20.339022 ], [ 85.8226093, 20.3411023 ] ], [ [ 85.8226093, 20.3411023 ], [ 85.8227322, 20.3420027 ] ], [ [ 85.8227322, 20.3420027 ], [ 85.8227982, 20.3423328 ] ], [ [ 85.8227982, 20.3423328 ], [ 85.8228334, 20.3424736 ] ], [ [ 85.8228334, 20.3424736 ], [ 85.8229917, 20.3429522 ], [ 85.8230567, 20.3431863 ] ], [ [ 85.8230567, 20.3431863 ], [ 85.8231832, 20.3435329 ] ], [ [ 85.8231832, 20.3435329 ], [ 85.8232681, 20.3437902 ], [ 85.8232876, 20.3438419 ] ], [ [ 85.8232876, 20.3438419 ], [ 85.821773, 20.3444956 ], [ 85.8215089, 20.344598 ], [ 85.8209769, 20.3445786 ], [ 85.8210345, 20.345143 ] ], [ [ 85.8210345, 20.345143 ], [ 85.8210582, 20.3453749 ] ], [ [ 85.8210582, 20.3453749 ], [ 85.8205514, 20.3454184 ] ], [ [ 85.8205514, 20.3454184 ], [ 85.8202346, 20.345446 ] ], [ [ 85.8202346, 20.345446 ], [ 85.8202347, 20.3458346 ] ], [ [ 85.8202347, 20.3458346 ], [ 85.8199413, 20.3458571 ] ], [ [ 85.8199413, 20.3458571 ], [ 85.8199687, 20.3461344 ], [ 85.8199887, 20.3463335 ], [ 85.8200289, 20.3468521 ] ], [ [ 85.8200289, 20.3468521 ], [ 85.8200399, 20.3469939 ], [ 85.8201239, 20.3474945 ], [ 85.8201176, 20.3475309 ], [ 85.8200861, 20.3475563 ], [ 85.8198047, 20.3476485 ], [ 85.8196631, 20.3476892 ] ], [ [ 85.8196631, 20.3476892 ], [ 85.819663, 20.3480225 ] ], [ [ 85.819663, 20.3480225 ], [ 85.819604, 20.348027 ], [ 85.8191806, 20.3481293 ], [ 85.8187738, 20.3482205 ], [ 85.8187157, 20.3482514 ], [ 85.8187089, 20.3482971 ], [ 85.8187176, 20.3483481 ], [ 85.8190399, 20.3492411 ] ], [ [ 85.8190399, 20.3492411 ], [ 85.8194392, 20.3491857 ] ], [ [ 85.8194392, 20.3491857 ], [ 85.8193634, 20.3504937 ], [ 85.8193501, 20.3508197 ] ], [ [ 85.8193501, 20.3508197 ], [ 85.8193332, 20.3513355 ], [ 85.8193138, 20.3519252 ], [ 85.8193188, 20.352434 ] ], [ [ 85.8193188, 20.352434 ], [ 85.819145, 20.3524361 ] ], [ [ 85.819145, 20.3524361 ], [ 85.8191485, 20.3519996 ], [ 85.8181505, 20.3520096 ] ] ] } },
{ "type": "Feature", "properties": { "route_id": "R_SYN023", "stop_id": "SYN023" }, "geometry": { "type": "MultiLineString", "coordinates": [ [ [ 85.7956882, 20.2733904 ], [ 85.7956242, 20.2730836 ], [ 85.7955946, 20.2730307 ], [ 85.7955213, 20.2729733 ], [ 85.7955018, 20.2728997 ], [ 85.7957248, 20.2724912 ] ], [ [ 85.7957248, 20.2724912 ], [ 85.795809, 20.2725261 ], [ 85.7960022, 20.272565 ], [ 85.7961624, 20.2725637 ] ], [ [ 85.7961624, 20.2725637 ], [ 85.7964029, 20.2725288 ], [ 85.7964995, 20.2725038 ], [ 85.7965888, 20.2724875 ], [ 85.7967526, 20.2724499 ], [ 85.7968487, 20.2725038 ], [ 85.7969664, 20.2725134 ], [ 85.7971879, 20.2724894 ] ], [ [ 85.7971879, 20.2724894 ], [ 85.797172, 20.272296 ] ], [ [ 85.797172, 20.272296 ], [ 85.7973646, 20.2723499 ], [ 85.7975134, 20.2723949 ], [ 85.7976709, 20.2723938 ], [ 85.7978406, 20.2723928 ], [ 85.7979713, 20.2724066 ], [ 85.7980724, 20.2724183 ] ], [ [ 85.7980724, 20.2724183 ], [ 85.7980894, 20.2724889 ], [ 85.7981441, 20.2726138 ] ], [ [ 85.7981441, 20.2726138 ], [ 85.7984022, 20.2729489 ], [ 85.7986636, 20.2734028 ], [ 85.798722, 20.273434 ], [ 85.7989328, 20.2735272 ], [ 85.7991862, 20.2737681 ], [ 85.7995137, 20.2739924 ] ], [ [ 85.7995137, 20.2739924 ], [ 85.799999, 20.2742208 ] ], [ [ 85.799999, 20.2742208 ], [ 85.800016, 20.2742288 ], [ 85.8004007, 20.2743246 ] ], [ [ 85.8004007, 20.2743246 ], [ 85.8005615, 20.2745986 ] ], [ [ 85.8005615, 20.2745986 ], [ 85.8008421, 20.2749758 ], [ 85.8010195, 20.2751889 ] ], [ [ 85.8010195, 20.2751889 ], [ 85.8013269, 20.2751855 ] ], [ [ 85.8013269, 20.2751855 ], [ 85.8015809, 20.27517 ], [ 85.8017735, 20.2751686 ] ], [ [ 85.8017735, 20.2751686 ], [ 85.8019562, 20.2751853 ], [ 85.8021852, 20.2751956 ], [ 85.8023173, 20.2751956 ] ], [ [ 85.8023173, 20.2751956 ], [ 85.802482, 20.2752022 ], [ 85.8027718, 20.2752354 ], [ 85.8029086, 20.2752573 ], [ 85.8030419, 20.2753034 ], [ 85.8031804, 20.2753695 ] ], [ [ 85.8031804, 20.2753695 ], [ 85.8035951, 20.2756 ] ], [ [ 85.8035951, 20.2756 ], [ 85.8036496, 20.2757286 ] ], [ [ 85.8036496, 20.2757286 ], [ 85.8037569, 20.27581 ] ], [ [ 85.8037569, 20.27581 ], [ 85.8040261, 20.2760246 ] ], [ [ 85.8040261, 20.2760246 ], [ 85.8041889, 20.2761741 ], [ 85.8044882, 20.2764697 ] ], [ [ 85.8044882, 20.2764697 ], [ 85.8054861, 20.2774676 ], [ 85.8055858, 20.2775696 ] ], [ [ 85.8055858, 20.2775696 ], [ 85.806398, 20.278396 ], [ 85.8065197, 20.2785206 ] ], [ [ 85.8065197, 20.2785206 ], [ 85.8070385, 20.2790515 ] ], [ [ 85.8070385, 20.2790515 ], [ 85.8079276, 20.2799384 ], [ 85.8084043, 20.2804138 ], [ 85.8090417, 20.2810557 ], [ 85.8101485, 20.2821703 ] ], [ [ 85.8101485, 20.2821703 ], [ 85.8100801, 20.2822425 ], [ 85.8096838, 20.2827116 ], [ 85.80891, 20.283598 ], [ 85.8088058, 20.2837211 ] ], [ [ 85.8088058, 20.2837211 ], [ 85.8087489, 20.2838052 ] ], [ [ 85.8087489, 20.2838052 ], [ 85.8083563, 20.2842239 ], [ 85.8080659, 20.2845301 ], [ 85.8079704, 20.2846143 ] ], [ [ 85.8079704, 20.2846143 ], [ 85.8078263, 20.2847413 ] ], [ [ 85.8078263, 20.2847413 ], [ 85.8077594, 20.2848166 ], [ 85.807691, 20.2848967 ], [ 85.8075977, 20.28501 ] ], [ [ 85.8075977, 20.28501 ], [ 85.807673, 20.2850486 ] ], [ [ 85.807673, 20.2850486 ], [ 85.808039, 20.2852786 ] ], [ [ 85.808039, 20.2852786 ], [ 85.8081644, 20.2853574 ] ], [ [ 85.8081644, 20.2853574 ], [ 85.8083484, 20.285473 ], [ 85.8098007, 20.2863515 ] ], [ [ 85.8098007, 20.2863515 ], [ 85.8099872, 20.2864643 ], [ 85.8102727, 20.2866269 ] ], [ [ 85.8102727, 20.2866269 ], [ 85.8107166, 20.2868997 ] ], [ [ 85.8107166, 20.2868997 ], [ 85.8107815, 20.2869308 ], [ 85.8119452, 20.2876321 ], [ 85.8129904, 20.2882798 ] ], [ [ 85.8129904, 20.2882798 ], [ 85.8133681, 20.2884959 ], [ 85.8140213, 20.2889173 ], [ 85.8142814, 20.2890851 ], [ 85.8148849, 20.2894531 ], [ 85.8154872, 20.2898326 ] ], [ [ 85.8154872, 20.2898326 ], [ 85.8163308, 20.2903155 ], [ 85.816802, 20.2906055 ], [ 85.817054, 20.2907557 ] ], [ [ 85.817054, 20.2907557 ], [ 85.818041, 20.2913513 ], [ 85.8182813, 20.2913942 ] ], [ [ 85.8182813, 20.2913942 ], [ 85.8186578, 20.2916106 ], [ 85.8190404, 20.2918509 ], [ 85.8191979, 20.2919537 ], [ 85.8193481, 20.2920543 ] ], [ [ 85.8193481, 20.2920543 ], [ 85.8196834, 20.2922581 ], [ 85.8221566, 20.2937097 ] ], [ [ 85.8221566, 20.2937097 ], [ 85.8222417, 20.2937597 ], [ 85.8243158, 20.2950694 ], [ 85.8245453, 20.2952148 ], [ 85.8249465, 20.2954576 ], [ 85.825362, 20.2957046 ], [ 85.8257032, 20.2958928 ], [ 85.8261358, 20.2960876 ], [ 85.8266986, 20.2963387 ], [ 85.8272003, 20.2965412 ], [ 85.8277046, 20.2966993 ], [ 85.8281386, 20.2968289 ], [ 85.8285125, 20.2969213 ], [ 85.8286427, 20.2969509 ] ], [ [ 85.8286427, 20.2969509 ], [ 85.8288892, 20.2970011 ], [ 85.82891, 20.2970053 ], [ 85.8291966, 20.2970568 ], [ 85.8294551, 20.297093 ], [ 85.8297427, 20.2971289 ], [ 85.830021, 20.2971536 ], [ 85.8304398, 20.2971837 ], [ 85.8308107, 20.2971931 ], [ 85.8311379, 20.2971886 ], [ 85.8315914, 20.2971767 ], [ 85.8320992, 20.2971411 ], [ 85.8325918, 20.297106 ], [ 85.8336596, 20.2970163 ], [ 85.8353685, 20.296863 ], [ 85.8364293, 20.2967677 ], [ 85.8375925, 20.2966831 ], [ 85.8387878, 20.2965794 ], [ 85.8399515, 20.2964977 ], [ 85.8404666, 20.2964606 ], [ 85.8419185, 20.2963574 ], [ 85.8420866, 20.2963441 ], [ 85.8432996, 20.2962288 ], [ 85.8448181, 20.2960857 ], [ 85.8467495, 20.2959386 ], [ 85.8472833, 20.2958933 ], [ 85.8476383, 20.2958617 ] ], [ [ 85.8476383, 20.2958617 ], [ 85.8491069, 20.2957312 ], [ 85.8510991, 20.2955873 ] ], [ [ 85.8510991, 20.2955873 ], [ 85.8511959, 20.2955803 ], [ 85.8520576, 20.295523 ], [ 85.8526085, 20.2954767 ], [ 85.8529467, 20.2954359 ], [ 85.8532566, 20.2954027 ], [ 85.855547, 20.2951969 ], [ 85.8564061, 20.2951467 ], [ 85.8565726, 20.2951429 ], [ 85.8567983, 20.295151 ], [ 85.8571477, 20.2951951 ], [ 85.8572249, 20.2952059 ], [ 85.8574899, 20.2952731 ], [ 85.8576927, 20.2953493 ], [ 85.857869, 20.2954233 ], [ 85.8580682, 20.2955257 ], [ 85.8584127, 20.2957816 ], [ 85.8585664, 20.2959055 ], [ 85.8588224, 20.2961414 ], [ 85.8592664, 20.2965853 ], [ 85.8599523, 20.2972779 ], [ 85.8607578, 20.2980859 ], [ 85.8620704, 20.2993776 ], [ 85.8623477, 20.299651 ], [ 85.8627228, 20.3000228 ], [ 85.8635903, 20.3009042 ] ], [ [ 85.8635903, 20.3009042 ], [ 85.8635966, 20.3009113 ], [ 85.8636355, 20.3009527 ], [ 85.8638224, 20.3011201 ], [ 85.863874, 20.3011648 ] ], [ [ 85.863874, 20.3011648 ], [ 85.8642014, 20.3014691 ], [ 85.8647353, 20.3020005 ], [ 85.865061, 20.3023059 ] ], [ [ 85.865061, 20.3023059 ], [ 85.8651994, 20.3024358 ], [ 85.8654584, 20.3026734 ], [ 85.8658976, 20.3030838 ], [ 85.8673088, 20.3045044 ], [ 85.8689419, 20.306098 ], [ 85.8695054, 20.3066554 ], [ 85.8699851, 20.30713 ] ], [ [ 85.8699851, 20.30713 ], [ 85.8712694, 20.3084005 ] ], [ [ 85.8712694, 20.3084005 ], [ 85.8712828, 20.3084146 ], [ 85.871329, 20.3084615 ], [ 85.8713454, 20.3084757 ] ], [ [ 85.8713454, 20.3084757 ], [ 85.8721105, 20.3092029 ] ], [ [ 85.8721105, 20.3092029 ], [ 85.8722651, 20.3093066 ], [ 85.8723236, 20.3093534 ], [ 85.872374, 20.3093905 ], [ 85.872449, 20.3094402 ] ], [ [ 85.872449, 20.3094402 ], [ 85.8725225, 20.3095058 ], [ 85.8725745, 20.3095411 ] ], [ [ 85.8725745, 20.3095411 ], [ 85.8726533, 20.3095321 ], [ 85.8727159, 20.3095244 ], [ 85.8728011, 20.3095064 ], [ 85.8728501, 20.3094849 ], [ 85.8728902, 20.309447 ], [ 85.872899, 20.3094303 ], [ 85.8729222, 20.3093862 ], [ 85.8729254, 20.3093435 ], [ 85.8729178, 20.3092718 ] ], [ [ 85.8729178, 20.3092718 ], [ 85.8729167, 20.3092007 ], [ 85.8729064, 20.3091082 ] ], [ [ 85.8729064, 20.3091082 ], [ 85.8729004, 20.3090284 ], [ 85.8728816, 20.3089347 ], [ 85.8728501, 20.3088032 ], [ 85.8728179, 20.3086422 ], [ 85.872779, 20.3084096 ], [ 85.8727495, 20.30807 ], [ 85.8727308, 20.3076222 ] ], [ [ 85.8727308, 20.3076222 ], [ 85.8727898, 20.3075468 ], [ 85.8728119, 20.3075241 ], [ 85.8728327, 20.3074826 ], [ 85.8728595, 20.3074329 ], [ 85.872895, 20.3073895 ], [ 85.8729433, 20.3073468 ], [ 85.872995, 20.3073084 ], [ 85.8730566, 20.30726 ], [ 85.8731297, 20.3072109 ], [ 85.8731787, 20.3071751 ], [ 85.8732263, 20.3071392 ], [ 85.8732558, 20.3071204 ], [ 85.8732873, 20.3070971 ], [ 85.8733289, 20.307072 ], [ 85.8733886, 20.3070279 ], [ 85.8736608, 20.3068396 ], [ 85.873829, 20.3067339 ], [ 85.8740734, 20.3065681 ], [ 85.8742693, 20.306451 ], [ 85.8745172, 20.3062933 ], [ 85.874642, 20.3061974 ], [ 85.8747973, 20.3060845 ], [ 85.8749523, 20.3059828 ], [ 85.8751154, 20.3058577 ] ], [ [ 85.8751154, 20.3058577 ], [ 85.8751249, 20.3056974 ], [ 85.8751398, 20.3055197 ] ], [ [ 85.8751398, 20.3055197 ], [ 85.8753025, 20.3055472 ], [ 85.8754311, 20.3055744 ], [ 85.8755384, 20.305603 ], [ 85.8757083, 20.3056431 ], [ 85.8757789, 20.305665 ], [ 85.8758417, 20.3056943 ], [ 85.876257, 20.3059711 ], [ 85.8763382, 20.3060282 ], [ 85.8765958, 20.3062102 ] ] ] } },
{ "type": "Feature", "properties": { "route_id": "R_SYN024", "stop_id": "SYN024" }, "geometry": { "type": "MultiLineString", "coordinates": [ [ [ 85.7956882, 20.2733904 ], [ 85.7956242, 20.2730836 ], [ 85.7955946, 20.2730307 ], [ 85.7955213, 20.2729733 ], [ 85.7955018, 20.2728997 ], [ 85.7957248, 20.2724912 ] ], [ [ 85.7957248, 20.2724912 ], [ 85.795809, 20.2725261 ], [ 85.7960022, 20.272565 ], [ 85.7961624, 20.2725637 ] ], [ [ 85.7961624, 20.2725637 ], [ 85.7964029, 20.2725288 ], [ 85.7964995, 20.2725038 ], [ 85.7965888, 20.2724875 ], [ 85.7967526, 20.2724499 ], [ 85.7968487, 20.2725038 ], [ 85.7969664, 20.2725134 ], [ 85.7971879, 20.2724894 ] ], [ [ 85.7971879, 20.2724894 ], [ 85.797172, 20.272296 ] ], [ [ 85.797172, 20.272296 ], [ 85.7972477, 20.2717737 ] ], [ [ 85.7972477, 20.2717737 ], [ 85.7975255, 20.2717888 ], [ 85.7977045, 20.2717707 ], [ 85.7978663, 20.2717358 ] ], [ [ 85.7978663, 20.2717358 ], [ 85.7981349, 20.271675 ] ], [ [ 85.7981349, 20.271675 ], [ 85.7983505, 20.2716077 ], [ 85.7984191, 20.2715274 ], [ 85.7984898, 20.2714498 ] ], [ [ 85.7984898, 20.2714498 ], [ 85.7986237, 20.2714557 ], [ 85.798756, 20.2714805 ], [ 85.7989082, 20.271465 ], [ 85.7989942, 20.2714246 ], [ 85.7990505, 20.2712074 ], [ 85.7990802, 20.2710119 ], [ 85.7992192, 20.2709343 ], [ 85.7993081, 20.2708896 ] ], [ [ 85.7993081, 20.2708896 ], [ 85.7994044, 20.2708412 ], [ 85.7995401, 20.2707512 ], [ 85.7996129, 20.2706798 ], [ 85.7999083, 20.2705607 ], [ 85.7997176, 20.2699327 ] ], [ [ 85.7997176, 20.2699327 ], [ 85.799982, 20.2697882 ] ], [ [ 85.799982, 20.2697882 ], [ 85.8001269, 20.2696868 ], [ 85.8005527, 20.2696131 ] ], [ [ 85.8005527, 20.2696131 ], [ 85.800667, 20.2698519 ] ], [ [ 85.800667, 20.2698519 ], [ 85.801248, 20.2693828 ], [ 85.8014922, 20.2691786 ], [ 85.801763, 20.2689876 ], [ 85.8019317, 20.268979 ] ], [ [ 85.8019317, 20.268979 ], [ 85.8023185, 20.2694218 ] ], [ [ 85.8023185, 20.2694218 ], [ 85.8029987, 20.2690059 ], [ 85.8032486, 20.2687671 ] ], [ [ 85.8032486, 20.2687671 ], [ 85.803749, 20.2690569 ], [ 85.8041913, 20.269319 ] ], [ [ 85.8041913, 20.269319 ], [ 85.8052733, 20.2698734 ] ], [ [ 85.8052733, 20.2698734 ], [ 85.8059109, 20.2702311 ], [ 85.8060087, 20.2702905 ], [ 85.8065427, 20.270607 ], [ 85.8067635, 20.2707515 ] ], [ [ 85.8067635, 20.2707515 ], [ 85.8068376, 20.2708031 ] ], [ [ 85.8068376, 20.2708031 ], [ 85.8068528, 20.270789 ], [ 85.8069183, 20.2707315 ] ], [ [ 85.8069183, 20.2707315 ], [ 85.8071166, 20.2705576 ] ], [ [ 85.8071166, 20.2705576 ], [ 85.8074254, 20.2702742 ] ], [ [ 85.8074254, 20.2702742 ], [ 85.80776, 20.2699615 ] ], [ [ 85.80776, 20.2699615 ], [ 85.8084125, 20.2703413 ] ], [ [ 85.8084125, 20.2703413 ], [ 85.8089, 20.270625 ] ], [ [ 85.8089, 20.270625 ], [ 85.80951, 20.27098 ] ], [ [ 85.80951, 20.27098 ], [ 85.8098679, 20.2711882 ] ], [ [ 85.8098679, 20.2711882 ], [ 85.8105547, 20.271588 ] ], [ [ 85.8105547, 20.271588 ], [ 85.8106243, 20.2716285 ] ], [ [ 85.8106243, 20.2716285 ], [ 85.8110956, 20.2719027 ] ], [ [ 85.8110956, 20.2719027 ], [ 85.8116198, 20.271367 ] ], [ [ 85.8116198, 20.271367 ], [ 85.8117746, 20.2712072 ] ], [ [ 85.8117746, 20.2712072 ], [ 85.8123123, 20.2706525 ] ], [ [ 85.8123123, 20.2706525 ], [ 85.812901, 20.2700178 ] ], [ [ 85.812901, 20.2700178 ], [ 85.8130322, 20.2699614 ], [ 85.8131277, 20.2699016 ] ], [ [ 85.8131277, 20.2699016 ], [ 85.8131573, 20.2698958 ], [ 85.8131835, 20.2698818 ], [ 85.8132041, 20.2698611 ] ], [ [ 85.8132041, 20.2698611 ], [ 85.8134551, 20.2697939 ], [ 85.8136952, 20.2697686 ] ], [ [ 85.8136952, 20.2697686 ], [ 85.8143293, 20.269715 ], [ 85.8153826, 20.2696086 ], [ 85.815622, 20.2695632 ] ], [ [ 85.815622, 20.2695632 ], [ 85.8164381, 20.2694086 ], [ 85.816954, 20.2692947 ], [ 85.8179763, 20.2690708 ], [ 85.818406, 20.2690449 ], [ 85.8185577, 20.2690513 ], [ 85.8185965, 20.269053 ], [ 85.819113, 20.2691249 ], [ 85.81964, 20.26924 ], [ 85.8202861, 20.2694656 ], [ 85.8215069, 20.2699828 ], [ 85.821612, 20.2700104 ], [ 85.8217764, 20.2700424 ] ], [ [ 85.8217764, 20.2700424 ], [ 85.8217717, 20.2701022 ], [ 85.8218023, 20.270181 ], [ 85.8218305, 20.270216 ], [ 85.8218772, 20.2702624 ], [ 85.8219201, 20.2702972 ], [ 85.8219814, 20.2703291 ], [ 85.822086, 20.2703517 ] ], [ [ 85.822086, 20.2703517 ], [ 85.8221932, 20.270348 ], [ 85.8223066, 20.270303 ], [ 85.8223552, 20.2702549 ] ], [ [ 85.8223552, 20.2702549 ], [ 85.8223957, 20.2701703 ], [ 85.8224074, 20.2700792 ] ], [ [ 85.8224074, 20.2700792 ], [ 85.8232894, 20.2698099 ], [ 85.8238477, 20.2696265 ], [ 85.8244087, 20.2694282 ], [ 85.8252141, 20.2691155 ], [ 85.8257446, 20.2688778 ], [ 85.8258984, 20.2688089 ], [ 85.8267024, 20.2684109 ], [ 85.8275887, 20.267936 ] ], [ [ 85.8275887, 20.267936 ], [ 85.8285914, 20.2672979 ], [ 85.8290181, 20.2670393 ], [ 85.8294171, 20.2668396 ], [ 85.8296099, 20.2667462 ] ], [ [ 85.8296099, 20.2667462 ], [ 85.8298897, 20.2665874 ] ], [ [ 85.8298897, 20.2665874 ], [ 85.8299778, 20.2665254 ] ], [ [ 85.8299778, 20.2665254 ], [ 85.8301527, 20.2664075 ] ], [ [ 85.8301527, 20.2664075 ], [ 85.8310443, 20.2657526 ] ], [ [ 85.8310443, 20.2657526 ], [ 85.8322518, 20.2648853 ] ], [ [ 85.8322518, 20.2648853 ], [ 85.8336346, 20.2639145 ], [ 85.8341817, 20.2635304 ], [ 85.8346236, 20.2632201 ], [ 85.8346608, 20.2631846 ] ], [ [ 85.8346608, 20.2631846 ], [ 85.8347697, 20.2630895 ], [ 85.8364357, 20.2618925 ], [ 85.8369591, 20.2615165 ], [ 85.8379134, 20.2608309 ], [ 85.8382566, 20.2605708 ], [ 85.8383639, 20.260493 ] ], [ [ 85.8383639, 20.260493 ], [ 85.8385968, 20.2603117 ], [ 85.8388512, 20.2601213 ] ], [ [ 85.8388512, 20.2601213 ], [ 85.8392252, 20.2598843 ], [ 85.841163, 20.258542 ] ], [ [ 85.841163, 20.258542 ], [ 85.8413193, 20.2584337 ] ], [ [ 85.8413193, 20.2584337 ], [ 85.8414362, 20.2584429 ], [ 85.8415236, 20.2584581 ], [ 85.8415642, 20.2584734 ], [ 85.8416568, 20.2585205 ] ], [ [ 85.8416568, 20.2585205 ], [ 85.8419895, 20.2588747 ] ], [ [ 85.8419895, 20.2588747 ], [ 85.8421998, 20.2590901 ] ], [ [ 85.8421998, 20.2590901 ], [ 85.8422393, 20.259133 ] ], [ [ 85.8422393, 20.259133 ], [ 85.8424701, 20.2593625 ] ], [ [ 85.8424701, 20.2593625 ], [ 85.8426447, 20.2595393 ], [ 85.8429275, 20.2598347 ], [ 85.8430795, 20.2600074 ], [ 85.8432164, 20.2601796 ], [ 85.8433198, 20.2603227 ] ], [ [ 85.8433198, 20.2603227 ], [ 85.8435013, 20.2606088 ], [ 85.8436567, 20.2608693 ] ], [ [ 85.8436567, 20.2608693 ], [ 85.8438138, 20.2611128 ] ], [ [ 85.8438138, 20.2611128 ], [ 85.8439539, 20.2613294 ] ], [ [ 85.8439539, 20.2613294 ], [ 85.8440446, 20.2614749 ] ], [ [ 85.8440446, 20.2614749 ], [ 85.8442754, 20.2618786 ] ], [ [ 85.8442754, 20.2618786 ], [ 85.8443867, 20.2620651 ] ], [ [ 85.8443867, 20.2620651 ], [ 85.8446006, 20.2624236 ] ], [ [ 85.8446006, 20.2624236 ], [ 85.8448236, 20.2628177 ] ], [ [ 85.8448236, 20.2628177 ], [ 85.8449259, 20.2629695 ], [ 85.8450503, 20.2631319 ] ], [ [ 85.8450503, 20.2631319 ], [ 85.8452692, 20.2633898 ], [ 85.8454559, 20.2636072 ] ], [ [ 85.8454559, 20.2636072 ], [ 85.8456403, 20.2637986 ], [ 85.8461255, 20.2643024 ] ], [ [ 85.8461255, 20.2643024 ], [ 85.8463093, 20.2644916 ], [ 85.8464585, 20.2646607 ] ], [ [ 85.8464585, 20.2646607 ], [ 85.8465899, 20.2648393 ], [ 85.8467071, 20.2650197 ], [ 85.8468183, 20.265231 ], [ 85.8470353, 20.2656924 ], [ 85.8472301, 20.266137 ], [ 85.8473809, 20.2664621 ], [ 85.8476475, 20.266974 ] ], [ [ 85.8476475, 20.266974 ], [ 85.8480223, 20.2676985 ] ], [ [ 85.8480223, 20.2676985 ], [ 85.8483373, 20.2682676 ] ], [ [ 85.8483373, 20.2682676 ], [ 85.8479984, 20.2684927 ], [ 85.8471844, 20.2692332 ] ], [ [ 85.8471844, 20.2692332 ], [ 85.8475376, 20.2696645 ], [ 85.8476352, 20.2697899 ] ], [ [ 85.8476352, 20.2697899 ], [ 85.8474022, 20.2699588 ], [ 85.8473823, 20.269994 ], [ 85.8473867, 20.2700369 ], [ 85.8474101, 20.2700727 ], [ 85.8479759, 20.270778 ] ] ] } },
{ "type": "Feature", "properties": { "route_id": "R_SYN025", "stop_id": "SYN025" }, "geometry": { "type": "MultiLineString", "coordinates": [ [ [ 85.7956882, 20.2733904 ], [ 85.7956242, 20.2730836 ], [ 85.7955946, 20.2730307 ], [ 85.7955213, 20.2729733 ], [ 85.7955018, 20.2728997 ], [ 85.7957248, 20.2724912 ] ], [ [ 85.7957248, 20.2724912 ], [ 85.795809, 20.2725261 ], [ 85.7960022, 20.272565 ], [ 85.7961624, 20.2725637 ] ], [ [ 85.7961624, 20.2725637 ], [ 85.7964029, 20.2725288 ], [ 85.7964995, 20.2725038 ], [ 85.7965888, 20.2724875 ], [ 85.7967526, 20.2724499 ], [ 85.7968487, 20.2725038 ], [ 85.7969664, 20.2725134 ], [ 85.7971879, 20.2724894 ] ], [ [ 85.7971879, 20.2724894 ], [ 85.797172, 20.272296 ] ], [ [ 85.797172, 20.272296 ], [ 85.7973646, 20.2723499 ], [ 85.7975134, 20.2723949 ], [ 85.7976709, 20.2723938 ], [ 85.7978406, 20.2723928 ], [ 85.7979713, 20.2724066 ], [ 85.7980724, 20.2724183 ] ], [ [ 85.7980724, 20.2724183 ], [ 85.7980894, 20.2724889 ], [ 85.7981441, 20.2726138 ] ], [ [ 85.7981441, 20.2726138 ], [ 85.7984022, 20.2729489 ], [ 85.7986636, 20.2734028 ], [ 85.798722, 20.273434 ], [ 85.7989328, 20.2735272 ], [ 85.7991862, 20.2737681 ], [ 85.7995137, 20.2739924 ] ], [ [ 85.7995137, 20.2739924 ], [ 85.799999, 20.2742208 ] ], [ [ 85.799999, 20.2742208 ], [ 85.800016, 20.2742288 ], [ 85.8004007, 20.2743246 ] ], [ [ 85.8004007, 20.2743246 ], [ 85.8005615, 20.2745986 ] ], [ [ 85.8005615, 20.2745986 ], [ 85.8008421, 20.2749758 ], [ 85.8010195, 20.2751889 ] ], [ [ 85.8010195, 20.2751889 ], [ 85.8013269, 20.2751855 ] ], [ [ 85.8013269, 20.2751855 ], [ 85.8015809, 20.27517 ], [ 85.8017735, 20.2751686 ] ], [ [ 85.8017735, 20.2751686 ], [ 85.8019562, 20.2751853 ], [ 85.8021852, 20.2751956 ], [ 85.8023173, 20.2751956 ] ], [ [ 85.8023173, 20.2751956 ], [ 85.802482, 20.2752022 ], [ 85.8027718, 20.2752354 ], [ 85.8029086, 20.2752573 ], [ 85.8030419, 20.2753034 ], [ 85.8031804, 20.2753695 ] ], [ [ 85.8031804, 20.2753695 ], [ 85.8035951, 20.2756 ] ], [ [ 85.8035951, 20.2756 ], [ 85.8036496, 20.2757286 ] ], [ [ 85.8036496, 20.2757286 ], [ 85.8037569, 20.27581 ] ], [ [ 85.8037569, 20.27581 ], [ 85.8040261, 20.2760246 ] ], [ [ 85.8040261, 20.2760246 ], [ 85.8041889, 20.2761741 ], [ 85.8044882, 20.2764697 ] ], [ [ 85.8044882, 20.2764697 ], [ 85.8054861, 20.2774676 ], [ 85.8055858, 20.2775696 ] ], [ [ 85.8055858, 20.2775696 ], [ 85.806398, 20.278396 ], [ 85.8065197, 20.2785206 ] ], [ [ 85.8065197, 20.2785206 ], [ 85.8070385, 20.2790515 ] ], [ [ 85.8070385, 20.2790515 ], [ 85.8079276, 20.2799384 ], [ 85.8084043, 20.2804138 ], [ 85.8090417, 20.2810557 ], [ 85.8101485, 20.2821703 ] ], [ [ 85.8101485, 20.2821703 ], [ 85.8100801, 20.2822425 ], [ 85.8096838, 20.2827116 ], [ 85.80891, 20.283598 ], [ 85.8088058, 20.2837211 ] ], [ [ 85.8088058, 20.2837211 ], [ 85.8087489, 20.2838052 ] ], [ [ 85.8087489, 20.2838052 ], [ 85.8083563, 20.2842239 ], [ 85.8080659, 20.2845301 ], [ 85.8079704, 20.2846143 ] ], [ [ 85.8079704, 20.2846143 ], [ 85.8078263, 20.2847413 ] ], [ [ 85.8078263, 20.2847413 ], [ 85.8077594, 20.2848166 ], [ 85.807691, 20.2848967 ], [ 85.8075977, 20.28501 ] ], [ [ 85.8075977, 20.28501 ], [ 85.807673, 20.2850486 ] ], [ [ 85.807673, 20.2850486 ], [ 85.808039, 20.2852786 ] ], [ [ 85.808039, 20.2852786 ], [ 85.8081644, 20.2853574 ] ], [ [ 85.8081644, 20.2853574 ], [ 85.8083484, 20.285473 ], [ 85.8098007, 20.2863515 ] ], [ [ 85.8098007, 20.2863515 ], [ 85.8099872, 20.2864643 ], [ 85.8102727, 20.2866269 ] ], [ [ 85.8102727, 20.2866269 ], [ 85.8107166, 20.2868997 ] ], [ [ 85.8107166, 20.2868997 ], [ 85.8107815, 20.2869308 ], [ 85.8119452, 20.2876321 ], [ 85.8129904, 20.2882798 ] ], [ [ 85.8129904, 20.2882798 ], [ 85.8133681, 20.2884959 ], [ 85.8140213, 20.2889173 ], [ 85.8142814, 20.2890851 ], [ 85.8148849, 20.2894531 ], [ 85.8154872, 20.2898326 ] ], [ [ 85.8154872, 20.2898326 ], [ 85.8163308, 20.2903155 ], [ 85.816802, 20.2906055 ], [ 85.817054, 20.2907557 ] ], [ [ 85.817054, 20.2907557 ], [ 85.818041, 20.2913513 ], [ 85.8182813, 20.2913942 ] ], [ [ 85.8182813, 20.2913942 ], [ 85.8186578, 20.2916106 ], [ 85.8190404, 20.2918509 ], [ 85.8191979, 20.2919537 ], [ 85.8193481, 20.2920543 ] ], [ [ 85.8193481, 20.2920543 ], [ 85.8194312, 20.2922178 ], [ 85.8194936, 20.2923015 ], [ 85.8196116, 20.2924053 ] ], [ [ 85.8196116, 20.2924053 ], [ 85.8197632, 20.2925053 ], [ 85.8201246, 20.2927137 ], [ 85.8211166, 20.2933258 ], [ 85.8220436, 20.2938827 ] ], [ [ 85.8220436, 20.2938827 ], [ 85.8224319, 20.294116 ], [ 85.8226638, 20.2942545 ] ], [ [ 85.8226638, 20.2942545 ], [ 85.8231079, 20.2945342 ] ], [ [ 85.8231079, 20.2945342 ], [ 85.8234946, 20.2947735 ], [ 85.8240815, 20.2951377 ] ], [ [ 85.8240815, 20.2951377 ], [ 85.8244504, 20.2953703 ], [ 85.8245589, 20.2954372 ], [ 85.8247124, 20.2955303 ] ], [ [ 85.8247124, 20.2955303 ], [ 85.8247025, 20.2955656 ] ], [ [ 85.8247025, 20.2955656 ], [ 85.8246141, 20.2958931 ], [ 85.8245702, 20.2960542 ] ], [ [ 85.8245702, 20.2960542 ], [ 85.8245486, 20.2961056 ], [ 85.8242981, 20.2969703 ] ], [ [ 85.8242981, 20.2969703 ], [ 85.8242557, 20.2971165 ] ], [ [ 85.8242557, 20.2971165 ], [ 85.824194, 20.2973251 ], [ 85.8239658, 20.2980723 ] ], [ [ 85.8239658, 20.2980723 ], [ 85.823863, 20.2984064 ], [ 85.8238226, 20.298541 ], [ 85.8236657, 20.2990395 ], [ 85.8235865, 20.2993139 ] ], [ [ 85.8235865, 20.2993139 ], [ 85.8234345, 20.2998032 ] ], [ [ 85.8234345, 20.2998032 ], [ 85.8228764, 20.3015996 ] ], [ [ 85.8228764, 20.3015996 ], [ 85.8227502, 20.3020402 ], [ 85.8226004, 20.3025285 ], [ 85.8222291, 20.3037905 ], [ 85.82202, 20.30449 ], [ 85.8219453, 20.304701 ], [ 85.8218668, 20.3049595 ], [ 85.8217533, 20.3052942 ], [ 85.82161, 20.30561 ], [ 85.8212043, 20.3061952 ], [ 85.8210089, 20.306477 ], [ 85.8208928, 20.3066437 ] ], [ [ 85.8208928, 20.3066437 ], [ 85.8208678, 20.3066735 ], [ 85.8205799, 20.3071006 ], [ 85.8204073, 20.3074258 ], [ 85.8202784, 20.3077002 ], [ 85.8202201, 20.3078278 ] ], [ [ 85.8202201, 20.3078278 ], [ 85.8201813, 20.3079128 ] ], [ [ 85.8201813, 20.3079128 ], [ 85.8200831, 20.3082094 ], [ 85.8200192, 20.3084887 ], [ 85.8200045, 20.3087096 ], [ 85.8200258, 20.3090499 ], [ 85.8200307, 20.3092353 ], [ 85.8200299, 20.309461 ], [ 85.8201037, 20.3099903 ], [ 85.8201079, 20.3100643 ], [ 85.8201242, 20.3107297 ] ], [ [ 85.8201242, 20.3107297 ], [ 85.8201265, 20.3108238 ] ], [ [ 85.8201265, 20.3108238 ], [ 85.820147, 20.3116432 ], [ 85.820163, 20.3122847 ] ], [ [ 85.820163, 20.3122847 ], [ 85.8201712, 20.3126123 ] ], [ [ 85.8201712, 20.3126123 ], [ 85.8201777, 20.312915 ], [ 85.8201964, 20.3137928 ], [ 85.8202, 20.31396 ], [ 85.8201968, 20.3146496 ] ], [ [ 85.8201968, 20.3146496 ], [ 85.82022, 20.31475 ] ], [ [ 85.82022, 20.31475 ], [ 85.8202727, 20.3160629 ], [ 85.8202909, 20.3164666 ], [ 85.8203154, 20.3170605 ], [ 85.8203244, 20.3172774 ] ], [ [ 85.8203244, 20.3172774 ], [ 85.8203287, 20.3178233 ], [ 85.8203179, 20.3187092 ] ], [ [ 85.8203179, 20.3187092 ], [ 85.8203525, 20.3200262 ], [ 85.8203619, 20.3207918 ], [ 85.820378, 20.3211475 ] ], [ [ 85.820378, 20.3211475 ], [ 85.8203921, 20.3213831 ] ], [ [ 85.8203921, 20.3213831 ], [ 85.8204062, 20.3220417 ] ], [ [ 85.8204062, 20.3220417 ], [ 85.8204604, 20.3233013 ] ], [ [ 85.8204604, 20.3233013 ], [ 85.8204751, 20.3238366 ], [ 85.8204811, 20.3241943 ] ], [ [ 85.8204811, 20.3241943 ], [ 85.8204921, 20.3243546 ], [ 85.820497, 20.3245184 ] ], [ [ 85.820497, 20.3245184 ], [ 85.8204997, 20.3248842 ], [ 85.820579, 20.3256258 ] ], [ [ 85.820579, 20.3256258 ], [ 85.8205942, 20.3257289 ], [ 85.8206553, 20.3261424 ], [ 85.8206715, 20.3262524 ] ], [ [ 85.8206715, 20.3262524 ], [ 85.8206777, 20.3263088 ] ], [ [ 85.8206777, 20.3263088 ], [ 85.8207794, 20.3271587 ] ], [ [ 85.8207794, 20.3271587 ], [ 85.8208801, 20.3279576 ] ], [ [ 85.8208801, 20.3279576 ], [ 85.8208808, 20.3279632 ], [ 85.8209122, 20.3282125 ] ], [ [ 85.8209122, 20.3282125 ], [ 85.8209184, 20.3282619 ], [ 85.8210487, 20.3292017 ] ], [ [ 85.8210487, 20.3292017 ], [ 85.8211207, 20.3297623 ], [ 85.8212013, 20.3303799 ] ], [ [ 85.8212013, 20.3303799 ], [ 85.8212301, 20.3305999 ] ], [ [ 85.8212301, 20.3305999 ], [ 85.821314, 20.3312412 ] ], [ [ 85.821314, 20.3312412 ], [ 85.8213715, 20.3316459 ] ], [ [ 85.8213715, 20.3316459 ], [ 85.821435, 20.3322111 ], [ 85.8214541, 20.3324387 ] ], [ [ 85.8214541, 20.3324387 ], [ 85.8215748, 20.3332709 ], [ 85.8216385, 20.3337508 ] ], [ [ 85.8216385, 20.3337508 ], [ 85.8216525, 20.3338756 ], [ 85.8217145, 20.3343445 ], [ 85.8217351, 20.3345269 ], [ 85.8217657, 20.3347103 ], [ 85.8218079, 20.3350799 ] ], [ [ 85.8218079, 20.3350799 ], [ 85.8218377, 20.3353498 ], [ 85.8218683, 20.3356516 ], [ 85.821926, 20.3360703 ], [ 85.8220102, 20.3367127 ], [ 85.8221056, 20.3374114 ] ], [ [ 85.8221056, 20.3374114 ], [ 85.8215956, 20.337482 ], [ 85.8214267, 20.3375169 ] ], [ [ 85.8214267, 20.3375169 ], [ 85.8211594, 20.3381842 ], [ 85.8207156, 20.3391782 ] ], [ [ 85.8207156, 20.3391782 ], [ 85.8209826, 20.3391523 ] ], [ [ 85.8209826, 20.3391523 ], [ 85.8207141, 20.3396713 ], [ 85.8206017, 20.3399158 ] ], [ [ 85.8206017, 20.3399158 ], [ 85.8204773, 20.3401864 ], [ 85.8204442, 20.3417095 ], [ 85.820437, 20.3421641 ] ], [ [ 85.820437, 20.3421641 ], [ 85.8204307, 20.3425677 ] ], [ [ 85.8204307, 20.3425677 ], [ 85.8204318, 20.3426092 ] ], [ [ 85.8204318, 20.3426092 ], [ 85.8191053, 20.3427353 ] ], [ [ 85.8191053, 20.3427353 ], [ 85.818827, 20.3427711 ], [ 85.818417, 20.3428278 ], [ 85.8177655, 20.3429261 ] ], [ [ 85.8177655, 20.3429261 ], [ 85.8173805, 20.3429787 ], [ 85.8171875, 20.3429963 ], [ 85.8167822, 20.3430144 ], [ 85.8165, 20.3430185 ] ], [ [ 85.8165, 20.3430185 ], [ 85.8158538, 20.3430086 ] ], [ [ 85.8158538, 20.3430086 ], [ 85.8155374, 20.3430038 ], [ 85.8148208, 20.3429896 ], [ 85.8136564, 20.3429544 ] ], [ [ 85.8136564, 20.3429544 ], [ 85.8136525, 20.3430396 ] ], [ [ 85.8136525, 20.3430396 ], [ 85.8142075, 20.3430525 ] ], [ [ 85.8142075, 20.3430525 ], [ 85.8141519, 20.3441641 ] ], [ [ 85.8141519, 20.3441641 ], [ 85.8140802, 20.3455826 ] ], [ [ 85.8140802, 20.3455826 ], [ 85.8140411, 20.3460915 ], [ 85.8140111, 20.3465653 ] ], [ [ 85.8140111, 20.3465653 ], [ 85.8148124, 20.3465379 ], [ 85.8157123, 20.3465097 ] ] ] } },
{ "type": "Feature", "properties": { "route_id": "R_SYN026", "stop_id": "SYN026" }, "geometry": { "type": "MultiLineString", "coordinates": [ [ [ 85.7956882, 20.2733904 ], [ 85.7956242, 20.2730836 ], [ 85.7955946, 20.2730307 ], [ 85.7955213, 20.2729733 ], [ 85.7955018, 20.2728997 ], [ 85.7957248, 20.2724912 ] ], [ [ 85.7957248, 20.2724912 ], [ 85.795809, 20.2725261 ], [ 85.7960022, 20.272565 ], [ 85.7961624, 20.2725637 ] ], [ [ 85.7961624, 20.2725637 ], [ 85.7964029, 20.2725288 ], [ 85.7964995, 20.2725038 ], [ 85.7965888, 20.2724875 ], [ 85.7967526, 20.2724499 ], [ 85.7968487, 20.2725038 ], [ 85.7969664, 20.2725134 ], [ 85.7971879, 20.2724894 ] ], [ [ 85.7971879, 20.2724894 ], [ 85.797172, 20.272296 ] ], [ [ 85.797172, 20.272296 ], [ 85.7972477, 20.2717737 ] ], [ [ 85.7972477, 20.2717737 ], [ 85.7975255, 20.2717888 ], [ 85.7977045, 20.2717707 ], [ 85.7978663, 20.2717358 ] ], [ [ 85.7978663, 20.2717358 ], [ 85.7981349, 20.271675 ] ], [ [ 85.7981349, 20.271675 ], [ 85.7983505, 20.2716077 ], [ 85.7984191, 20.2715274 ], [ 85.7984898, 20.2714498 ] ], [ [ 85.7984898, 20.2714498 ], [ 85.7986237, 20.2714557 ], [ 85.798756, 20.2714805 ], [ 85.7989082, 20.271465 ], [ 85.7989942, 20.2714246 ], [ 85.7990505, 20.2712074 ], [ 85.7990802, 20.2710119 ], [ 85.7992192, 20.2709343 ], [ 85.7993081, 20.2708896 ] ], [ [ 85.7993081, 20.2708896 ], [ 85.7994044, 20.2708412 ], [ 85.7995401, 20.2707512 ], [ 85.7996129, 20.2706798 ], [ 85.7999083, 20.2705607 ], [ 85.7997176, 20.2699327 ] ], [ [ 85.7997176, 20.2699327 ], [ 85.799982, 20.2697882 ] ], [ [ 85.799982, 20.2697882 ], [ 85.8001269, 20.2696868 ], [ 85.8005527, 20.2696131 ] ], [ [ 85.8005527, 20.2696131 ], [ 85.800667, 20.2698519 ] ], [ [ 85.800667, 20.2698519 ], [ 85.801248, 20.2693828 ], [ 85.8014922, 20.2691786 ], [ 85.801763, 20.2689876 ], [ 85.8019317, 20.268979 ] ], [ [ 85.8019317, 20.268979 ], [ 85.8023185, 20.2694218 ] ], [ [ 85.8023185, 20.2694218 ], [ 85.8029987, 20.2690059 ], [ 85.8032486, 20.2687671 ] ], [ [ 85.8032486, 20.2687671 ], [ 85.803749, 20.2690569 ], [ 85.8041913, 20.269319 ] ], [ [ 85.8041913, 20.269319 ], [ 85.8052733, 20.2698734 ] ], [ [ 85.8052733, 20.2698734 ], [ 85.8059109, 20.2702311 ], [ 85.8060087, 20.2702905 ], [ 85.8065427, 20.270607 ], [ 85.8067635, 20.2707515 ] ], [ [ 85.8067635, 20.2707515 ], [ 85.8068376, 20.2708031 ] ], [ [ 85.8068376, 20.2708031 ], [ 85.8068528, 20.270789 ], [ 85.8069183, 20.2707315 ] ], [ [ 85.8069183, 20.2707315 ], [ 85.8071166, 20.2705576 ] ], [ [ 85.8071166, 20.2705576 ], [ 85.8074254, 20.2702742 ] ], [ [ 85.8074254, 20.2702742 ], [ 85.80776, 20.2699615 ] ], [ [ 85.80776, 20.2699615 ], [ 85.8091807, 20.2686525 ], [ 85.8095826, 20.2682949 ], [ 85.8097477, 20.2681471 ], [ 85.8100499, 20.2678704 ], [ 85.8107237, 20.2672454 ], [ 85.8108664, 20.2671111 ] ], [ [ 85.8108664, 20.2671111 ], [ 85.8113638, 20.2666499 ], [ 85.8123276, 20.2657389 ], [ 85.8132396, 20.2648859 ], [ 85.8140228, 20.2641764 ], [ 85.8143017, 20.2639273 ] ], [ [ 85.8143017, 20.2639273 ], [ 85.8146504, 20.2636278 ], [ 85.8147825, 20.2635196 ], [ 85.8151144, 20.2632479 ], [ 85.8152191, 20.26319 ], [ 85.8153371, 20.2631523 ], [ 85.8157475, 20.263034 ], [ 85.8159513, 20.262961 ], [ 85.8161444, 20.2628554 ], [ 85.8162571, 20.2627748 ], [ 85.8163965, 20.262644 ], [ 85.8166272, 20.2623873 ], [ 85.8168065, 20.2621608 ] ], [ [ 85.8168065, 20.2621608 ], [ 85.8168364, 20.2621231 ], [ 85.8170215, 20.2619168 ], [ 85.8176304, 20.2612601 ], [ 85.818199, 20.2606562 ], [ 85.8183921, 20.2604725 ], [ 85.8185799, 20.260324 ], [ 85.8187837, 20.260163 ], [ 85.8190314, 20.2599923 ] ], [ [ 85.8190314, 20.2599923 ], [ 85.8195213, 20.2596547 ], [ 85.8204467, 20.2590256 ], [ 85.8205486, 20.2589565 ] ], [ [ 85.8205486, 20.2589565 ], [ 85.8212513, 20.2584846 ], [ 85.8214069, 20.2583915 ], [ 85.8218137, 20.2581376 ] ], [ [ 85.8218137, 20.2581376 ], [ 85.8226644, 20.2576068 ], [ 85.8227994, 20.257528 ] ], [ [ 85.8227994, 20.257528 ], [ 85.8229022, 20.2574603 ] ], [ [ 85.8229022, 20.2574603 ], [ 85.8231006, 20.2572665 ] ], [ [ 85.8231006, 20.2572665 ], [ 85.8231126, 20.2572589 ], [ 85.8243384, 20.2564832 ] ], [ [ 85.8243384, 20.2564832 ], [ 85.8247717, 20.2562338 ] ], [ [ 85.8247717, 20.2562338 ], [ 85.8251583, 20.2560163 ], [ 85.8251975, 20.2559942 ], [ 85.8255094, 20.2558578 ], [ 85.8258399, 20.2557388 ] ], [ [ 85.8258399, 20.2557388 ], [ 85.826009, 20.2556624 ] ], [ [ 85.826009, 20.2556624 ], [ 85.8261192, 20.2556678 ], [ 85.8261665, 20.2556521 ] ], [ [ 85.8261665, 20.2556521 ], [ 85.8262548, 20.2556229 ] ], [ [ 85.8262548, 20.2556229 ], [ 85.8270266, 20.2553676 ], [ 85.8280256, 20.255021 ] ], [ [ 85.8280256, 20.255021 ], [ 85.8282284, 20.2549506 ], [ 85.8295715, 20.2545123 ] ], [ [ 85.8295715, 20.2545123 ], [ 85.8300333, 20.2543955 ] ], [ [ 85.8300333, 20.2543955 ], [ 85.8301847, 20.2543759 ], [ 85.8303481, 20.2543838 ], [ 85.8305528, 20.2544252 ], [ 85.830724, 20.2544748 ], [ 85.8308652, 20.2545228 ], [ 85.8310356, 20.2545988 ], [ 85.8311988, 20.2547065 ], [ 85.8313671, 20.2548522 ] ], [ [ 85.8313671, 20.2548522 ], [ 85.8315215, 20.2549858 ], [ 85.8316413, 20.255126 ], [ 85.8317285, 20.2552445 ] ], [ [ 85.8317285, 20.2552445 ], [ 85.8318428, 20.2553966 ] ], [ [ 85.8318428, 20.2553966 ], [ 85.8319575, 20.2553181 ] ], [ [ 85.8319575, 20.2553181 ], [ 85.8318313, 20.2551453 ] ], [ [ 85.8318313, 20.2551453 ], [ 85.832043, 20.2549714 ], [ 85.8323944, 20.2547388 ], [ 85.8325821, 20.2546583 ], [ 85.8328163, 20.2545124 ], [ 85.8338679, 20.2537592 ], [ 85.834613, 20.2532294 ], [ 85.834798, 20.2531219 ], [ 85.8350014, 20.2530289 ], [ 85.8357905, 20.2527619 ], [ 85.8358819, 20.252737 ], [ 85.8359534, 20.2527176 ], [ 85.8360802, 20.252694 ], [ 85.8361731, 20.2526742 ] ], [ [ 85.8361731, 20.2526742 ], [ 85.8362326, 20.2526789 ] ], [ [ 85.8362326, 20.2526789 ], [ 85.8362975, 20.2527072 ] ], [ [ 85.8362975, 20.2527072 ], [ 85.8363182, 20.2527126 ], [ 85.8363619, 20.2526991 ], [ 85.8363849, 20.2526883 ], [ 85.8363958, 20.2526608 ], [ 85.8363969, 20.252628 ], [ 85.8363768, 20.252601 ] ], [ [ 85.8363768, 20.252601 ], [ 85.8363908, 20.2525209 ] ], [ [ 85.8363908, 20.2525209 ], [ 85.8364153, 20.2517458 ], [ 85.8364188, 20.2516512 ], [ 85.8364091, 20.2509052 ], [ 85.8364064, 20.250821 ], [ 85.8363923, 20.2503818 ] ], [ [ 85.8363923, 20.2503818 ], [ 85.83693, 20.25029 ] ], [ [ 85.83693, 20.25029 ], [ 85.8369066, 20.2499091 ] ], [ [ 85.8369066, 20.2499091 ], [ 85.8368334, 20.2487103 ] ], [ [ 85.8368334, 20.2487103 ], [ 85.8367719, 20.2477194 ] ], [ [ 85.8367719, 20.2477194 ], [ 85.8367417, 20.2472186 ] ], [ [ 85.8367417, 20.2472186 ], [ 85.8367, 20.24684 ] ] ] } },
{ "type": "Feature", "properties": { "route_id": "R_SYN027", "stop_id": "SYN027" }, "geometry": { "type": "MultiLineString", "coordinates": [ [ [ 85.7956882, 20.2733904 ], [ 85.7956242, 20.2730836 ], [ 85.7955946, 20.2730307 ], [ 85.7955213, 20.2729733 ], [ 85.7955018, 20.2728997 ], [ 85.7957248, 20.2724912 ] ], [ [ 85.7957248, 20.2724912 ], [ 85.795809, 20.2725261 ], [ 85.7960022, 20.272565 ], [ 85.7961624, 20.2725637 ] ], [ [ 85.7961624, 20.2725637 ], [ 85.7964029, 20.2725288 ], [ 85.7964995, 20.2725038 ], [ 85.7965888, 20.2724875 ], [ 85.7967526, 20.2724499 ], [ 85.7968487, 20.2725038 ], [ 85.7969664, 20.2725134 ], [ 85.7971879, 20.2724894 ] ], [ [ 85.7971879, 20.2724894 ], [ 85.797172, 20.272296 ] ], [ [ 85.797172, 20.272296 ], [ 85.7973646, 20.2723499 ], [ 85.7975134, 20.2723949 ], [ 85.7976709, 20.2723938 ], [ 85.7978406, 20.2723928 ], [ 85.7979713, 20.2724066 ], [ 85.7980724, 20.2724183 ] ], [ [ 85.7980724, 20.2724183 ], [ 85.7980894, 20.2724889 ], [ 85.7981441, 20.2726138 ] ], [ [ 85.7981441, 20.2726138 ], [ 85.7984022, 20.2729489 ], [ 85.7986636, 20.2734028 ], [ 85.798722, 20.273434 ], [ 85.7989328, 20.2735272 ], [ 85.7991862, 20.2737681 ], [ 85.7995137, 20.2739924 ] ], [ [ 85.7995137, 20.2739924 ], [ 85.799999, 20.2742208 ] ], [ [ 85.799999, 20.2742208 ], [ 85.800016, 20.2742288 ], [ 85.8004007, 20.2743246 ] ], [ [ 85.8004007, 20.2743246 ], [ 85.8005615, 20.2745986 ] ], [ [ 85.8005615, 20.2745986 ], [ 85.8008421, 20.2749758 ], [ 85.8010195, 20.2751889 ] ], [ [ 85.8010195, 20.2751889 ], [ 85.8013269, 20.2751855 ] ], [ [ 85.8013269, 20.2751855 ], [ 85.8015809, 20.27517 ], [ 85.8017735, 20.2751686 ] ], [ [ 85.8017735, 20.2751686 ], [ 85.8019562, 20.2751853 ], [ 85.8021852, 20.2751956 ], [ 85.8023173, 20.2751956 ] ], [ [ 85.8023173, 20.2751956 ], [ 85.802482, 20.2752022 ], [ 85.8027718, 20.2752354 ], [ 85.8029086, 20.2752573 ], [ 85.8030419, 20.2753034 ], [ 85.8031804, 20.2753695 ] ], [ [ 85.8031804, 20.2753695 ], [ 85.8035951, 20.2756 ] ], [ [ 85.8035951, 20.2756 ], [ 85.8036496, 20.2757286 ] ], [ [ 85.8036496, 20.2757286 ], [ 85.8037569, 20.27581 ] ], [ [ 85.8037569, 20.27581 ], [ 85.8040261, 20.2760246 ] ], [ [ 85.8040261, 20.2760246 ], [ 85.8041889, 20.2761741 ], [ 85.8044882, 20.2764697 ] ], [ [ 85.8044882, 20.2764697 ], [ 85.8054861, 20.2774676 ], [ 85.8055858, 20.2775696 ] ], [ [ 85.8055858, 20.2775696 ], [ 85.806398, 20.278396 ], [ 85.8065197, 20.2785206 ] ], [ [ 85.8065197, 20.2785206 ], [ 85.8070385, 20.2790515 ] ], [ [ 85.8070385, 20.2790515 ], [ 85.8079276, 20.2799384 ], [ 85.8084043, 20.2804138 ], [ 85.8090417, 20.2810557 ], [ 85.8101485, 20.2821703 ] ], [ [ 85.8101485, 20.2821703 ], [ 85.8100801, 20.2822425 ], [ 85.8096838, 20.2827116 ], [ 85.80891, 20.283598 ], [ 85.8088058, 20.2837211 ] ], [ [ 85.8088058, 20.2837211 ], [ 85.8087489, 20.2838052 ] ], [ [ 85.8087489, 20.2838052 ], [ 85.8083563, 20.2842239 ], [ 85.8080659, 20.2845301 ], [ 85.8079704, 20.2846143 ] ], [ [ 85.8079704, 20.2846143 ], [ 85.8078263, 20.2847413 ] ], [ [ 85.8078263, 20.2847413 ], [ 85.8077594, 20.2848166 ], [ 85.807691, 20.2848967 ], [ 85.8075977, 20.28501 ] ], [ [ 85.8075977, 20.28501 ], [ 85.807673, 20.2850486 ] ], [ [ 85.807673, 20.2850486 ], [ 85.808039, 20.2852786 ] ], [ [ 85.808039, 20.2852786 ], [ 85.8081644, 20.2853574 ] ], [ [ 85.8081644, 20.2853574 ], [ 85.8083484, 20.285473 ], [ 85.8098007, 20.2863515 ] ], [ [ 85.8098007, 20.2863515 ], [ 85.8099872, 20.2864643 ], [ 85.8102727, 20.2866269 ] ], [ [ 85.8102727, 20.2866269 ], [ 85.8107166, 20.2868997 ] ], [ [ 85.8107166, 20.2868997 ], [ 85.8107815, 20.2869308 ], [ 85.8119452, 20.2876321 ], [ 85.8129904, 20.2882798 ] ], [ [ 85.8129904, 20.2882798 ], [ 85.8133681, 20.2884959 ], [ 85.8140213, 20.2889173 ], [ 85.8142814, 20.2890851 ], [ 85.8148849, 20.2894531 ], [ 85.8154872, 20.2898326 ] ], [ [ 85.8154872, 20.2898326 ], [ 85.8163308, 20.2903155 ], [ 85.816802, 20.2906055 ], [ 85.817054, 20.2907557 ] ], [ [ 85.817054, 20.2907557 ], [ 85.818041, 20.2913513 ], [ 85.8182813, 20.2913942 ] ], [ [ 85.8182813, 20.2913942 ], [ 85.8186578, 20.2916106 ], [ 85.8190404, 20.2918509 ], [ 85.8191979, 20.2919537 ], [ 85.8193481, 20.2920543 ] ], [ [ 85.8193481, 20.2920543 ], [ 85.8194312, 20.2922178 ], [ 85.8194936, 20.2923015 ], [ 85.8196116, 20.2924053 ] ], [ [ 85.8196116, 20.2924053 ], [ 85.8197632, 20.2925053 ], [ 85.8201246, 20.2927137 ], [ 85.8211166, 20.2933258 ], [ 85.8220436, 20.2938827 ] ], [ [ 85.8220436, 20.2938827 ], [ 85.8224319, 20.294116 ], [ 85.8226638, 20.2942545 ] ], [ [ 85.8226638, 20.2942545 ], [ 85.8231079, 20.2945342 ] ], [ [ 85.8231079, 20.2945342 ], [ 85.8234946, 20.2947735 ], [ 85.8240815, 20.2951377 ] ], [ [ 85.8240815, 20.2951377 ], [ 85.8244504, 20.2953703 ], [ 85.8245589, 20.2954372 ], [ 85.8247124, 20.2955303 ] ], [ [ 85.8247124, 20.2955303 ], [ 85.8247025, 20.2955656 ] ], [ [ 85.8247025, 20.2955656 ], [ 85.8246141, 20.2958931 ], [ 85.8245702, 20.2960542 ] ], [ [ 85.8245702, 20.2960542 ], [ 85.8245486, 20.2961056 ], [ 85.8242981, 20.2969703 ] ], [ [ 85.8242981, 20.2969703 ], [ 85.8242557, 20.2971165 ] ], [ [ 85.8242557, 20.2971165 ], [ 85.824194, 20.2973251 ], [ 85.8239658, 20.2980723 ] ], [ [ 85.8239658, 20.2980723 ], [ 85.823863, 20.2984064 ], [ 85.8238226, 20.298541 ], [ 85.8236657, 20.2990395 ], [ 85.8235865, 20.2993139 ] ], [ [ 85.8235865, 20.2993139 ], [ 85.8234345, 20.2998032 ] ], [ [ 85.8234345, 20.2998032 ], [ 85.8228764, 20.3015996 ] ], [ [ 85.8228764, 20.3015996 ], [ 85.8227502, 20.3020402 ], [ 85.8226004, 20.3025285 ], [ 85.8222291, 20.3037905 ], [ 85.82202, 20.30449 ], [ 85.8219453, 20.304701 ], [ 85.8218668, 20.3049595 ], [ 85.8217533, 20.3052942 ], [ 85.82161, 20.30561 ], [ 85.8212043, 20.3061952 ], [ 85.8210089, 20.306477 ], [ 85.8208928, 20.3066437 ] ], [ [ 85.8208928, 20.3066437 ], [ 85.8208678, 20.3066735 ], [ 85.8205799, 20.3071006 ], [ 85.8204073, 20.3074258 ], [ 85.8202784, 20.3077002 ], [ 85.8202201, 20.3078278 ] ], [ [ 85.8202201, 20.3078278 ], [ 85.8201813, 20.3079128 ] ], [ [ 85.8201813, 20.3079128 ], [ 85.8200831, 20.3082094 ], [ 85.8200192, 20.3084887 ], [ 85.8200045, 20.3087096 ], [ 85.8200258, 20.3090499 ], [ 85.8200307, 20.3092353 ], [ 85.8200299, 20.309461 ], [ 85.8201037, 20.3099903 ], [ 85.8201079, 20.3100643 ], [ 85.8201242, 20.3107297 ] ], [ [ 85.8201242, 20.3107297 ], [ 85.8201265, 20.3108238 ] ], [ [ 85.8201265, 20.3108238 ], [ 85.820147, 20.3116432 ], [ 85.820163, 20.3122847 ] ], [ [ 85.820163, 20.3122847 ], [ 85.8201712, 20.3126123 ] ], [ [ 85.8201712, 20.3126123 ], [ 85.8201777, 20.312915 ], [ 85.8201964, 20.3137928 ], [ 85.8202, 20.31396 ], [ 85.8201968, 20.3146496 ] ], [ [ 85.8201968, 20.3146496 ], [ 85.82022, 20.31475 ] ], [ [ 85.82022, 20.31475 ], [ 85.8202727, 20.3160629 ], [ 85.8202909, 20.3164666 ], [ 85.8203154, 20.3170605 ], [ 85.8203244, 20.3172774 ] ], [ [ 85.8203244, 20.3172774 ], [ 85.8203287, 20.3178233 ], [ 85.8203179, 20.3187092 ] ], [ [ 85.8203179, 20.3187092 ], [ 85.8203525, 20.3200262 ], [ 85.8203619, 20.3207918 ], [ 85.820378, 20.3211475 ] ], [ [ 85.820378, 20.3211475 ], [ 85.8203921, 20.3213831 ] ], [ [ 85.8203921, 20.3213831 ], [ 85.8204062, 20.3220417 ] ], [ [ 85.8204062, 20.3220417 ], [ 85.8204604, 20.3233013 ] ], [ [ 85.8204604, 20.3233013 ], [ 85.8204751, 20.3238366 ], [ 85.8204811, 20.3241943 ] ], [ [ 85.8204811, 20.3241943 ], [ 85.8204921, 20.3243546 ], [ 85.820497, 20.3245184 ] ], [ [ 85.820497, 20.3245184 ], [ 85.8204997, 20.3248842 ], [ 85.820579, 20.3256258 ] ], [ [ 85.820579, 20.3256258 ], [ 85.8205942, 20.3257289 ], [ 85.8206553, 20.3261424 ], [ 85.8206715, 20.3262524 ] ], [ [ 85.8206715, 20.3262524 ], [ 85.8206777, 20.3263088 ] ], [ [ 85.8206777, 20.3263088 ], [ 85.8207794, 20.3271587 ] ], [ [ 85.8207794, 20.3271587 ], [ 85.8208801, 20.3279576 ] ], [ [ 85.8208801, 20.3279576 ], [ 85.8208808, 20.3279632 ], [ 85.8209122, 20.3282125 ] ], [ [ 85.8209122, 20.3282125 ], [ 85.8209184, 20.3282619 ], [ 85.8210487, 20.3292017 ] ], [ [ 85.8210487, 20.3292017 ], [ 85.8211207, 20.3297623 ], [ 85.8212013, 20.3303799 ] ], [ [ 85.8212013, 20.3303799 ], [ 85.8212301, 20.3305999 ] ], [ [ 85.8212301, 20.3305999 ], [ 85.8213402, 20.330588 ] ], [ [ 85.8213402, 20.330588 ], [ 85.8212286, 20.3297393 ] ], [ [ 85.8212286, 20.3297393 ], [ 85.8213866, 20.3297433 ] ], [ [ 85.8213866, 20.3297433 ], [ 85.822478, 20.3297878 ] ] ] } },
{ "type": "Feature", "properties": { "route_id": "R_SYN028", "stop_id": "SYN028" }, "geometry": { "type": "MultiLineString", "coordinates": [ [ [ 85.7956882, 20.2733904 ], [ 85.7956242, 20.2730836 ], [ 85.7955946, 20.2730307 ], [ 85.7955213, 20.2729733 ], [ 85.7955018, 20.2728997 ], [ 85.7957248, 20.2724912 ] ], [ [ 85.7957248, 20.2724912 ], [ 85.795809, 20.2725261 ], [ 85.7960022, 20.272565 ], [ 85.7961624, 20.2725637 ] ], [ [ 85.7961624, 20.2725637 ], [ 85.7964029, 20.2725288 ], [ 85.7964995, 20.2725038 ], [ 85.7965888, 20.2724875 ], [ 85.7967526, 20.2724499 ], [ 85.7968487, 20.2725038 ], [ 85.7969664, 20.2725134 ], [ 85.7971879, 20.2724894 ] ], [ [ 85.7971879, 20.2724894 ], [ 85.797172, 20.272296 ] ], [ [ 85.797172, 20.272296 ], [ 85.7973646, 20.2723499 ], [ 85.7975134, 20.2723949 ], [ 85.7976709, 20.2723938 ], [ 85.7978406, 20.2723928 ], [ 85.7979713, 20.2724066 ], [ 85.7980724, 20.2724183 ] ], [ [ 85.7980724, 20.2724183 ], [ 85.7980894, 20.2724889 ], [ 85.7981441, 20.2726138 ] ], [ [ 85.7981441, 20.2726138 ], [ 85.7984022, 20.2729489 ], [ 85.7986636, 20.2734028 ], [ 85.798722, 20.273434 ], [ 85.7989328, 20.2735272 ], [ 85.7991862, 20.2737681 ], [ 85.7995137, 20.2739924 ] ], [ [ 85.7995137, 20.2739924 ], [ 85.799999, 20.2742208 ] ], [ [ 85.799999, 20.2742208 ], [ 85.800016, 20.2742288 ], [ 85.8004007, 20.2743246 ] ], [ [ 85.8004007, 20.2743246 ], [ 85.8005615, 20.2745986 ] ], [ [ 85.8005615, 20.2745986 ], [ 85.8008421, 20.2749758 ], [ 85.8010195, 20.2751889 ] ], [ [ 85.8010195, 20.2751889 ], [ 85.8013269, 20.2751855 ] ], [ [ 85.8013269, 20.2751855 ], [ 85.8015809, 20.27517 ], [ 85.8017735, 20.2751686 ] ], [ [ 85.8017735, 20.2751686 ], [ 85.8019562, 20.2751853 ], [ 85.8021852, 20.2751956 ], [ 85.8023173, 20.2751956 ] ], [ [ 85.8023173, 20.2751956 ], [ 85.802482, 20.2752022 ], [ 85.8027718, 20.2752354 ], [ 85.8029086, 20.2752573 ], [ 85.8030419, 20.2753034 ], [ 85.8031804, 20.2753695 ] ], [ [ 85.8031804, 20.2753695 ], [ 85.8035951, 20.2756 ] ], [ [ 85.8035951, 20.2756 ], [ 85.8036496, 20.2757286 ] ], [ [ 85.8036496, 20.2757286 ], [ 85.8037569, 20.27581 ] ], [ [ 85.8037569, 20.27581 ], [ 85.8040261, 20.2760246 ] ], [ [ 85.8040261, 20.2760246 ], [ 85.8041889, 20.2761741 ], [ 85.8044882, 20.2764697 ] ], [ [ 85.8044882, 20.2764697 ], [ 85.8054861, 20.2774676 ], [ 85.8055858, 20.2775696 ] ], [ [ 85.8055858, 20.2775696 ], [ 85.806398, 20.278396 ], [ 85.8065197, 20.2785206 ] ], [ [ 85.8065197, 20.2785206 ], [ 85.8070385, 20.2790515 ] ], [ [ 85.8070385, 20.2790515 ], [ 85.8079276, 20.2799384 ], [ 85.8084043, 20.2804138 ], [ 85.8090417, 20.2810557 ], [ 85.8101485, 20.2821703 ] ], [ [ 85.8101485, 20.2821703 ], [ 85.8102025, 20.2822247 ] ], [ [ 85.8102025, 20.2822247 ], [ 85.8102759, 20.2821477 ] ], [ [ 85.8102759, 20.2821477 ], [ 85.8108324, 20.2815664 ], [ 85.810883, 20.2815136 ], [ 85.8110574, 20.2813349 ] ], [ [ 85.8110574, 20.2813349 ], [ 85.8116651, 20.2818352 ] ], [ [ 85.8116651, 20.2818352 ], [ 85.81181, 20.28196 ] ], [ [ 85.81181, 20.28196 ], [ 85.812144, 20.282239 ] ], [ [ 85.812144, 20.282239 ], [ 85.8122556, 20.2823323 ] ], [ [ 85.8122556, 20.2823323 ], [ 85.8127159, 20.2827169 ] ], [ [ 85.8127159, 20.2827169 ], [ 85.8128522, 20.282811 ] ], [ [ 85.8128522, 20.282811 ], [ 85.8130507, 20.2829507 ] ], [ [ 85.8130507, 20.2829507 ], [ 85.8130958, 20.2829934 ] ], [ [ 85.8130958, 20.2829934 ], [ 85.8132218, 20.283089 ] ], [ [ 85.8132218, 20.283089 ], [ 85.8133005, 20.2831622 ] ], [ [ 85.8133005, 20.2831622 ], [ 85.8133565, 20.2832067 ], [ 85.813412, 20.2832593 ] ], [ [ 85.813412, 20.2832593 ], [ 85.8134327, 20.283279 ], [ 85.813914, 20.2828911 ] ], [ [ 85.813914, 20.2828911 ], [ 85.8141312, 20.2831911 ], [ 85.8142573, 20.2834314 ], [ 85.8143847, 20.2836289 ], [ 85.8144316, 20.2837106 ], [ 85.8144222, 20.283766 ], [ 85.8143699, 20.283849 ], [ 85.8143243, 20.2839408 ], [ 85.8142157, 20.2841069 ], [ 85.8141486, 20.2841836 ], [ 85.8141483, 20.2842907 ] ], [ [ 85.8141483, 20.2842907 ], [ 85.8142653, 20.2842706 ], [ 85.8144244, 20.2842574 ], [ 85.8145905, 20.284264 ], [ 85.8147984, 20.2842484 ], [ 85.8148748, 20.2842465 ], [ 85.8149546, 20.2842484 ], [ 85.8150116, 20.2842585 ], [ 85.8154234, 20.2843748 ], [ 85.8157459, 20.284449 ], [ 85.815876, 20.2844975 ], [ 85.815933, 20.284527 ], [ 85.8159833, 20.2845597 ], [ 85.8160161, 20.2846019 ], [ 85.8160517, 20.2846604 ] ], [ [ 85.8160517, 20.2846604 ], [ 85.8162523, 20.2850783 ] ], [ [ 85.8162523, 20.2850783 ], [ 85.8165461, 20.2857295 ] ], [ [ 85.8165461, 20.2857295 ], [ 85.8166463, 20.2859356 ] ], [ [ 85.8166463, 20.2859356 ], [ 85.8168517, 20.2863783 ] ], [ [ 85.8168517, 20.2863783 ], [ 85.81702, 20.28684 ] ], [ [ 85.81702, 20.28684 ], [ 85.8170861, 20.2868645 ] ], [ [ 85.8170861, 20.2868645 ], [ 85.8177832, 20.2870298 ] ], [ [ 85.8177832, 20.2870298 ], [ 85.8178247, 20.2870418 ] ], [ [ 85.8178247, 20.2870418 ], [ 85.8180738, 20.2871117 ] ], [ [ 85.8180738, 20.2871117 ], [ 85.8182182, 20.287156 ], [ 85.8184829, 20.2871707 ] ], [ [ 85.8184829, 20.2871707 ], [ 85.8186189, 20.2871146 ], [ 85.8188674, 20.2870341 ], [ 85.8190707, 20.2869875 ], [ 85.8191872, 20.286987 ] ], [ [ 85.8191872, 20.286987 ], [ 85.8193796, 20.2869502 ] ], [ [ 85.8193796, 20.2869502 ], [ 85.8195689, 20.2869044 ], [ 85.81965, 20.2868678 ] ], [ [ 85.81965, 20.2868678 ], [ 85.8201278, 20.2866442 ], [ 85.8201989, 20.2866149 ] ], [ [ 85.8201989, 20.2866149 ], [ 85.8204667, 20.2865044 ], [ 85.820512, 20.2864756 ] ], [ [ 85.820512, 20.2864756 ], [ 85.8207468, 20.2863264 ], [ 85.8209907, 20.2861442 ], [ 85.8213525, 20.2860495 ], [ 85.8216029, 20.2859876 ] ], [ [ 85.8216029, 20.2859876 ], [ 85.8216696, 20.2859737 ], [ 85.8217444, 20.2859582 ] ], [ [ 85.8217444, 20.2859582 ], [ 85.8223874, 20.2858265 ], [ 85.823596, 20.2855938 ], [ 85.8239496, 20.2854829 ] ], [ [ 85.8239496, 20.2854829 ], [ 85.8243687, 20.2854329 ] ], [ [ 85.8243687, 20.2854329 ], [ 85.8246925, 20.2854303 ] ], [ [ 85.8246925, 20.2854303 ], [ 85.8249399, 20.2854393 ] ], [ [ 85.8249399, 20.2854393 ], [ 85.8263015, 20.2855407 ] ], [ [ 85.8263015, 20.2855407 ], [ 85.82666, 20.28557 ], [ 85.8266781, 20.2855713 ] ], [ [ 85.8266781, 20.2855713 ], [ 85.826773, 20.2855779 ] ], [ [ 85.826773, 20.2855779 ], [ 85.8269513, 20.2855904 ], [ 85.8273391, 20.2855997 ], [ 85.8276546, 20.2856089 ], [ 85.8276947, 20.285612 ] ], [ [ 85.8276947, 20.285612 ], [ 85.8278567, 20.2856243 ], [ 85.8281508, 20.2857076 ], [ 85.8283724, 20.2858718 ], [ 85.8284663, 20.2859523 ], [ 85.8285508, 20.286068 ] ], [ [ 85.8285508, 20.286068 ], [ 85.8285855, 20.286059 ], [ 85.8286389, 20.286047 ], [ 85.8288968, 20.2859979 ], [ 85.8290897, 20.2859881 ], [ 85.8293268, 20.285974 ], [ 85.8295034, 20.2859805 ], [ 85.8296625, 20.2859936 ], [ 85.8298066, 20.2860328 ], [ 85.8299272, 20.2860507 ], [ 85.8303413, 20.2861093 ], [ 85.8306568, 20.286174 ], [ 85.8309755, 20.2862264 ], [ 85.831383, 20.2862912 ], [ 85.8317413, 20.2863374 ], [ 85.831991, 20.2863744 ], [ 85.8323032, 20.2863929 ], [ 85.8326286, 20.2864083 ], [ 85.8328356, 20.2864268 ], [ 85.8333417, 20.2864885 ], [ 85.8336835, 20.2865069 ], [ 85.8338248, 20.28651 ], [ 85.8341744, 20.2865179 ], [ 85.8344196, 20.2865131 ], [ 85.8346716, 20.2865184 ] ], [ [ 85.8346716, 20.2865184 ], [ 85.8347346, 20.2865196 ] ], [ [ 85.8347346, 20.2865196 ], [ 85.8347876, 20.2861561 ], [ 85.8348291, 20.2859114 ], [ 85.8350138, 20.2847975 ] ], [ [ 85.8350138, 20.2847975 ], [ 85.8350489, 20.2845736 ] ], [ [ 85.8350489, 20.2845736 ], [ 85.8361652, 20.28447 ] ], [ [ 85.8361652, 20.28447 ], [ 85.8367211, 20.2844101 ] ], [ [ 85.8367211, 20.2844101 ], [ 85.8372286, 20.2843554 ] ], [ [ 85.8372286, 20.2843554 ], [ 85.8388242, 20.284195 ] ], [ [ 85.8388242, 20.284195 ], [ 85.8392971, 20.284124 ] ], [ [ 85.8392971, 20.284124 ], [ 85.8393668, 20.2837466 ], [ 85.8393835, 20.2837034 ], [ 85.8394153, 20.2836723 ], [ 85.839455, 20.2836552 ], [ 85.8395259, 20.2836421 ], [ 85.8400429, 20.2835536 ] ], [ [ 85.8400429, 20.2835536 ], [ 85.8411412, 20.2834427 ] ], [ [ 85.8411412, 20.2834427 ], [ 85.8422691, 20.2833213 ] ], [ [ 85.8422691, 20.2833213 ], [ 85.8422659, 20.2835648 ] ], [ [ 85.8422659, 20.2835648 ], [ 85.8427523, 20.2835132 ], [ 85.84363, 20.28342 ] ], [ [ 85.84363, 20.28342 ], [ 85.8435271, 20.2841167 ], [ 85.843509, 20.2842125 ] ], [ [ 85.843509, 20.2842125 ], [ 85.8434772, 20.2843811 ], [ 85.843452, 20.2845723 ], [ 85.8433605, 20.2853055 ], [ 85.84333, 20.2855 ] ], [ [ 85.84333, 20.2855 ], [ 85.8434632, 20.2855152 ] ], [ [ 85.8434632, 20.2855152 ], [ 85.8445225, 20.2856224 ] ], [ [ 85.8445225, 20.2856224 ], [ 85.8445686, 20.2856271 ] ], [ [ 85.8445686, 20.2856271 ], [ 85.8461574, 20.285842 ] ], [ [ 85.8461574, 20.285842 ], [ 85.8462924, 20.2858603 ] ], [ [ 85.8462924, 20.2858603 ], [ 85.8466546, 20.2859121 ], [ 85.84777, 20.28602 ] ], [ [ 85.84777, 20.28602 ], [ 85.8483824, 20.2860944 ] ], [ [ 85.8483824, 20.2860944 ], [ 85.8493754, 20.2862119 ] ], [ [ 85.8493754, 20.2862119 ], [ 85.8495896, 20.2862376 ] ], [ [ 85.8495896, 20.2862376 ], [ 85.850518, 20.2863499 ] ], [ [ 85.850518, 20.2863499 ], [ 85.8508838, 20.2863942 ] ], [ [ 85.8508838, 20.2863942 ], [ 85.8515775, 20.2864781 ], [ 85.8518383, 20.2865066 ], [ 85.8527729, 20.2866391 ], [ 85.8531271, 20.2866876 ], [ 85.8535352, 20.2867413 ], [ 85.8535766, 20.2867491 ], [ 85.8540297, 20.2868031 ], [ 85.8540741, 20.2868087 ], [ 85.85464, 20.28688 ], [ 85.8550587, 20.2869622 ], [ 85.8559659, 20.2871738 ], [ 85.8561031, 20.2871921 ], [ 85.8561423, 20.2871973 ], [ 85.8564893, 20.287177 ], [ 85.8574285, 20.2871332 ] ], [ [ 85.8574285, 20.2871332 ], [ 85.8574576, 20.2871986 ], [ 85.85748, 20.2872722 ], [ 85.8574699, 20.2877774 ], [ 85.8574281, 20.2887975 ], [ 85.8573588, 20.2906946 ], [ 85.8573393, 20.2911056 ], [ 85.8572638, 20.2916039 ] ], [ [ 85.8572638, 20.2916039 ], [ 85.8572512, 20.2920327 ] ], [ [ 85.8572512, 20.2920327 ], [ 85.8566291, 20.2920796 ] ] ] } },
{ "type": "Feature", "properties": { "route_id": "R_SYN029", "stop_id": "SYN029" }, "geometry": { "type": "MultiLineString", "coordinates": [ [ [ 85.7956882, 20.2733904 ], [ 85.7956242, 20.2730836 ], [ 85.7955946, 20.2730307 ], [ 85.7955213, 20.2729733 ], [ 85.7955018, 20.2728997 ], [ 85.7957248, 20.2724912 ] ], [ [ 85.7957248, 20.2724912 ], [ 85.795809, 20.2725261 ], [ 85.7960022, 20.272565 ], [ 85.7961624, 20.2725637 ] ], [ [ 85.7961624, 20.2725637 ], [ 85.7964029, 20.2725288 ], [ 85.7964995, 20.2725038 ], [ 85.7965888, 20.2724875 ], [ 85.7967526, 20.2724499 ], [ 85.7968487, 20.2725038 ], [ 85.7969664, 20.2725134 ], [ 85.7971879, 20.2724894 ] ], [ [ 85.7971879, 20.2724894 ], [ 85.797172, 20.272296 ] ], [ [ 85.797172, 20.272296 ], [ 85.7973646, 20.2723499 ], [ 85.7975134, 20.2723949 ], [ 85.7976709, 20.2723938 ], [ 85.7978406, 20.2723928 ], [ 85.7979713, 20.2724066 ], [ 85.7980724, 20.2724183 ] ], [ [ 85.7980724, 20.2724183 ], [ 85.7980894, 20.2724889 ], [ 85.7981441, 20.2726138 ] ], [ [ 85.7981441, 20.2726138 ], [ 85.7984022, 20.2729489 ], [ 85.7986636, 20.2734028 ], [ 85.798722, 20.273434 ], [ 85.7989328, 20.2735272 ], [ 85.7991862, 20.2737681 ], [ 85.7995137, 20.2739924 ] ], [ [ 85.7995137, 20.2739924 ], [ 85.799999, 20.2742208 ] ], [ [ 85.799999, 20.2742208 ], [ 85.800016, 20.2742288 ], [ 85.8004007, 20.2743246 ] ], [ [ 85.8004007, 20.2743246 ], [ 85.8005615, 20.2745986 ] ], [ [ 85.8005615, 20.2745986 ], [ 85.8008421, 20.2749758 ], [ 85.8010195, 20.2751889 ] ], [ [ 85.8010195, 20.2751889 ], [ 85.8013269, 20.2751855 ] ], [ [ 85.8013269, 20.2751855 ], [ 85.8015809, 20.27517 ], [ 85.8017735, 20.2751686 ] ], [ [ 85.8017735, 20.2751686 ], [ 85.8019562, 20.2751853 ], [ 85.8021852, 20.2751956 ], [ 85.8023173, 20.2751956 ] ], [ [ 85.8023173, 20.2751956 ], [ 85.802482, 20.2752022 ], [ 85.8027718, 20.2752354 ], [ 85.8029086, 20.2752573 ], [ 85.8030419, 20.2753034 ], [ 85.8031804, 20.2753695 ] ], [ [ 85.8031804, 20.2753695 ], [ 85.8035951, 20.2756 ] ], [ [ 85.8035951, 20.2756 ], [ 85.8036496, 20.2757286 ] ], [ [ 85.8036496, 20.2757286 ], [ 85.8037569, 20.27581 ] ], [ [ 85.8037569, 20.27581 ], [ 85.8038438, 20.2757541 ] ], [ [ 85.8038438, 20.2757541 ], [ 85.8039063, 20.2756908 ] ], [ [ 85.8039063, 20.2756908 ], [ 85.8044447, 20.2761777 ] ], [ [ 85.8044447, 20.2761777 ], [ 85.8048084, 20.2765533 ] ], [ [ 85.8048084, 20.2765533 ], [ 85.8056179, 20.275759 ] ], [ [ 85.8056179, 20.275759 ], [ 85.805879, 20.275993 ] ], [ [ 85.805879, 20.275993 ], [ 85.8059388, 20.2760466 ] ], [ [ 85.8059388, 20.2760466 ], [ 85.8065455, 20.2765904 ] ], [ [ 85.8065455, 20.2765904 ], [ 85.8073129, 20.2757883 ] ], [ [ 85.8073129, 20.2757883 ], [ 85.8077573, 20.2753526 ] ], [ [ 85.8077573, 20.2753526 ], [ 85.8081319, 20.2756639 ] ], [ [ 85.8081319, 20.2756639 ], [ 85.8081981, 20.2757214 ] ], [ [ 85.8081981, 20.2757214 ], [ 85.8084939, 20.2759688 ] ], [ [ 85.8084939, 20.2759688 ], [ 85.8088959, 20.2762977 ] ], [ [ 85.8088959, 20.2762977 ], [ 85.8091192, 20.276064 ] ], [ [ 85.8091192, 20.276064 ], [ 85.8100683, 20.2762165 ] ], [ [ 85.8100683, 20.2762165 ], [ 85.8105283, 20.2762778 ] ], [ [ 85.8105283, 20.2762778 ], [ 85.8106658, 20.2763046 ] ], [ [ 85.8106658, 20.2763046 ], [ 85.8114229, 20.2765126 ], [ 85.8115083, 20.2765819 ] ], [ [ 85.8115083, 20.2765819 ], [ 85.8128183, 20.2754121 ] ], [ [ 85.8128183, 20.2754121 ], [ 85.8132091, 20.2756453 ] ], [ [ 85.8132091, 20.2756453 ], [ 85.8136015, 20.2758795 ] ], [ [ 85.8136015, 20.2758795 ], [ 85.8143482, 20.276407 ] ], [ [ 85.8143482, 20.276407 ], [ 85.8149579, 20.2767224 ] ], [ [ 85.8149579, 20.2767224 ], [ 85.8153627, 20.2763678 ] ], [ [ 85.8153627, 20.2763678 ], [ 85.8157651, 20.2760155 ] ], [ [ 85.8157651, 20.2760155 ], [ 85.8162137, 20.2755945 ] ], [ [ 85.8162137, 20.2755945 ], [ 85.8167131, 20.275172 ] ], [ [ 85.8167131, 20.275172 ], [ 85.8173412, 20.2755346 ], [ 85.8174122, 20.2755751 ], [ 85.8174803, 20.2756295 ] ], [ [ 85.8174803, 20.2756295 ], [ 85.8175385, 20.2757489 ] ], [ [ 85.8175385, 20.2757489 ], [ 85.8175825, 20.2757684 ], [ 85.8176661, 20.2757981 ], [ 85.8177926, 20.2758697 ] ], [ [ 85.8177926, 20.2758697 ], [ 85.8178807, 20.27592 ] ], [ [ 85.8178807, 20.27592 ], [ 85.81819, 20.2760966 ], [ 85.8185332, 20.2762913 ] ], [ [ 85.8185332, 20.2762913 ], [ 85.8186821, 20.2763075 ], [ 85.8188389, 20.2762832 ] ], [ [ 85.8188389, 20.2762832 ], [ 85.81907, 20.2761887 ], [ 85.8197894, 20.2758586 ], [ 85.8200229, 20.2757612 ] ], [ [ 85.8200229, 20.2757612 ], [ 85.8215574, 20.2750943 ], [ 85.8225733, 20.2746647 ], [ 85.8242545, 20.2739543 ] ], [ [ 85.8242545, 20.2739543 ], [ 85.8244339, 20.2739595 ], [ 85.8245941, 20.2739912 ], [ 85.8246927, 20.2740288 ], [ 85.8247773, 20.27408 ] ], [ [ 85.8247773, 20.27408 ], [ 85.8249043, 20.2743395 ], [ 85.8254527, 20.27558 ] ], [ [ 85.8254527, 20.27558 ], [ 85.8254926, 20.2756603 ] ], [ [ 85.8254926, 20.2756603 ], [ 85.8255993, 20.2756213 ] ], [ [ 85.8255993, 20.2756213 ], [ 85.8262084, 20.2753956 ], [ 85.8262749, 20.2753342 ] ], [ [ 85.8262749, 20.2753342 ], [ 85.8266012, 20.2752293 ] ], [ [ 85.8266012, 20.2752293 ], [ 85.8271535, 20.2750434 ], [ 85.8277597, 20.2748216 ] ], [ [ 85.8277597, 20.2748216 ], [ 85.8281088, 20.274699 ], [ 85.8300907, 20.2739921 ], [ 85.830683, 20.2737718 ], [ 85.8308804, 20.2737058 ], [ 85.8312393, 20.2735839 ], [ 85.8319399, 20.2733277 ], [ 85.8321039, 20.2732703 ], [ 85.8323623, 20.2731763 ] ], [ [ 85.8323623, 20.2731763 ], [ 85.8327084, 20.2741953 ] ], [ [ 85.8327084, 20.2741953 ], [ 85.832869, 20.2746882 ] ], [ [ 85.832869, 20.2746882 ], [ 85.8330294, 20.2751364 ] ] ] } },
{ "type": "Feature", "properties": { "route_id": "R_SYN030", "stop_id": "SYN030" }, "geometry": { "type": "MultiLineString", "coordinates": [ [ [ 85.7956882, 20.2733904 ], [ 85.7956242, 20.2730836 ], [ 85.7955946, 20.2730307 ], [ 85.7955213, 20.2729733 ], [ 85.7955018, 20.2728997 ], [ 85.7957248, 20.2724912 ] ], [ [ 85.7957248, 20.2724912 ], [ 85.795809, 20.2725261 ], [ 85.7960022, 20.272565 ], [ 85.7961624, 20.2725637 ] ], [ [ 85.7961624, 20.2725637 ], [ 85.7964029, 20.2725288 ], [ 85.7964995, 20.2725038 ], [ 85.7965888, 20.2724875 ], [ 85.7967526, 20.2724499 ], [ 85.7968487, 20.2725038 ], [ 85.7969664, 20.2725134 ], [ 85.7971879, 20.2724894 ] ], [ [ 85.7971879, 20.2724894 ], [ 85.797172, 20.272296 ] ], [ [ 85.797172, 20.272296 ], [ 85.7972477, 20.2717737 ] ], [ [ 85.7972477, 20.2717737 ], [ 85.7975255, 20.2717888 ], [ 85.7977045, 20.2717707 ], [ 85.7978663, 20.2717358 ] ], [ [ 85.7978663, 20.2717358 ], [ 85.7981349, 20.271675 ] ], [ [ 85.7981349, 20.271675 ], [ 85.7983505, 20.2716077 ], [ 85.7984191, 20.2715274 ], [ 85.7984898, 20.2714498 ] ], [ [ 85.7984898, 20.2714498 ], [ 85.7986237, 20.2714557 ], [ 85.798756, 20.2714805 ], [ 85.7989082, 20.271465 ], [ 85.7989942, 20.2714246 ], [ 85.7990505, 20.2712074 ], [ 85.7990802, 20.2710119 ], [ 85.7992192, 20.2709343 ], [ 85.7993081, 20.2708896 ] ], [ [ 85.7993081, 20.2708896 ], [ 85.7994044, 20.2708412 ], [ 85.7995401, 20.2707512 ], [ 85.7996129, 20.2706798 ], [ 85.7999083, 20.2705607 ], [ 85.7997176, 20.2699327 ] ], [ [ 85.7997176, 20.2699327 ], [ 85.799982, 20.2697882 ] ], [ [ 85.799982, 20.2697882 ], [ 85.8001269, 20.2696868 ], [ 85.8005527, 20.2696131 ] ], [ [ 85.8005527, 20.2696131 ], [ 85.800667, 20.2698519 ] ], [ [ 85.800667, 20.2698519 ], [ 85.801248, 20.2693828 ], [ 85.8014922, 20.2691786 ], [ 85.801763, 20.2689876 ], [ 85.8019317, 20.268979 ] ], [ [ 85.8019317, 20.268979 ], [ 85.8023185, 20.2694218 ] ], [ [ 85.8023185, 20.2694218 ], [ 85.8029987, 20.2690059 ], [ 85.8032486, 20.2687671 ] ], [ [ 85.8032486, 20.2687671 ], [ 85.803749, 20.2690569 ], [ 85.8041913, 20.269319 ] ], [ [ 85.8041913, 20.269319 ], [ 85.8052733, 20.2698734 ] ], [ [ 85.8052733, 20.2698734 ], [ 85.8059109, 20.2702311 ], [ 85.8060087, 20.2702905 ], [ 85.8065427, 20.270607 ], [ 85.8067635, 20.2707515 ] ], [ [ 85.8067635, 20.2707515 ], [ 85.8068376, 20.2708031 ] ], [ [ 85.8068376, 20.2708031 ], [ 85.8068528, 20.270789 ], [ 85.8069183, 20.2707315 ] ], [ [ 85.8069183, 20.2707315 ], [ 85.8071166, 20.2705576 ] ], [ [ 85.8071166, 20.2705576 ], [ 85.8074254, 20.2702742 ] ], [ [ 85.8074254, 20.2702742 ], [ 85.80776, 20.2699615 ] ], [ [ 85.80776, 20.2699615 ], [ 85.8091807, 20.2686525 ], [ 85.8095826, 20.2682949 ], [ 85.8097477, 20.2681471 ], [ 85.8100499, 20.2678704 ], [ 85.8107237, 20.2672454 ], [ 85.8108664, 20.2671111 ] ], [ [ 85.8108664, 20.2671111 ], [ 85.8113638, 20.2666499 ], [ 85.8123276, 20.2657389 ], [ 85.8132396, 20.2648859 ], [ 85.8140228, 20.2641764 ], [ 85.8143017, 20.2639273 ] ], [ [ 85.8143017, 20.2639273 ], [ 85.8146504, 20.2636278 ], [ 85.8147825, 20.2635196 ], [ 85.8151144, 20.2632479 ], [ 85.8152191, 20.26319 ], [ 85.8153371, 20.2631523 ], [ 85.8157475, 20.263034 ], [ 85.8159513, 20.262961 ], [ 85.8161444, 20.2628554 ], [ 85.8162571, 20.2627748 ], [ 85.8163965, 20.262644 ], [ 85.8166272, 20.2623873 ], [ 85.8168065, 20.2621608 ] ], [ [ 85.8168065, 20.2621608 ], [ 85.8168364, 20.2621231 ], [ 85.8170215, 20.2619168 ], [ 85.8176304, 20.2612601 ], [ 85.818199, 20.2606562 ], [ 85.8183921, 20.2604725 ], [ 85.8185799, 20.260324 ], [ 85.8187837, 20.260163 ], [ 85.8190314, 20.2599923 ] ], [ [ 85.8190314, 20.2599923 ], [ 85.8195213, 20.2596547 ], [ 85.8204467, 20.2590256 ], [ 85.8205486, 20.2589565 ] ], [ [ 85.8205486, 20.2589565 ], [ 85.8212513, 20.2584846 ], [ 85.8214069, 20.2583915 ], [ 85.8218137, 20.2581376 ] ], [ [ 85.8218137, 20.2581376 ], [ 85.8226644, 20.2576068 ], [ 85.8227994, 20.257528 ] ], [ [ 85.8227994, 20.257528 ], [ 85.8229022, 20.2574603 ] ], [ [ 85.8229022, 20.2574603 ], [ 85.8228489, 20.2573847 ] ], [ [ 85.8228489, 20.2573847 ], [ 85.8227879, 20.2572973 ], [ 85.8223813, 20.2567087 ] ], [ [ 85.8223813, 20.2567087 ], [ 85.8222446, 20.2565127 ], [ 85.8215787, 20.2555203 ] ], [ [ 85.8215787, 20.2555203 ], [ 85.8220558, 20.2550927 ], [ 85.8221904, 20.2549838 ] ], [ [ 85.8221904, 20.2549838 ], [ 85.8225248, 20.2546926 ], [ 85.8229001, 20.2543768 ] ], [ [ 85.8229001, 20.2543768 ], [ 85.8230274, 20.2542715 ], [ 85.8231721, 20.2541787 ] ], [ [ 85.8231721, 20.2541787 ], [ 85.8235749, 20.253798 ], [ 85.8239919, 20.2534347 ], [ 85.8245247, 20.2529721 ], [ 85.8248075, 20.252701 ] ], [ [ 85.8248075, 20.252701 ], [ 85.8248819, 20.2526153 ] ], [ [ 85.8248819, 20.2526153 ], [ 85.8248206, 20.2523478 ] ], [ [ 85.8248206, 20.2523478 ], [ 85.8248379, 20.2523239 ], [ 85.8248482, 20.2522967 ], [ 85.8248508, 20.252268 ], [ 85.8248457, 20.2522395 ], [ 85.8248331, 20.2522132 ] ], [ [ 85.8248331, 20.2522132 ], [ 85.8251613, 20.2517252 ], [ 85.8252585, 20.2515579 ] ], [ [ 85.8252585, 20.2515579 ], [ 85.825396, 20.2513212 ], [ 85.8254252, 20.2512482 ] ], [ [ 85.8254252, 20.2512482 ], [ 85.8255125, 20.2509752 ], [ 85.8255355, 20.2508469 ] ], [ [ 85.8255355, 20.2508469 ], [ 85.8256019, 20.2504596 ] ], [ [ 85.8256019, 20.2504596 ], [ 85.8256236, 20.2503334 ], [ 85.8256785, 20.2500668 ] ], [ [ 85.8256785, 20.2500668 ], [ 85.8256956, 20.249984 ] ], [ [ 85.8256956, 20.249984 ], [ 85.8257369, 20.2497833 ], [ 85.8257643, 20.2496519 ] ], [ [ 85.8257643, 20.2496519 ], [ 85.8258447, 20.2492659 ] ], [ [ 85.8258447, 20.2492659 ], [ 85.8258667, 20.24916 ], [ 85.8259289, 20.2488737 ] ], [ [ 85.8259289, 20.2488737 ], [ 85.8259728, 20.2486714 ], [ 85.8260326, 20.2484365 ] ], [ [ 85.8260326, 20.2484365 ], [ 85.8260746, 20.2482715 ], [ 85.826141, 20.2480034 ] ], [ [ 85.826141, 20.2480034 ], [ 85.8261866, 20.2478505 ], [ 85.8262538, 20.2476253 ], [ 85.826255, 20.2475142 ] ], [ [ 85.826255, 20.2475142 ], [ 85.8262831, 20.2473815 ] ], [ [ 85.8262831, 20.2473815 ], [ 85.8266596, 20.2459377 ], [ 85.8267178, 20.2456616 ], [ 85.8267606, 20.2453916 ], [ 85.8268199, 20.2450353 ], [ 85.8268742, 20.2448878 ], [ 85.8269154, 20.2447752 ], [ 85.8270921, 20.2444061 ], [ 85.8271472, 20.2442765 ], [ 85.8271392, 20.2441923 ], [ 85.8271127, 20.2441196 ], [ 85.8269269, 20.2439105 ], [ 85.8266794, 20.243684 ], [ 85.8265392, 20.2435828 ], [ 85.8264062, 20.2434598 ], [ 85.8262622, 20.2432895 ] ], [ [ 85.8262622, 20.2432895 ], [ 85.826261, 20.2432712 ], [ 85.8262474, 20.2432446 ], [ 85.8262012, 20.2431745 ], [ 85.8252053, 20.2417387 ], [ 85.8251334, 20.2416389 ] ], [ [ 85.8251334, 20.2416389 ], [ 85.8252468, 20.2415713 ], [ 85.8254948, 20.2414275 ] ], [ [ 85.8254948, 20.2414275 ], [ 85.8255663, 20.241386 ], [ 85.8256534, 20.2413502 ] ], [ [ 85.8256534, 20.2413502 ], [ 85.8258249, 20.2412797 ], [ 85.8259983, 20.2412425 ] ], [ [ 85.8259983, 20.2412425 ], [ 85.8261549, 20.241194 ], [ 85.8264436, 20.2411516 ], [ 85.8267196, 20.2410971 ], [ 85.8269233, 20.2411469 ] ], [ [ 85.8269233, 20.2411469 ], [ 85.8270876, 20.2412432 ] ], [ [ 85.8270876, 20.2412432 ], [ 85.8275217, 20.2414669 ] ], [ [ 85.8275217, 20.2414669 ], [ 85.8275766, 20.2414209 ], [ 85.8280781, 20.2416831 ] ], [ [ 85.8280781, 20.2416831 ], [ 85.8281142, 20.241702 ] ], [ [ 85.8281142, 20.241702 ], [ 85.8281527, 20.2418338 ], [ 85.8283025, 20.2422031 ] ], [ [ 85.8283025, 20.2422031 ], [ 85.8284498, 20.242021 ] ], [ [ 85.8284498, 20.242021 ], [ 85.8293482, 20.2410203 ], [ 85.8297773, 20.2407106 ] ], [ [ 85.8297773, 20.2407106 ], [ 85.8298418, 20.240664 ] ], [ [ 85.8298418, 20.240664 ], [ 85.8302634, 20.2405854 ] ], [ [ 85.8302634, 20.2405854 ], [ 85.83056, 20.24053 ], [ 85.8306214, 20.2405272 ] ], [ [ 85.8306214, 20.2405272 ], [ 85.8309849, 20.2405107 ], [ 85.8310151, 20.2405163 ] ], [ [ 85.8310151, 20.2405163 ], [ 85.8313026, 20.2405691 ] ], [ [ 85.8313026, 20.2405691 ], [ 85.8317029, 20.2405072 ], [ 85.8321834, 20.240315 ], [ 85.8324067, 20.2402229 ], [ 85.8326022, 20.2401737 ], [ 85.8327367, 20.2401998 ] ], [ [ 85.8327367, 20.2401998 ], [ 85.8327803, 20.2401262 ], [ 85.8328402, 20.2400622 ], [ 85.8329037, 20.2400274 ] ], [ [ 85.8329037, 20.2400274 ], [ 85.8331324, 20.2399291 ], [ 85.8333607, 20.2397972 ], [ 85.8340949, 20.2392684 ] ], [ [ 85.8340949, 20.2392684 ], [ 85.8346205, 20.2388725 ] ], [ [ 85.8346205, 20.2388725 ], [ 85.8346636, 20.2387979 ], [ 85.8346846, 20.2387038 ], [ 85.8346934, 20.2386363 ], [ 85.8346654, 20.2382094 ], [ 85.8347089, 20.238119 ], [ 85.8347119, 20.2380469 ], [ 85.8346945, 20.2380042 ] ], [ [ 85.8346945, 20.2380042 ], [ 85.8351924, 20.2378144 ], [ 85.8354618, 20.2377249 ] ], [ [ 85.8354618, 20.2377249 ], [ 85.8355376, 20.2376997 ] ], [ [ 85.8355376, 20.2376997 ], [ 85.8357139, 20.2376507 ] ], [ [ 85.8357139, 20.2376507 ], [ 85.8358292, 20.2376178 ] ], [ [ 85.8358292, 20.2376178 ], [ 85.8359316, 20.2375961 ] ], [ [ 85.8359316, 20.2375961 ], [ 85.8362346, 20.2375318 ] ], [ [ 85.8362346, 20.2375318 ], [ 85.8364568, 20.2374829 ] ], [ [ 85.8364568, 20.2374829 ], [ 85.8364882, 20.2374296 ] ], [ [ 85.8364882, 20.2374296 ], [ 85.8366187, 20.2372738 ], [ 85.8367032, 20.2371434 ], [ 85.836796, 20.2369508 ], [ 85.8369697, 20.2361624 ], [ 85.8369869, 20.23612 ] ], [ [ 85.8369869, 20.23612 ], [ 85.8372236, 20.2357886 ] ], [ [ 85.8372236, 20.2357886 ], [ 85.8377678, 20.2349877 ] ], [ [ 85.8377678, 20.2349877 ], [ 85.8381598, 20.2344108 ] ], [ [ 85.8381598, 20.2344108 ], [ 85.8381837, 20.2343713 ] ], [ [ 85.8381837, 20.2343713 ], [ 85.8382002, 20.234344 ], [ 85.8383105, 20.2341959 ], [ 85.83835, 20.23414 ] ], [ [ 85.83835, 20.23414 ], [ 85.8391982, 20.2330193 ] ], [ [ 85.8391982, 20.2330193 ], [ 85.8394015, 20.2327507 ] ], [ [ 85.8394015, 20.2327507 ], [ 85.8396021, 20.232522 ] ], [ [ 85.8396021, 20.232522 ], [ 85.8396392, 20.2324878 ] ], [ [ 85.8396392, 20.2324878 ], [ 85.8398962, 20.2321417 ], [ 85.8400629, 20.2318724 ], [ 85.8401029, 20.2317998 ] ], [ [ 85.8401029, 20.2317998 ], [ 85.8405487, 20.2309904 ] ], [ [ 85.8405487, 20.2309904 ], [ 85.8409664, 20.2302126 ], [ 85.8410105, 20.2301512 ], [ 85.8410786, 20.2301113 ] ], [ [ 85.8410786, 20.2301113 ], [ 85.8411341, 20.2301095 ], [ 85.8412048, 20.2301072 ] ], [ [ 85.8412048, 20.2301072 ], [ 85.8412036, 20.2300233 ], [ 85.8411981, 20.2298077 ], [ 85.8411924, 20.2294074 ] ], [ [ 85.8411924, 20.2294074 ], [ 85.8411907, 20.2292866 ] ], [ [ 85.8411907, 20.2292866 ], [ 85.841165, 20.2285508 ], [ 85.8411589, 20.2278012 ], [ 85.841163, 20.2276181 ], [ 85.8411731, 20.2274769 ], [ 85.8411874, 20.2273644 ], [ 85.8412118, 20.2272576 ], [ 85.8412366, 20.2271878 ] ], [ [ 85.8412366, 20.2271878 ], [ 85.8412604, 20.2271208 ], [ 85.8413124, 20.2269926 ], [ 85.8413894, 20.2268567 ], [ 85.8414875, 20.2267209 ], [ 85.8416034, 20.2265937 ], [ 85.8416113, 20.226585 ], [ 85.8417724, 20.2264163 ], [ 85.8418697, 20.2263242 ], [ 85.8429959, 20.2252503 ], [ 85.8432772, 20.2249804 ], [ 85.8434923, 20.2247798 ] ], [ [ 85.8434923, 20.2247798 ], [ 85.8436856, 20.2245719 ], [ 85.8440194, 20.224188 ], [ 85.8444406, 20.2236566 ], [ 85.8447237, 20.2233112 ] ], [ [ 85.8447237, 20.2233112 ], [ 85.8450488, 20.222875 ] ], [ [ 85.8450488, 20.222875 ], [ 85.8451272, 20.2227699 ], [ 85.8456829, 20.222006 ], [ 85.8459153, 20.2216915 ] ], [ [ 85.8459153, 20.2216915 ], [ 85.8460509, 20.2214846 ], [ 85.8462527, 20.2212057 ], [ 85.8463482, 20.2210861 ], [ 85.8464792, 20.2209466 ], [ 85.8466491, 20.2207773 ], [ 85.8471622, 20.2203488 ], [ 85.8475799, 20.2200234 ], [ 85.8476861, 20.2199348 ] ], [ [ 85.8476861, 20.2199348 ], [ 85.8480264, 20.219649 ] ], [ [ 85.8480264, 20.219649 ], [ 85.8481214, 20.2195717 ], [ 85.8486696, 20.2191281 ] ], [ [ 85.8486696, 20.2191281 ], [ 85.8490132, 20.218861 ], [ 85.8495897, 20.2183977 ], [ 85.8496584, 20.2183536 ] ], [ [ 85.8496584, 20.2183536 ], [ 85.8498672, 20.2183723 ], [ 85.850114, 20.2183438 ], [ 85.8504491, 20.2182916 ], [ 85.8512436, 20.2180563 ], [ 85.8514117, 20.2180228 ], [ 85.8515305, 20.2180192 ], [ 85.8517199, 20.2180723 ] ], [ [ 85.8517199, 20.2180723 ], [ 85.8517157, 20.2177417 ] ], [ [ 85.8517157, 20.2177417 ], [ 85.8517119, 20.2174381 ], [ 85.8517211, 20.2174063 ], [ 85.851755, 20.2173831 ], [ 85.8518136, 20.2173716 ], [ 85.8520354, 20.2173484 ] ] ] } },
{ "type": "Feature", "properties": { "route_id": "R_SYN031", "stop_id": "SYN031" }, "geometry": { "type": "MultiLineString", "coordinates": [ [ [ 85.7956882, 20.2733904 ], [ 85.7956242, 20.2730836 ], [ 85.7955946, 20.2730307 ], [ 85.7955213, 20.2729733 ], [ 85.7955018, 20.2728997 ], [ 85.7957248, 20.2724912 ] ], [ [ 85.7957248, 20.2724912 ], [ 85.7955718, 20.2724278 ], [ 85.7954738, 20.2723002 ], [ 85.7954366, 20.2722518 ], [ 85.7952148, 20.2720054 ] ], [ [ 85.7952148, 20.2720054 ], [ 85.7951966, 20.2719852 ], [ 85.7949362, 20.2717168 ] ], [ [ 85.7949362, 20.2717168 ], [ 85.794791, 20.2717447 ], [ 85.7945393, 20.2717996 ], [ 85.7942273, 20.2719166 ] ], [ [ 85.7942273, 20.2719166 ], [ 85.7941032, 20.2719631 ] ], [ [ 85.7941032, 20.2719631 ], [ 85.7940706, 20.2718488 ], [ 85.7939437, 20.2714805 ] ], [ [ 85.7939437, 20.2714805 ], [ 85.7938778, 20.2712955 ], [ 85.7938188, 20.2711182 ] ], [ [ 85.7938188, 20.2711182 ], [ 85.7937598, 20.2709508 ], [ 85.7936351, 20.2705583 ], [ 85.7934943, 20.2701538 ] ], [ [ 85.7934943, 20.2701538 ], [ 85.793382, 20.2698115 ], [ 85.7930373, 20.2688759 ], [ 85.7927537, 20.2680633 ], [ 85.7923572, 20.2669103 ], [ 85.7920319, 20.265977 ] ], [ [ 85.7920319, 20.265977 ], [ 85.792329, 20.2657558 ], [ 85.7926343, 20.2655469 ], [ 85.7931181, 20.2651925 ], [ 85.7933701, 20.2647392 ], [ 85.7936321, 20.2643635 ], [ 85.7937157, 20.2643167 ] ], [ [ 85.7937157, 20.2643167 ], [ 85.793866, 20.2642326 ] ], [ [ 85.793866, 20.2642326 ], [ 85.7941119, 20.263882 ], [ 85.7943541, 20.2635546 ], [ 85.7944016, 20.2635003 ] ], [ [ 85.7944016, 20.2635003 ], [ 85.7945328, 20.2633502 ] ], [ [ 85.7945328, 20.2633502 ], [ 85.7946125, 20.2632591 ], [ 85.7950118, 20.2630017 ] ], [ [ 85.7950118, 20.2630017 ], [ 85.7950876, 20.2629528 ], [ 85.7953491, 20.2629506 ], [ 85.795591, 20.2629302 ] ], [ [ 85.795591, 20.2629302 ], [ 85.7954637, 20.2624345 ], [ 85.7954519, 20.2623641 ] ], [ [ 85.7954519, 20.2623641 ], [ 85.7956317, 20.2623648 ] ] ] } },
{ "type": "Feature", "properties": { "route_id": "R_SYN032", "stop_id": "SYN032" }, "geometry": { "type": "MultiLineString", "coordinates": [ [ [ 85.7956882, 20.2733904 ], [ 85.7956242, 20.2730836 ], [ 85.7955946, 20.2730307 ], [ 85.7955213, 20.2729733 ], [ 85.7955018, 20.2728997 ], [ 85.7957248, 20.2724912 ] ], [ [ 85.7957248, 20.2724912 ], [ 85.795809, 20.2725261 ], [ 85.7960022, 20.272565 ], [ 85.7961624, 20.2725637 ] ], [ [ 85.7961624, 20.2725637 ], [ 85.7964029, 20.2725288 ], [ 85.7964995, 20.2725038 ], [ 85.7965888, 20.2724875 ], [ 85.7967526, 20.2724499 ], [ 85.7968487, 20.2725038 ], [ 85.7969664, 20.2725134 ], [ 85.7971879, 20.2724894 ] ], [ [ 85.7971879, 20.2724894 ], [ 85.797172, 20.272296 ] ], [ [ 85.797172, 20.272296 ], [ 85.7973646, 20.2723499 ], [ 85.7975134, 20.2723949 ], [ 85.7976709, 20.2723938 ], [ 85.7978406, 20.2723928 ], [ 85.7979713, 20.2724066 ], [ 85.7980724, 20.2724183 ] ], [ [ 85.7980724, 20.2724183 ], [ 85.7980894, 20.2724889 ], [ 85.7981441, 20.2726138 ] ], [ [ 85.7981441, 20.2726138 ], [ 85.7984022, 20.2729489 ], [ 85.7986636, 20.2734028 ], [ 85.798722, 20.273434 ], [ 85.7989328, 20.2735272 ], [ 85.7991862, 20.2737681 ], [ 85.7995137, 20.2739924 ] ], [ [ 85.7995137, 20.2739924 ], [ 85.799999, 20.2742208 ] ], [ [ 85.799999, 20.2742208 ], [ 85.800016, 20.2742288 ], [ 85.8004007, 20.2743246 ] ], [ [ 85.8004007, 20.2743246 ], [ 85.8005615, 20.2745986 ] ], [ [ 85.8005615, 20.2745986 ], [ 85.8008421, 20.2749758 ], [ 85.8010195, 20.2751889 ] ], [ [ 85.8010195, 20.2751889 ], [ 85.8013269, 20.2751855 ] ], [ [ 85.8013269, 20.2751855 ], [ 85.8015809, 20.27517 ], [ 85.8017735, 20.2751686 ] ], [ [ 85.8017735, 20.2751686 ], [ 85.8019562, 20.2751853 ], [ 85.8021852, 20.2751956 ], [ 85.8023173, 20.2751956 ] ], [ [ 85.8023173, 20.2751956 ], [ 85.802482, 20.2752022 ], [ 85.8027718, 20.2752354 ], [ 85.8029086, 20.2752573 ], [ 85.8030419, 20.2753034 ], [ 85.8031804, 20.2753695 ] ], [ [ 85.8031804, 20.2753695 ], [ 85.8035951, 20.2756 ] ], [ [ 85.8035951, 20.2756 ], [ 85.8036496, 20.2757286 ] ], [ [ 85.8036496, 20.2757286 ], [ 85.8037569, 20.27581 ] ], [ [ 85.8037569, 20.27581 ], [ 85.8040261, 20.2760246 ] ], [ [ 85.8040261, 20.2760246 ], [ 85.8041889, 20.2761741 ], [ 85.8044882, 20.2764697 ] ], [ [ 85.8044882, 20.2764697 ], [ 85.8054861, 20.2774676 ], [ 85.8055858, 20.2775696 ] ], [ [ 85.8055858, 20.2775696 ], [ 85.806398, 20.278396 ], [ 85.8065197, 20.2785206 ] ], [ [ 85.8065197, 20.2785206 ], [ 85.8070385, 20.2790515 ] ], [ [ 85.8070385, 20.2790515 ], [ 85.8079276, 20.2799384 ], [ 85.8084043, 20.2804138 ], [ 85.8090417, 20.2810557 ], [ 85.8101485, 20.2821703 ] ], [ [ 85.8101485, 20.2821703 ], [ 85.8100801, 20.2822425 ], [ 85.8096838, 20.2827116 ], [ 85.80891, 20.283598 ], [ 85.8088058, 20.2837211 ] ], [ [ 85.8088058, 20.2837211 ], [ 85.8087489, 20.2838052 ] ], [ [ 85.8087489, 20.2838052 ], [ 85.8083563, 20.2842239 ], [ 85.8080659, 20.2845301 ], [ 85.8079704, 20.2846143 ] ], [ [ 85.8079704, 20.2846143 ], [ 85.8078263, 20.2847413 ] ], [ [ 85.8078263, 20.2847413 ], [ 85.8077594, 20.2848166 ], [ 85.807691, 20.2848967 ], [ 85.8075977, 20.28501 ] ], [ [ 85.8075977, 20.28501 ], [ 85.807673, 20.2850486 ] ], [ [ 85.807673, 20.2850486 ], [ 85.808039, 20.2852786 ] ], [ [ 85.808039, 20.2852786 ], [ 85.8081644, 20.2853574 ] ], [ [ 85.8081644, 20.2853574 ], [ 85.8083484, 20.285473 ], [ 85.8098007, 20.2863515 ] ], [ [ 85.8098007, 20.2863515 ], [ 85.8099872, 20.2864643 ], [ 85.8102727, 20.2866269 ] ], [ [ 85.8102727, 20.2866269 ], [ 85.8107166, 20.2868997 ] ], [ [ 85.8107166, 20.2868997 ], [ 85.8107815, 20.2869308 ], [ 85.8119452, 20.2876321 ], [ 85.8129904, 20.2882798 ] ], [ [ 85.8129904, 20.2882798 ], [ 85.8133681, 20.2884959 ], [ 85.8140213, 20.2889173 ], [ 85.8142814, 20.2890851 ], [ 85.8148849, 20.2894531 ], [ 85.8154872, 20.2898326 ] ], [ [ 85.8154872, 20.2898326 ], [ 85.8163308, 20.2903155 ], [ 85.816802, 20.2906055 ], [ 85.817054, 20.2907557 ] ], [ [ 85.817054, 20.2907557 ], [ 85.818041, 20.2913513 ], [ 85.8182813, 20.2913942 ] ], [ [ 85.8182813, 20.2913942 ], [ 85.8186578, 20.2916106 ], [ 85.8190404, 20.2918509 ], [ 85.8191979, 20.2919537 ], [ 85.8193481, 20.2920543 ] ], [ [ 85.8193481, 20.2920543 ], [ 85.8194312, 20.2922178 ], [ 85.8194936, 20.2923015 ], [ 85.8196116, 20.2924053 ] ], [ [ 85.8196116, 20.2924053 ], [ 85.8197632, 20.2925053 ], [ 85.8201246, 20.2927137 ], [ 85.8211166, 20.2933258 ], [ 85.8220436, 20.2938827 ] ], [ [ 85.8220436, 20.2938827 ], [ 85.8224319, 20.294116 ], [ 85.8226638, 20.2942545 ] ], [ [ 85.8226638, 20.2942545 ], [ 85.8231079, 20.2945342 ] ], [ [ 85.8231079, 20.2945342 ], [ 85.8234946, 20.2947735 ], [ 85.8240815, 20.2951377 ] ], [ [ 85.8240815, 20.2951377 ], [ 85.8244504, 20.2953703 ], [ 85.8245589, 20.2954372 ], [ 85.8247124, 20.2955303 ] ], [ [ 85.8247124, 20.2955303 ], [ 85.8247025, 20.2955656 ] ], [ [ 85.8247025, 20.2955656 ], [ 85.8246141, 20.2958931 ], [ 85.8245702, 20.2960542 ] ], [ [ 85.8245702, 20.2960542 ], [ 85.8245486, 20.2961056 ], [ 85.8242981, 20.2969703 ] ], [ [ 85.8242981, 20.2969703 ], [ 85.8242557, 20.2971165 ] ], [ [ 85.8242557, 20.2971165 ], [ 85.824194, 20.2973251 ], [ 85.8239658, 20.2980723 ] ], [ [ 85.8239658, 20.2980723 ], [ 85.823863, 20.2984064 ], [ 85.8238226, 20.298541 ], [ 85.8236657, 20.2990395 ], [ 85.8235865, 20.2993139 ] ], [ [ 85.8235865, 20.2993139 ], [ 85.8234345, 20.2998032 ] ], [ [ 85.8234345, 20.2998032 ], [ 85.8228764, 20.3015996 ] ], [ [ 85.8228764, 20.3015996 ], [ 85.8227502, 20.3020402 ], [ 85.8226004, 20.3025285 ], [ 85.8222291, 20.3037905 ], [ 85.82202, 20.30449 ], [ 85.8219453, 20.304701 ], [ 85.8218668, 20.3049595 ], [ 85.8217533, 20.3052942 ], [ 85.82161, 20.30561 ], [ 85.8212043, 20.3061952 ], [ 85.8210089, 20.306477 ], [ 85.8208928, 20.3066437 ] ], [ [ 85.8208928, 20.3066437 ], [ 85.8208678, 20.3066735 ], [ 85.8205799, 20.3071006 ], [ 85.8204073, 20.3074258 ], [ 85.8202784, 20.3077002 ], [ 85.8202201, 20.3078278 ] ], [ [ 85.8202201, 20.3078278 ], [ 85.8201813, 20.3079128 ] ], [ [ 85.8201813, 20.3079128 ], [ 85.8200831, 20.3082094 ], [ 85.8200192, 20.3084887 ], [ 85.8200045, 20.3087096 ], [ 85.8200258, 20.3090499 ], [ 85.8200307, 20.3092353 ], [ 85.8200299, 20.309461 ], [ 85.8201037, 20.3099903 ], [ 85.8201079, 20.3100643 ], [ 85.8201242, 20.3107297 ] ], [ [ 85.8201242, 20.3107297 ], [ 85.8201265, 20.3108238 ] ], [ [ 85.8201265, 20.3108238 ], [ 85.820147, 20.3116432 ], [ 85.820163, 20.3122847 ] ], [ [ 85.820163, 20.3122847 ], [ 85.8201712, 20.3126123 ] ], [ [ 85.8201712, 20.3126123 ], [ 85.8201777, 20.312915 ], [ 85.8201964, 20.3137928 ], [ 85.8202, 20.31396 ], [ 85.8201968, 20.3146496 ] ], [ [ 85.8201968, 20.3146496 ], [ 85.82022, 20.31475 ] ], [ [ 85.82022, 20.31475 ], [ 85.8202727, 20.3160629 ], [ 85.8202909, 20.3164666 ], [ 85.8203154, 20.3170605 ], [ 85.8203244, 20.3172774 ] ], [ [ 85.8203244, 20.3172774 ], [ 85.8203287, 20.3178233 ], [ 85.8203179, 20.3187092 ] ], [ [ 85.8203179, 20.3187092 ], [ 85.8203525, 20.3200262 ], [ 85.8203619, 20.3207918 ], [ 85.820378, 20.3211475 ] ], [ [ 85.820378, 20.3211475 ], [ 85.8203921, 20.3213831 ] ], [ [ 85.8203921, 20.3213831 ], [ 85.8204062, 20.3220417 ] ], [ [ 85.8204062, 20.3220417 ], [ 85.8204604, 20.3233013 ] ], [ [ 85.8204604, 20.3233013 ], [ 85.8204751, 20.3238366 ], [ 85.8204811, 20.3241943 ] ], [ [ 85.8204811, 20.3241943 ], [ 85.8204921, 20.3243546 ], [ 85.820497, 20.3245184 ] ], [ [ 85.820497, 20.3245184 ], [ 85.8204997, 20.3248842 ], [ 85.820579, 20.3256258 ] ], [ [ 85.820579, 20.3256258 ], [ 85.8205942, 20.3257289 ], [ 85.8206553, 20.3261424 ], [ 85.8206715, 20.3262524 ] ], [ [ 85.8206715, 20.3262524 ], [ 85.8206777, 20.3263088 ] ], [ [ 85.8206777, 20.3263088 ], [ 85.8207794, 20.3271587 ] ], [ [ 85.8207794, 20.3271587 ], [ 85.8208801, 20.3279576 ] ], [ [ 85.8208801, 20.3279576 ], [ 85.8208808, 20.3279632 ], [ 85.8209122, 20.3282125 ] ], [ [ 85.8209122, 20.3282125 ], [ 85.8209184, 20.3282619 ], [ 85.8210487, 20.3292017 ] ], [ [ 85.8210487, 20.3292017 ], [ 85.8211207, 20.3297623 ], [ 85.8212013, 20.3303799 ] ], [ [ 85.8212013, 20.3303799 ], [ 85.8212301, 20.3305999 ] ], [ [ 85.8212301, 20.3305999 ], [ 85.821314, 20.3312412 ] ], [ [ 85.821314, 20.3312412 ], [ 85.8213715, 20.3316459 ] ], [ [ 85.8213715, 20.3316459 ], [ 85.821435, 20.3322111 ], [ 85.8214541, 20.3324387 ] ], [ [ 85.8214541, 20.3324387 ], [ 85.8215748, 20.3332709 ], [ 85.8216385, 20.3337508 ] ], [ [ 85.8216385, 20.3337508 ], [ 85.8216525, 20.3338756 ], [ 85.8217145, 20.3343445 ], [ 85.8217351, 20.3345269 ], [ 85.8217657, 20.3347103 ], [ 85.8218079, 20.3350799 ] ], [ [ 85.8218079, 20.3350799 ], [ 85.8218377, 20.3353498 ], [ 85.8218683, 20.3356516 ], [ 85.821926, 20.3360703 ], [ 85.8220102, 20.3367127 ], [ 85.8221056, 20.3374114 ] ], [ [ 85.8221056, 20.3374114 ], [ 85.8221716, 20.3379778 ], [ 85.8222664, 20.33859 ], [ 85.8223254, 20.339022 ] ], [ [ 85.8223254, 20.339022 ], [ 85.8226093, 20.3411023 ] ], [ [ 85.8226093, 20.3411023 ], [ 85.8227322, 20.3420027 ] ], [ [ 85.8227322, 20.3420027 ], [ 85.8227982, 20.3423328 ] ], [ [ 85.8227982, 20.3423328 ], [ 85.8228334, 20.3424736 ] ], [ [ 85.8228334, 20.3424736 ], [ 85.8229917, 20.3429522 ], [ 85.8230567, 20.3431863 ] ], [ [ 85.8230567, 20.3431863 ], [ 85.8231832, 20.3435329 ] ], [ [ 85.8231832, 20.3435329 ], [ 85.8232681, 20.3437902 ], [ 85.8232876, 20.3438419 ] ], [ [ 85.8232876, 20.3438419 ], [ 85.8234523, 20.3443053 ] ], [ [ 85.8234523, 20.3443053 ], [ 85.823635, 20.3448162 ] ], [ [ 85.823635, 20.3448162 ], [ 85.8237281, 20.3450767 ] ], [ [ 85.8237281, 20.3450767 ], [ 85.8238619, 20.3454702 ] ], [ [ 85.8238619, 20.3454702 ], [ 85.8243012, 20.3467394 ] ], [ [ 85.8243012, 20.3467394 ], [ 85.8245736, 20.3474755 ], [ 85.8246157, 20.3476079 ], [ 85.8247418, 20.3479937 ], [ 85.8247811, 20.3481175 ], [ 85.8248194, 20.3482297 ] ], [ [ 85.8248194, 20.3482297 ], [ 85.8248952, 20.3484517 ], [ 85.8249581, 20.3486362 ], [ 85.8250868, 20.3490118 ] ], [ [ 85.8250868, 20.3490118 ], [ 85.8252016, 20.3493542 ], [ 85.8253299, 20.3497041 ], [ 85.8253776, 20.3498476 ] ], [ [ 85.8253776, 20.3498476 ], [ 85.825393, 20.349894 ], [ 85.8254495, 20.3500577 ], [ 85.8255099, 20.3502475 ], [ 85.8257201, 20.3508392 ], [ 85.8262826, 20.3524845 ] ], [ [ 85.8262826, 20.3524845 ], [ 85.826468, 20.3530227 ] ], [ [ 85.826468, 20.3530227 ], [ 85.8264251, 20.3531497 ], [ 85.8263741, 20.3532062 ], [ 85.826287, 20.3532547 ] ] ] } },
{ "type": "Feature", "properties": { "route_id": "R_SYN033", "stop_id": "SYN033" }, "geometry": { "type": "MultiLineString", "coordinates": [ [ [ 85.7956882, 20.2733904 ], [ 85.7956242, 20.2730836 ], [ 85.7955946, 20.2730307 ], [ 85.7955213, 20.2729733 ], [ 85.7955018, 20.2728997 ], [ 85.7957248, 20.2724912 ] ], [ [ 85.7957248, 20.2724912 ], [ 85.795809, 20.2725261 ], [ 85.7960022, 20.272565 ], [ 85.7961624, 20.2725637 ] ], [ [ 85.7961624, 20.2725637 ], [ 85.7964029, 20.2725288 ], [ 85.7964995, 20.2725038 ], [ 85.7965888, 20.2724875 ], [ 85.7967526, 20.2724499 ], [ 85.7968487, 20.2725038 ], [ 85.7969664, 20.2725134 ], [ 85.7971879, 20.2724894 ] ], [ [ 85.7971879, 20.2724894 ], [ 85.797172, 20.272296 ] ], [ [ 85.797172, 20.272296 ], [ 85.7973646, 20.2723499 ], [ 85.7975134, 20.2723949 ], [ 85.7976709, 20.2723938 ], [ 85.7978406, 20.2723928 ], [ 85.7979713, 20.2724066 ], [ 85.7980724, 20.2724183 ] ], [ [ 85.7980724, 20.2724183 ], [ 85.7980894, 20.2724889 ], [ 85.7981441, 20.2726138 ] ], [ [ 85.7981441, 20.2726138 ], [ 85.7984022, 20.2729489 ], [ 85.7986636, 20.2734028 ], [ 85.798722, 20.273434 ], [ 85.7989328, 20.2735272 ], [ 85.7991862, 20.2737681 ], [ 85.7995137, 20.2739924 ] ], [ [ 85.7995137, 20.2739924 ], [ 85.799999, 20.2742208 ] ], [ [ 85.799999, 20.2742208 ], [ 85.800016, 20.2742288 ], [ 85.8004007, 20.2743246 ] ], [ [ 85.8004007, 20.2743246 ], [ 85.8005615, 20.2745986 ] ], [ [ 85.8005615, 20.2745986 ], [ 85.8008421, 20.2749758 ], [ 85.8010195, 20.2751889 ] ], [ [ 85.8010195, 20.2751889 ], [ 85.8013269, 20.2751855 ] ], [ [ 85.8013269, 20.2751855 ], [ 85.8015809, 20.27517 ], [ 85.8017735, 20.2751686 ] ], [ [ 85.8017735, 20.2751686 ], [ 85.8019562, 20.2751853 ], [ 85.8021852, 20.2751956 ], [ 85.8023173, 20.2751956 ] ], [ [ 85.8023173, 20.2751956 ], [ 85.802482, 20.2752022 ], [ 85.8027718, 20.2752354 ], [ 85.8029086, 20.2752573 ], [ 85.8030419, 20.2753034 ], [ 85.8031804, 20.2753695 ] ], [ [ 85.8031804, 20.2753695 ], [ 85.8035951, 20.2756 ] ], [ [ 85.8035951, 20.2756 ], [ 85.8036496, 20.2757286 ] ], [ [ 85.8036496, 20.2757286 ], [ 85.8037569, 20.27581 ] ], [ [ 85.8037569, 20.27581 ], [ 85.8040261, 20.2760246 ] ], [ [ 85.8040261, 20.2760246 ], [ 85.8041889, 20.2761741 ], [ 85.8044882, 20.2764697 ] ], [ [ 85.8044882, 20.2764697 ], [ 85.8054861, 20.2774676 ], [ 85.8055858, 20.2775696 ] ], [ [ 85.8055858, 20.2775696 ], [ 85.806398, 20.278396 ], [ 85.8065197, 20.2785206 ] ], [ [ 85.8065197, 20.2785206 ], [ 85.8070385, 20.2790515 ] ], [ [ 85.8070385, 20.2790515 ], [ 85.8079276, 20.2799384 ], [ 85.8084043, 20.2804138 ], [ 85.8090417, 20.2810557 ], [ 85.8101485, 20.2821703 ] ], [ [ 85.8101485, 20.2821703 ], [ 85.8100801, 20.2822425 ], [ 85.8096838, 20.2827116 ], [ 85.80891, 20.283598 ], [ 85.8088058, 20.2837211 ] ], [ [ 85.8088058, 20.2837211 ], [ 85.8087489, 20.2838052 ] ], [ [ 85.8087489, 20.2838052 ], [ 85.8083563, 20.2842239 ], [ 85.8080659, 20.2845301 ], [ 85.8079704, 20.2846143 ] ], [ [ 85.8079704, 20.2846143 ], [ 85.8078263, 20.2847413 ] ], [ [ 85.8078263, 20.2847413 ], [ 85.8077594, 20.2848166 ], [ 85.807691, 20.2848967 ], [ 85.8075977, 20.28501 ] ], [ [ 85.8075977, 20.28501 ], [ 85.8074325, 20.2852585 ], [ 85.8070987, 20.2857423 ], [ 85.8068084, 20.2862468 ], [ 85.8065496, 20.2867146 ] ], [ [ 85.8065496, 20.2867146 ], [ 85.8064494, 20.2868958 ], [ 85.8060771, 20.2876217 ], [ 85.8057672, 20.2882108 ], [ 85.8055918, 20.2885829 ], [ 85.8053711, 20.2891326 ], [ 85.8053016, 20.2893058 ], [ 85.8050744, 20.2899148 ], [ 85.8049589, 20.2902566 ] ], [ [ 85.8049589, 20.2902566 ], [ 85.8048461, 20.2905904 ] ], [ [ 85.8048461, 20.2905904 ], [ 85.8048023, 20.2907202 ] ], [ [ 85.8048023, 20.2907202 ], [ 85.8047317, 20.2909852 ], [ 85.8046529, 20.2913343 ] ], [ [ 85.8046529, 20.2913343 ], [ 85.804553, 20.2917773 ], [ 85.804466, 20.2921805 ], [ 85.8044365, 20.2923171 ], [ 85.8042906, 20.2931783 ], [ 85.8042763, 20.2933777 ] ], [ [ 85.8042763, 20.2933777 ], [ 85.8042677, 20.2934982 ], [ 85.8042349, 20.2941472 ], [ 85.8042513, 20.2948152 ] ], [ [ 85.8042513, 20.2948152 ], [ 85.8042513, 20.2950753 ] ], [ [ 85.8042513, 20.2950753 ], [ 85.8042513, 20.2954436 ], [ 85.804199, 20.2961424 ], [ 85.8041666, 20.2966153 ] ], [ [ 85.8041666, 20.2966153 ], [ 85.8041559, 20.2967296 ] ], [ [ 85.8041559, 20.2967296 ], [ 85.8041039, 20.2972861 ], [ 85.8041204, 20.2977696 ], [ 85.8041491, 20.2980288 ], [ 85.804181, 20.2981279 ], [ 85.8042345, 20.2982199 ], [ 85.8043351, 20.2983335 ], [ 85.8044192, 20.2984064 ], [ 85.8047288, 20.2986047 ], [ 85.8049441, 20.2987517 ], [ 85.805083, 20.2988664 ], [ 85.8051544, 20.298907 ], [ 85.8052448, 20.2989345 ], [ 85.805376, 20.2989357 ], [ 85.8055888, 20.2989058 ], [ 85.8058721, 20.2988603 ], [ 85.8062207, 20.2988043 ], [ 85.8064808, 20.2987752 ] ], [ [ 85.8064808, 20.2987752 ], [ 85.8065729, 20.2987649 ] ], [ [ 85.8065729, 20.2987649 ], [ 85.8067682, 20.298743 ] ], [ [ 85.8067682, 20.298743 ], [ 85.8076311, 20.2986465 ], [ 85.8079179, 20.2986257 ] ], [ [ 85.8079179, 20.2986257 ], [ 85.8081751, 20.2986119 ], [ 85.8084504, 20.2985811 ] ], [ [ 85.8084504, 20.2985811 ], [ 85.8085041, 20.2989474 ], [ 85.8085552, 20.2991931 ], [ 85.8086479, 20.2993279 ], [ 85.8087501, 20.2994321 ], [ 85.8087918, 20.2995915 ] ], [ [ 85.8087918, 20.2995915 ], [ 85.8088608, 20.2998558 ], [ 85.8089223, 20.3000935 ] ], [ [ 85.8089223, 20.3000935 ], [ 85.8090108, 20.3004413 ] ], [ [ 85.8090108, 20.3004413 ], [ 85.8085832, 20.3005219 ] ], [ [ 85.8085832, 20.3005219 ], [ 85.8085773, 20.3006787 ] ], [ [ 85.8085773, 20.3006787 ], [ 85.8085732, 20.300789 ], [ 85.8085666, 20.30092 ], [ 85.8085429, 20.3009988 ], [ 85.8084934, 20.3011239 ], [ 85.8084224, 20.3012773 ], [ 85.8082617, 20.3014521 ] ], [ [ 85.8082617, 20.3014521 ], [ 85.8083527, 20.3015829 ], [ 85.8083667, 20.3016183 ] ], [ [ 85.8083667, 20.3016183 ], [ 85.8084248, 20.3017647 ] ], [ [ 85.8084248, 20.3017647 ], [ 85.8084549, 20.3018406 ], [ 85.8085124, 20.3022091 ], [ 85.808531, 20.3022976 ] ], [ [ 85.808531, 20.3022976 ], [ 85.8086296, 20.3027671 ] ], [ [ 85.8086296, 20.3027671 ], [ 85.8086338, 20.3027873 ], [ 85.8086473, 20.3028657 ] ], [ [ 85.8086473, 20.3028657 ], [ 85.8087046, 20.303324 ], [ 85.8087583, 20.3036404 ] ], [ [ 85.8087583, 20.3036404 ], [ 85.8087811, 20.3037064 ] ], [ [ 85.8087811, 20.3037064 ], [ 85.8088738, 20.3038733 ], [ 85.8089595, 20.3039857 ], [ 85.8090165, 20.3040604 ], [ 85.809101, 20.3042726 ], [ 85.8091136, 20.3043978 ] ], [ [ 85.8091136, 20.3043978 ], [ 85.8091344, 20.3049574 ] ], [ [ 85.8091344, 20.3049574 ], [ 85.8091361, 20.3050029 ], [ 85.8091465, 20.3055813 ] ], [ [ 85.8091465, 20.3055813 ], [ 85.809147, 20.3056069 ], [ 85.809173, 20.3059808 ], [ 85.8092302, 20.3064019 ], [ 85.8092753, 20.3066084 ], [ 85.809304, 20.3067916 ] ], [ [ 85.809304, 20.3067916 ], [ 85.8093121, 20.3068432 ], [ 85.8093238, 20.3069173 ], [ 85.809407, 20.3073368 ], [ 85.8094374, 20.3075535 ] ], [ [ 85.8094374, 20.3075535 ], [ 85.8094835, 20.3078899 ] ], [ [ 85.8094835, 20.3078899 ], [ 85.8095254, 20.3083544 ] ], [ [ 85.8095254, 20.3083544 ], [ 85.8092554, 20.3083601 ], [ 85.809133, 20.3083417 ], [ 85.8089837, 20.3082873 ] ], [ [ 85.8089837, 20.3082873 ], [ 85.8089274, 20.3082545 ] ], [ [ 85.8089274, 20.3082545 ], [ 85.8088626, 20.3082416 ], [ 85.8087969, 20.3082501 ], [ 85.8087442, 20.308275 ], [ 85.808702, 20.3083137 ], [ 85.8086743, 20.3083626 ] ], [ [ 85.8086743, 20.3083626 ], [ 85.8086638, 20.308417 ], [ 85.8086713, 20.3084719 ], [ 85.8086963, 20.308522 ], [ 85.8087363, 20.3085627 ], [ 85.8087876, 20.30859 ] ], [ [ 85.8087876, 20.30859 ], [ 85.8089717, 20.3090585 ] ], [ [ 85.8089717, 20.3090585 ], [ 85.8091327, 20.3094911 ] ], [ [ 85.8091327, 20.3094911 ], [ 85.8093168, 20.309952 ] ], [ [ 85.8093168, 20.309952 ], [ 85.8094563, 20.3103559 ], [ 85.8094732, 20.3104047 ] ], [ [ 85.8094732, 20.3104047 ], [ 85.8094871, 20.310445 ], [ 85.8095315, 20.3106139 ] ], [ [ 85.8095315, 20.3106139 ], [ 85.8096168, 20.3109381 ] ], [ [ 85.8096168, 20.3109381 ], [ 85.8096304, 20.3109899 ] ], [ [ 85.8096304, 20.3109899 ], [ 85.8096925, 20.311226 ], [ 85.8097434, 20.3115805 ] ], [ [ 85.8097434, 20.3115805 ], [ 85.8098717, 20.3124735 ], [ 85.8099278, 20.3131766 ] ], [ [ 85.8099278, 20.3131766 ], [ 85.8099907, 20.313966 ], [ 85.8099419, 20.3144306 ], [ 85.8098719, 20.3148591 ] ], [ [ 85.8098719, 20.3148591 ], [ 85.8098403, 20.3149067 ], [ 85.8098262, 20.3149612 ], [ 85.8098313, 20.3150171 ] ], [ [ 85.8098313, 20.3150171 ], [ 85.8096915, 20.3154101 ], [ 85.8096005, 20.3158331 ], [ 85.8095869, 20.3161716 ], [ 85.8097376, 20.3183357 ], [ 85.8097421, 20.318398 ], [ 85.8098684, 20.319347 ], [ 85.8098171, 20.3194262 ], [ 85.8097444, 20.3194853 ], [ 85.8095878, 20.319533 ], [ 85.8083002, 20.3196296 ], [ 85.8081785, 20.3196533 ], [ 85.8077288, 20.3197407 ], [ 85.8064596, 20.3200466 ] ], [ [ 85.8064596, 20.3200466 ], [ 85.8065074, 20.3202131 ] ], [ [ 85.8065074, 20.3202131 ], [ 85.8073636, 20.3200097 ] ], [ [ 85.8073636, 20.3200097 ], [ 85.8074897, 20.3204335 ] ], [ [ 85.8074897, 20.3204335 ], [ 85.807465, 20.3203943 ], [ 85.8074189, 20.3203682 ], [ 85.8073469, 20.3203583 ] ], [ [ 85.8073469, 20.3203583 ], [ 85.8072903, 20.32039 ], [ 85.8072603, 20.3204159 ], [ 85.8072379, 20.3204482 ], [ 85.8072349, 20.3204868 ], [ 85.8074155, 20.3215937 ], [ 85.8075384, 20.3223108 ], [ 85.8075815, 20.322481 ], [ 85.8076215, 20.3225503 ], [ 85.8076861, 20.3226282 ], [ 85.8077722, 20.322683 ], [ 85.8078553, 20.3227147 ], [ 85.8079322, 20.3227061 ], [ 85.8086922, 20.3225733 ], [ 85.8088522, 20.3225479 ] ], [ [ 85.8088522, 20.3225479 ], [ 85.8093193, 20.3224737 ] ], [ [ 85.8093193, 20.3224737 ], [ 85.8095246, 20.3241052 ], [ 85.8095282, 20.3241844 ] ], [ [ 85.8095282, 20.3241844 ], [ 85.8094614, 20.3245328 ], [ 85.809407, 20.32474 ], [ 85.8093456, 20.3248435 ], [ 85.8092819, 20.3249033 ], [ 85.8091832, 20.3249789 ], [ 85.8090501, 20.3250592 ], [ 85.8088503, 20.3251538 ], [ 85.8086609, 20.3252127 ], [ 85.8085271, 20.3252443 ] ], [ [ 85.8085271, 20.3252443 ], [ 85.8086031, 20.3258227 ] ], [ [ 85.8086031, 20.3258227 ], [ 85.8086956, 20.3263416 ] ], [ [ 85.8086956, 20.3263416 ], [ 85.8088085, 20.3269589 ] ], [ [ 85.8088085, 20.3269589 ], [ 85.8093524, 20.3268833 ] ], [ [ 85.8093524, 20.3268833 ], [ 85.8094108, 20.3273104 ] ], [ [ 85.8094108, 20.3273104 ], [ 85.8094797, 20.3278041 ] ], [ [ 85.8094797, 20.3278041 ], [ 85.8095173, 20.3280756 ] ], [ [ 85.8095173, 20.3280756 ], [ 85.8095557, 20.3283511 ] ], [ [ 85.8095557, 20.3283511 ], [ 85.8094991, 20.3283575 ], [ 85.8091708, 20.3284068 ] ], [ [ 85.8091708, 20.3284068 ], [ 85.8091731, 20.3284386 ], [ 85.8091771, 20.329008 ] ], [ [ 85.8091771, 20.329008 ], [ 85.8091776, 20.3290742 ], [ 85.8092021, 20.3295064 ] ], [ [ 85.8092021, 20.3295064 ], [ 85.8092173, 20.329693 ] ], [ [ 85.8092173, 20.329693 ], [ 85.8090395, 20.3297192 ], [ 85.8090019, 20.3297245 ] ], [ [ 85.8090019, 20.3297245 ], [ 85.8089016, 20.3297386 ] ], [ [ 85.8089016, 20.3297386 ], [ 85.808913, 20.3298114 ] ], [ [ 85.808913, 20.3298114 ], [ 85.8089992, 20.3302869 ] ], [ [ 85.8089992, 20.3302869 ], [ 85.8091248, 20.3312862 ], [ 85.8091558, 20.3315116 ] ], [ [ 85.8091558, 20.3315116 ], [ 85.8092478, 20.3321826 ] ], [ [ 85.8092478, 20.3321826 ], [ 85.8093032, 20.3325859 ] ], [ [ 85.8093032, 20.3325859 ], [ 85.8093159, 20.3326788 ], [ 85.8093288, 20.3327712 ] ], [ [ 85.8093288, 20.3327712 ], [ 85.8094396, 20.3335653 ] ], [ [ 85.8094396, 20.3335653 ], [ 85.8094511, 20.3336481 ], [ 85.8094577, 20.3337321 ] ], [ [ 85.8094577, 20.3337321 ], [ 85.8095069, 20.3340424 ], [ 85.8095381, 20.3342537 ] ], [ [ 85.8095381, 20.3342537 ], [ 85.809624, 20.3349322 ], [ 85.8097031, 20.3355109 ] ], [ [ 85.8097031, 20.3355109 ], [ 85.8097201, 20.3356353 ] ], [ [ 85.8097201, 20.3356353 ], [ 85.8098112, 20.3356238 ] ], [ [ 85.8098112, 20.3356238 ], [ 85.8097915, 20.3354956 ], [ 85.8096261, 20.3343206 ], [ 85.8096012, 20.3341288 ] ], [ [ 85.8096012, 20.3341288 ], [ 85.8096707, 20.3341253 ], [ 85.8097273, 20.3341203 ] ] ] } },
{ "type": "Feature", "properties": { "route_id": "R_SYN034", "stop_id": "SYN034" }, "geometry": { "type": "MultiLineString", "coordinates": [ [ [ 85.7956882, 20.2733904 ], [ 85.7956242, 20.2730836 ], [ 85.7955946, 20.2730307 ], [ 85.7955213, 20.2729733 ], [ 85.7955018, 20.2728997 ], [ 85.7957248, 20.2724912 ] ], [ [ 85.7957248, 20.2724912 ], [ 85.795809, 20.2725261 ], [ 85.7960022, 20.272565 ], [ 85.7961624, 20.2725637 ] ], [ [ 85.7961624, 20.2725637 ], [ 85.7964029, 20.2725288 ], [ 85.7964995, 20.2725038 ], [ 85.7965888, 20.2724875 ], [ 85.7967526, 20.2724499 ], [ 85.7968487, 20.2725038 ], [ 85.7969664, 20.2725134 ], [ 85.7971879, 20.2724894 ] ], [ [ 85.7971879, 20.2724894 ], [ 85.797172, 20.272296 ] ], [ [ 85.797172, 20.272296 ], [ 85.7973646, 20.2723499 ], [ 85.7975134, 20.2723949 ], [ 85.7976709, 20.2723938 ], [ 85.7978406, 20.2723928 ], [ 85.7979713, 20.2724066 ], [ 85.7980724, 20.2724183 ] ], [ [ 85.7980724, 20.2724183 ], [ 85.7980894, 20.2724889 ], [ 85.7981441, 20.2726138 ] ], [ [ 85.7981441, 20.2726138 ], [ 85.7984022, 20.2729489 ], [ 85.7986636, 20.2734028 ], [ 85.798722, 20.273434 ], [ 85.7989328, 20.2735272 ], [ 85.7991862, 20.2737681 ], [ 85.7995137, 20.2739924 ] ], [ [ 85.7995137, 20.2739924 ], [ 85.799999, 20.2742208 ] ], [ [ 85.799999, 20.2742208 ], [ 85.800016, 20.2742288 ], [ 85.8004007, 20.2743246 ] ], [ [ 85.8004007, 20.2743246 ], [ 85.8005615, 20.2745986 ] ], [ [ 85.8005615, 20.2745986 ], [ 85.8008421, 20.2749758 ], [ 85.8010195, 20.2751889 ] ], [ [ 85.8010195, 20.2751889 ], [ 85.8013269, 20.2751855 ] ], [ [ 85.8013269, 20.2751855 ], [ 85.8015809, 20.27517 ], [ 85.8017735, 20.2751686 ] ], [ [ 85.8017735, 20.2751686 ], [ 85.8019562, 20.2751853 ], [ 85.8021852, 20.2751956 ], [ 85.8023173, 20.2751956 ] ], [ [ 85.8023173, 20.2751956 ], [ 85.802482, 20.2752022 ], [ 85.8027718, 20.2752354 ], [ 85.8029086, 20.2752573 ], [ 85.8030419, 20.2753034 ], [ 85.8031804, 20.2753695 ] ], [ [ 85.8031804, 20.2753695 ], [ 85.8035951, 20.2756 ] ], [ [ 85.8035951, 20.2756 ], [ 85.8036496, 20.2757286 ] ], [ [ 85.8036496, 20.2757286 ], [ 85.8037569, 20.27581 ] ], [ [ 85.8037569, 20.27581 ], [ 85.8040261, 20.2760246 ] ], [ [ 85.8040261, 20.2760246 ], [ 85.8041889, 20.2761741 ], [ 85.8044882, 20.2764697 ] ], [ [ 85.8044882, 20.2764697 ], [ 85.8054861, 20.2774676 ], [ 85.8055858, 20.2775696 ] ], [ [ 85.8055858, 20.2775696 ], [ 85.806398, 20.278396 ], [ 85.8065197, 20.2785206 ] ], [ [ 85.8065197, 20.2785206 ], [ 85.8070385, 20.2790515 ] ], [ [ 85.8070385, 20.2790515 ], [ 85.8079276, 20.2799384 ], [ 85.8084043, 20.2804138 ], [ 85.8090417, 20.2810557 ], [ 85.8101485, 20.2821703 ] ], [ [ 85.8101485, 20.2821703 ], [ 85.8100801, 20.2822425 ], [ 85.8096838, 20.2827116 ], [ 85.80891, 20.283598 ], [ 85.8088058, 20.2837211 ] ], [ [ 85.8088058, 20.2837211 ], [ 85.8087489, 20.2838052 ] ], [ [ 85.8087489, 20.2838052 ], [ 85.8083563, 20.2842239 ], [ 85.8080659, 20.2845301 ], [ 85.8079704, 20.2846143 ] ], [ [ 85.8079704, 20.2846143 ], [ 85.8078263, 20.2847413 ] ], [ [ 85.8078263, 20.2847413 ], [ 85.8077594, 20.2848166 ], [ 85.807691, 20.2848967 ], [ 85.8075977, 20.28501 ] ], [ [ 85.8075977, 20.28501 ], [ 85.807673, 20.2850486 ] ], [ [ 85.807673, 20.2850486 ], [ 85.808039, 20.2852786 ] ], [ [ 85.808039, 20.2852786 ], [ 85.8081644, 20.2853574 ] ], [ [ 85.8081644, 20.2853574 ], [ 85.8083484, 20.285473 ], [ 85.8098007, 20.2863515 ] ], [ [ 85.8098007, 20.2863515 ], [ 85.8099872, 20.2864643 ], [ 85.8102727, 20.2866269 ] ], [ [ 85.8102727, 20.2866269 ], [ 85.8107166, 20.2868997 ] ], [ [ 85.8107166, 20.2868997 ], [ 85.8107815, 20.2869308 ], [ 85.8119452, 20.2876321 ], [ 85.8129904, 20.2882798 ] ], [ [ 85.8129904, 20.2882798 ], [ 85.8133681, 20.2884959 ], [ 85.8140213, 20.2889173 ], [ 85.8142814, 20.2890851 ], [ 85.8148849, 20.2894531 ], [ 85.8154872, 20.2898326 ] ], [ [ 85.8154872, 20.2898326 ], [ 85.8163308, 20.2903155 ], [ 85.816802, 20.2906055 ], [ 85.817054, 20.2907557 ] ], [ [ 85.817054, 20.2907557 ], [ 85.818041, 20.2913513 ], [ 85.8182813, 20.2913942 ] ], [ [ 85.8182813, 20.2913942 ], [ 85.8186578, 20.2916106 ], [ 85.8190404, 20.2918509 ], [ 85.8191979, 20.2919537 ], [ 85.8193481, 20.2920543 ] ], [ [ 85.8193481, 20.2920543 ], [ 85.8194312, 20.2922178 ], [ 85.8194936, 20.2923015 ], [ 85.8196116, 20.2924053 ] ], [ [ 85.8196116, 20.2924053 ], [ 85.8197632, 20.2925053 ], [ 85.8201246, 20.2927137 ], [ 85.8211166, 20.2933258 ], [ 85.8220436, 20.2938827 ] ], [ [ 85.8220436, 20.2938827 ], [ 85.8224319, 20.294116 ], [ 85.8226638, 20.2942545 ] ], [ [ 85.8226638, 20.2942545 ], [ 85.8231079, 20.2945342 ] ], [ [ 85.8231079, 20.2945342 ], [ 85.8234946, 20.2947735 ], [ 85.8240815, 20.2951377 ] ], [ [ 85.8240815, 20.2951377 ], [ 85.8244504, 20.2953703 ], [ 85.8245589, 20.2954372 ], [ 85.8247124, 20.2955303 ] ], [ [ 85.8247124, 20.2955303 ], [ 85.8247025, 20.2955656 ] ], [ [ 85.8247025, 20.2955656 ], [ 85.8246141, 20.2958931 ], [ 85.8245702, 20.2960542 ] ], [ [ 85.8245702, 20.2960542 ], [ 85.8245486, 20.2961056 ], [ 85.8242981, 20.2969703 ] ], [ [ 85.8242981, 20.2969703 ], [ 85.8242557, 20.2971165 ] ], [ [ 85.8242557, 20.2971165 ], [ 85.824194, 20.2973251 ], [ 85.8239658, 20.2980723 ] ], [ [ 85.8239658, 20.2980723 ], [ 85.823863, 20.2984064 ], [ 85.8238226, 20.298541 ], [ 85.8236657, 20.2990395 ], [ 85.8235865, 20.2993139 ] ], [ [ 85.8235865, 20.2993139 ], [ 85.8234345, 20.2998032 ] ], [ [ 85.8234345, 20.2998032 ], [ 85.8228764, 20.3015996 ] ], [ [ 85.8228764, 20.3015996 ], [ 85.8227502, 20.3020402 ], [ 85.8226004, 20.3025285 ], [ 85.8222291, 20.3037905 ], [ 85.82202, 20.30449 ], [ 85.8219453, 20.304701 ], [ 85.8218668, 20.3049595 ], [ 85.8217533, 20.3052942 ], [ 85.82161, 20.30561 ], [ 85.8212043, 20.3061952 ], [ 85.8210089, 20.306477 ], [ 85.8208928, 20.3066437 ] ], [ [ 85.8208928, 20.3066437 ], [ 85.8208678, 20.3066735 ], [ 85.8205799, 20.3071006 ], [ 85.8204073, 20.3074258 ], [ 85.8202784, 20.3077002 ], [ 85.8202201, 20.3078278 ] ], [ [ 85.8202201, 20.3078278 ], [ 85.8201813, 20.3079128 ] ], [ [ 85.8201813, 20.3079128 ], [ 85.8200831, 20.3082094 ], [ 85.8200192, 20.3084887 ], [ 85.8200045, 20.3087096 ], [ 85.8200258, 20.3090499 ], [ 85.8200307, 20.3092353 ], [ 85.8200299, 20.309461 ], [ 85.8201037, 20.3099903 ], [ 85.8201079, 20.3100643 ], [ 85.8201242, 20.3107297 ] ], [ [ 85.8201242, 20.3107297 ], [ 85.8201265, 20.3108238 ] ], [ [ 85.8201265, 20.3108238 ], [ 85.820147, 20.3116432 ], [ 85.820163, 20.3122847 ] ], [ [ 85.820163, 20.3122847 ], [ 85.8201712, 20.3126123 ] ], [ [ 85.8201712, 20.3126123 ], [ 85.8201777, 20.312915 ], [ 85.8201964, 20.3137928 ], [ 85.8202, 20.31396 ], [ 85.8201968, 20.3146496 ] ], [ [ 85.8201968, 20.3146496 ], [ 85.82022, 20.31475 ] ], [ [ 85.82022, 20.31475 ], [ 85.8202727, 20.3160629 ], [ 85.8202909, 20.3164666 ], [ 85.8203154, 20.3170605 ], [ 85.8203244, 20.3172774 ] ], [ [ 85.8203244, 20.3172774 ], [ 85.8203287, 20.3178233 ], [ 85.8203179, 20.3187092 ] ], [ [ 85.8203179, 20.3187092 ], [ 85.8203525, 20.3200262 ], [ 85.8203619, 20.3207918 ], [ 85.820378, 20.3211475 ] ], [ [ 85.820378, 20.3211475 ], [ 85.8203921, 20.3213831 ] ], [ [ 85.8203921, 20.3213831 ], [ 85.8204062, 20.3220417 ] ], [ [ 85.8204062, 20.3220417 ], [ 85.8204604, 20.3233013 ] ], [ [ 85.8204604, 20.3233013 ], [ 85.8204751, 20.3238366 ], [ 85.8204811, 20.3241943 ] ], [ [ 85.8204811, 20.3241943 ], [ 85.8204921, 20.3243546 ], [ 85.820497, 20.3245184 ] ], [ [ 85.820497, 20.3245184 ], [ 85.8204997, 20.3248842 ], [ 85.820579, 20.3256258 ] ], [ [ 85.820579, 20.3256258 ], [ 85.8205942, 20.3257289 ], [ 85.8206553, 20.3261424 ], [ 85.8206715, 20.3262524 ] ], [ [ 85.8206715, 20.3262524 ], [ 85.8206777, 20.3263088 ] ], [ [ 85.8206777, 20.3263088 ], [ 85.8207794, 20.3271587 ] ], [ [ 85.8207794, 20.3271587 ], [ 85.8208801, 20.3279576 ] ], [ [ 85.8208801, 20.3279576 ], [ 85.8208808, 20.3279632 ], [ 85.8209122, 20.3282125 ] ], [ [ 85.8209122, 20.3282125 ], [ 85.8209184, 20.3282619 ], [ 85.8210487, 20.3292017 ] ], [ [ 85.8210487, 20.3292017 ], [ 85.8211207, 20.3297623 ], [ 85.8212013, 20.3303799 ] ], [ [ 85.8212013, 20.3303799 ], [ 85.8212301, 20.3305999 ] ], [ [ 85.8212301, 20.3305999 ], [ 85.821314, 20.3312412 ] ], [ [ 85.821314, 20.3312412 ], [ 85.8213715, 20.3316459 ] ], [ [ 85.8213715, 20.3316459 ], [ 85.821435, 20.3322111 ], [ 85.8214541, 20.3324387 ] ], [ [ 85.8214541, 20.3324387 ], [ 85.8215748, 20.3332709 ], [ 85.8216385, 20.3337508 ] ], [ [ 85.8216385, 20.3337508 ], [ 85.8216525, 20.3338756 ], [ 85.8217145, 20.3343445 ], [ 85.8217351, 20.3345269 ], [ 85.8217657, 20.3347103 ], [ 85.8218079, 20.3350799 ] ], [ [ 85.8218079, 20.3350799 ], [ 85.8218377, 20.3353498 ], [ 85.8218683, 20.3356516 ], [ 85.821926, 20.3360703 ], [ 85.8220102, 20.3367127 ], [ 85.8221056, 20.3374114 ] ], [ [ 85.8221056, 20.3374114 ], [ 85.8221716, 20.3379778 ], [ 85.8222664, 20.33859 ], [ 85.8223254, 20.339022 ] ], [ [ 85.8223254, 20.339022 ], [ 85.8222329, 20.339031 ] ], [ [ 85.8222329, 20.339031 ], [ 85.8223304, 20.3396468 ], [ 85.8224075, 20.3402685 ], [ 85.8225113, 20.3410911 ], [ 85.8224912, 20.3414522 ], [ 85.822518, 20.3418196 ], [ 85.822595, 20.3419483 ], [ 85.8226218, 20.3419985 ], [ 85.8226687, 20.3422497 ], [ 85.8226473, 20.3423274 ], [ 85.8223229, 20.3423629 ], [ 85.8220542, 20.3423909 ] ], [ [ 85.8220542, 20.3423909 ], [ 85.821976, 20.3419195 ] ], [ [ 85.821976, 20.3419195 ], [ 85.8219671, 20.3418657 ], [ 85.8218699, 20.3411216 ] ] ] } },
{ "type": "Feature", "properties": { "route_id": "R_SYN035", "stop_id": "SYN035" }, "geometry": { "type": "MultiLineString", "coordinates": [ [ [ 85.7956882, 20.2733904 ], [ 85.7956242, 20.2730836 ], [ 85.7955946, 20.2730307 ], [ 85.7955213, 20.2729733 ], [ 85.7955018, 20.2728997 ], [ 85.7957248, 20.2724912 ] ], [ [ 85.7957248, 20.2724912 ], [ 85.795809, 20.2725261 ], [ 85.7960022, 20.272565 ], [ 85.7961624, 20.2725637 ] ], [ [ 85.7961624, 20.2725637 ], [ 85.7964029, 20.2725288 ], [ 85.7964995, 20.2725038 ], [ 85.7965888, 20.2724875 ], [ 85.7967526, 20.2724499 ], [ 85.7968487, 20.2725038 ], [ 85.7969664, 20.2725134 ], [ 85.7971879, 20.2724894 ] ], [ [ 85.7971879, 20.2724894 ], [ 85.797172, 20.272296 ] ], [ [ 85.797172, 20.272296 ], [ 85.7973646, 20.2723499 ], [ 85.7975134, 20.2723949 ], [ 85.7976709, 20.2723938 ], [ 85.7978406, 20.2723928 ], [ 85.7979713, 20.2724066 ], [ 85.7980724, 20.2724183 ] ], [ [ 85.7980724, 20.2724183 ], [ 85.7980894, 20.2724889 ], [ 85.7981441, 20.2726138 ] ], [ [ 85.7981441, 20.2726138 ], [ 85.7984022, 20.2729489 ], [ 85.7986636, 20.2734028 ], [ 85.798722, 20.273434 ], [ 85.7989328, 20.2735272 ], [ 85.7991862, 20.2737681 ], [ 85.7995137, 20.2739924 ] ], [ [ 85.7995137, 20.2739924 ], [ 85.799999, 20.2742208 ] ], [ [ 85.799999, 20.2742208 ], [ 85.800016, 20.2742288 ], [ 85.8004007, 20.2743246 ] ], [ [ 85.8004007, 20.2743246 ], [ 85.8005615, 20.2745986 ] ], [ [ 85.8005615, 20.2745986 ], [ 85.8008421, 20.2749758 ], [ 85.8010195, 20.2751889 ] ], [ [ 85.8010195, 20.2751889 ], [ 85.8013269, 20.2751855 ] ], [ [ 85.8013269, 20.2751855 ], [ 85.8015809, 20.27517 ], [ 85.8017735, 20.2751686 ] ], [ [ 85.8017735, 20.2751686 ], [ 85.8019562, 20.2751853 ], [ 85.8021852, 20.2751956 ], [ 85.8023173, 20.2751956 ] ], [ [ 85.8023173, 20.2751956 ], [ 85.802482, 20.2752022 ], [ 85.8027718, 20.2752354 ], [ 85.8029086, 20.2752573 ], [ 85.8030419, 20.2753034 ], [ 85.8031804, 20.2753695 ] ], [ [ 85.8031804, 20.2753695 ], [ 85.8035951, 20.2756 ] ], [ [ 85.8035951, 20.2756 ], [ 85.8036496, 20.2757286 ] ], [ [ 85.8036496, 20.2757286 ], [ 85.8037569, 20.27581 ] ], [ [ 85.8037569, 20.27581 ], [ 85.8040261, 20.2760246 ] ], [ [ 85.8040261, 20.2760246 ], [ 85.8041889, 20.2761741 ], [ 85.8044882, 20.2764697 ] ], [ [ 85.8044882, 20.2764697 ], [ 85.8054861, 20.2774676 ], [ 85.8055858, 20.2775696 ] ], [ [ 85.8055858, 20.2775696 ], [ 85.806398, 20.278396 ], [ 85.8065197, 20.2785206 ] ], [ [ 85.8065197, 20.2785206 ], [ 85.8070385, 20.2790515 ] ], [ [ 85.8070385, 20.2790515 ], [ 85.8079276, 20.2799384 ], [ 85.8084043, 20.2804138 ], [ 85.8090417, 20.2810557 ], [ 85.8101485, 20.2821703 ] ], [ [ 85.8101485, 20.2821703 ], [ 85.8100801, 20.2822425 ], [ 85.8096838, 20.2827116 ], [ 85.80891, 20.283598 ], [ 85.8088058, 20.2837211 ] ], [ [ 85.8088058, 20.2837211 ], [ 85.8087489, 20.2838052 ] ], [ [ 85.8087489, 20.2838052 ], [ 85.8083563, 20.2842239 ], [ 85.8080659, 20.2845301 ], [ 85.8079704, 20.2846143 ] ], [ [ 85.8079704, 20.2846143 ], [ 85.8078263, 20.2847413 ] ], [ [ 85.8078263, 20.2847413 ], [ 85.8077594, 20.2848166 ], [ 85.807691, 20.2848967 ], [ 85.8075977, 20.28501 ] ], [ [ 85.8075977, 20.28501 ], [ 85.807673, 20.2850486 ] ], [ [ 85.807673, 20.2850486 ], [ 85.808039, 20.2852786 ] ], [ [ 85.808039, 20.2852786 ], [ 85.8081644, 20.2853574 ] ], [ [ 85.8081644, 20.2853574 ], [ 85.8083484, 20.285473 ], [ 85.8098007, 20.2863515 ] ], [ [ 85.8098007, 20.2863515 ], [ 85.8099872, 20.2864643 ], [ 85.8102727, 20.2866269 ] ], [ [ 85.8102727, 20.2866269 ], [ 85.8107166, 20.2868997 ] ], [ [ 85.8107166, 20.2868997 ], [ 85.8107815, 20.2869308 ], [ 85.8119452, 20.2876321 ], [ 85.8129904, 20.2882798 ] ], [ [ 85.8129904, 20.2882798 ], [ 85.8133681, 20.2884959 ], [ 85.8140213, 20.2889173 ], [ 85.8142814, 20.2890851 ], [ 85.8148849, 20.2894531 ], [ 85.8154872, 20.2898326 ] ], [ [ 85.8154872, 20.2898326 ], [ 85.8163308, 20.2903155 ], [ 85.816802, 20.2906055 ], [ 85.817054, 20.2907557 ] ], [ [ 85.817054, 20.2907557 ], [ 85.818041, 20.2913513 ], [ 85.8182813, 20.2913942 ] ], [ [ 85.8182813, 20.2913942 ], [ 85.8186578, 20.2916106 ], [ 85.8190404, 20.2918509 ], [ 85.8191979, 20.2919537 ], [ 85.8193481, 20.2920543 ] ], [ [ 85.8193481, 20.2920543 ], [ 85.8194312, 20.2922178 ], [ 85.8194936, 20.2923015 ], [ 85.8196116, 20.2924053 ] ], [ [ 85.8196116, 20.2924053 ], [ 85.8197632, 20.2925053 ], [ 85.8201246, 20.2927137 ], [ 85.8211166, 20.2933258 ], [ 85.8220436, 20.2938827 ] ], [ [ 85.8220436, 20.2938827 ], [ 85.8224319, 20.294116 ], [ 85.8226638, 20.2942545 ] ], [ [ 85.8226638, 20.2942545 ], [ 85.8231079, 20.2945342 ] ], [ [ 85.8231079, 20.2945342 ], [ 85.8234946, 20.2947735 ], [ 85.8240815, 20.2951377 ] ], [ [ 85.8240815, 20.2951377 ], [ 85.8244504, 20.2953703 ], [ 85.8245589, 20.2954372 ], [ 85.8247124, 20.2955303 ] ], [ [ 85.8247124, 20.2955303 ], [ 85.8247025, 20.2955656 ] ], [ [ 85.8247025, 20.2955656 ], [ 85.8246141, 20.2958931 ], [ 85.8245702, 20.2960542 ] ], [ [ 85.8245702, 20.2960542 ], [ 85.8245486, 20.2961056 ], [ 85.8242981, 20.2969703 ] ], [ [ 85.8242981, 20.2969703 ], [ 85.8242557, 20.2971165 ] ], [ [ 85.8242557, 20.2971165 ], [ 85.824194, 20.2973251 ], [ 85.8239658, 20.2980723 ] ], [ [ 85.8239658, 20.2980723 ], [ 85.823863, 20.2984064 ], [ 85.8238226, 20.298541 ], [ 85.8236657, 20.2990395 ], [ 85.8235865, 20.2993139 ] ], [ [ 85.8235865, 20.2993139 ], [ 85.8234345, 20.2998032 ] ], [ [ 85.8234345, 20.2998032 ], [ 85.8228764, 20.3015996 ] ], [ [ 85.8228764, 20.3015996 ], [ 85.8227502, 20.3020402 ], [ 85.8226004, 20.3025285 ], [ 85.8222291, 20.3037905 ], [ 85.82202, 20.30449 ], [ 85.8219453, 20.304701 ], [ 85.8218668, 20.3049595 ], [ 85.8217533, 20.3052942 ], [ 85.82161, 20.30561 ], [ 85.8212043, 20.3061952 ], [ 85.8210089, 20.306477 ], [ 85.8208928, 20.3066437 ] ], [ [ 85.8208928, 20.3066437 ], [ 85.8208678, 20.3066735 ], [ 85.8205799, 20.3071006 ], [ 85.8204073, 20.3074258 ], [ 85.8202784, 20.3077002 ], [ 85.8202201, 20.3078278 ] ], [ [ 85.8202201, 20.3078278 ], [ 85.8201813, 20.3079128 ] ], [ [ 85.8201813, 20.3079128 ], [ 85.8200831, 20.3082094 ], [ 85.8200192, 20.3084887 ], [ 85.8200045, 20.3087096 ], [ 85.8200258, 20.3090499 ], [ 85.8200307, 20.3092353 ], [ 85.8200299, 20.309461 ], [ 85.8201037, 20.3099903 ], [ 85.8201079, 20.3100643 ], [ 85.8201242, 20.3107297 ] ], [ [ 85.8201242, 20.3107297 ], [ 85.8201265, 20.3108238 ] ], [ [ 85.8201265, 20.3108238 ], [ 85.820147, 20.3116432 ], [ 85.820163, 20.3122847 ] ], [ [ 85.820163, 20.3122847 ], [ 85.8201712, 20.3126123 ] ], [ [ 85.8201712, 20.3126123 ], [ 85.8201777, 20.312915 ], [ 85.8201964, 20.3137928 ], [ 85.8202, 20.31396 ], [ 85.8201968, 20.3146496 ] ], [ [ 85.8201968, 20.3146496 ], [ 85.82022, 20.31475 ] ], [ [ 85.82022, 20.31475 ], [ 85.8202727, 20.3160629 ], [ 85.8202909, 20.3164666 ], [ 85.8203154, 20.3170605 ], [ 85.8203244, 20.3172774 ] ], [ [ 85.8203244, 20.3172774 ], [ 85.8203287, 20.3178233 ], [ 85.8203179, 20.3187092 ] ], [ [ 85.8203179, 20.3187092 ], [ 85.8203525, 20.3200262 ], [ 85.8203619, 20.3207918 ], [ 85.820378, 20.3211475 ] ], [ [ 85.820378, 20.3211475 ], [ 85.8203921, 20.3213831 ] ], [ [ 85.8203921, 20.3213831 ], [ 85.8204062, 20.3220417 ] ], [ [ 85.8204062, 20.3220417 ], [ 85.8204604, 20.3233013 ] ], [ [ 85.8204604, 20.3233013 ], [ 85.8204751, 20.3238366 ], [ 85.8204811, 20.3241943 ] ], [ [ 85.8204811, 20.3241943 ], [ 85.8204921, 20.3243546 ], [ 85.820497, 20.3245184 ] ], [ [ 85.820497, 20.3245184 ], [ 85.8204997, 20.3248842 ], [ 85.820579, 20.3256258 ] ], [ [ 85.820579, 20.3256258 ], [ 85.8205942, 20.3257289 ], [ 85.8206553, 20.3261424 ], [ 85.8206715, 20.3262524 ] ], [ [ 85.8206715, 20.3262524 ], [ 85.8206777, 20.3263088 ] ], [ [ 85.8206777, 20.3263088 ], [ 85.8207794, 20.3271587 ] ], [ [ 85.8207794, 20.3271587 ], [ 85.8208801, 20.3279576 ] ], [ [ 85.8208801, 20.3279576 ], [ 85.8208808, 20.3279632 ], [ 85.8209122, 20.3282125 ] ], [ [ 85.8209122, 20.3282125 ], [ 85.8209184, 20.3282619 ], [ 85.8210487, 20.3292017 ] ], [ [ 85.8210487, 20.3292017 ], [ 85.8211207, 20.3297623 ], [ 85.8212013, 20.3303799 ] ], [ [ 85.8212013, 20.3303799 ], [ 85.8212301, 20.3305999 ] ], [ [ 85.8212301, 20.3305999 ], [ 85.821314, 20.3312412 ] ], [ [ 85.821314, 20.3312412 ], [ 85.8213715, 20.3316459 ] ], [ [ 85.8213715, 20.3316459 ], [ 85.821435, 20.3322111 ], [ 85.8214541, 20.3324387 ] ], [ [ 85.8214541, 20.3324387 ], [ 85.8215748, 20.3332709 ], [ 85.8216385, 20.3337508 ] ], [ [ 85.8216385, 20.3337508 ], [ 85.8216525, 20.3338756 ], [ 85.8217145, 20.3343445 ], [ 85.8217351, 20.3345269 ], [ 85.8217657, 20.3347103 ], [ 85.8218079, 20.3350799 ] ], [ [ 85.8218079, 20.3350799 ], [ 85.8218377, 20.3353498 ], [ 85.8218683, 20.3356516 ], [ 85.821926, 20.3360703 ], [ 85.8220102, 20.3367127 ], [ 85.8221056, 20.3374114 ] ], [ [ 85.8221056, 20.3374114 ], [ 85.8221716, 20.3379778 ], [ 85.8222664, 20.33859 ], [ 85.8223254, 20.339022 ] ], [ [ 85.8223254, 20.339022 ], [ 85.8226093, 20.3411023 ] ], [ [ 85.8226093, 20.3411023 ], [ 85.8227322, 20.3420027 ] ], [ [ 85.8227322, 20.3420027 ], [ 85.8227982, 20.3423328 ] ], [ [ 85.8227982, 20.3423328 ], [ 85.8228334, 20.3424736 ] ], [ [ 85.8228334, 20.3424736 ], [ 85.8229917, 20.3429522 ], [ 85.8230567, 20.3431863 ] ], [ [ 85.8230567, 20.3431863 ], [ 85.8231832, 20.3435329 ] ], [ [ 85.8231832, 20.3435329 ], [ 85.8232681, 20.3437902 ], [ 85.8232876, 20.3438419 ] ], [ [ 85.8232876, 20.3438419 ], [ 85.8234523, 20.3443053 ] ], [ [ 85.8234523, 20.3443053 ], [ 85.823635, 20.3448162 ] ], [ [ 85.823635, 20.3448162 ], [ 85.8237281, 20.3450767 ] ], [ [ 85.8237281, 20.3450767 ], [ 85.8238619, 20.3454702 ] ], [ [ 85.8238619, 20.3454702 ], [ 85.8243012, 20.3467394 ] ], [ [ 85.8243012, 20.3467394 ], [ 85.8237947, 20.3468145 ] ] ] } },
{ "type": "Feature", "properties": { "route_id": "R_SYN036", "stop_id": "SYN036" }, "geometry": { "type": "MultiLineString", "coordinates": [ [ [ 85.7956882, 20.2733904 ], [ 85.7956242, 20.2730836 ], [ 85.7955946, 20.2730307 ], [ 85.7955213, 20.2729733 ], [ 85.7955018, 20.2728997 ], [ 85.7957248, 20.2724912 ] ], [ [ 85.7957248, 20.2724912 ], [ 85.795809, 20.2725261 ], [ 85.7960022, 20.272565 ], [ 85.7961624, 20.2725637 ] ], [ [ 85.7961624, 20.2725637 ], [ 85.7964029, 20.2725288 ], [ 85.7964995, 20.2725038 ], [ 85.7965888, 20.2724875 ], [ 85.7967526, 20.2724499 ], [ 85.7968487, 20.2725038 ], [ 85.7969664, 20.2725134 ], [ 85.7971879, 20.2724894 ] ], [ [ 85.7971879, 20.2724894 ], [ 85.797172, 20.272296 ] ], [ [ 85.797172, 20.272296 ], [ 85.7973646, 20.2723499 ], [ 85.7975134, 20.2723949 ], [ 85.7976709, 20.2723938 ], [ 85.7978406, 20.2723928 ], [ 85.7979713, 20.2724066 ], [ 85.7980724, 20.2724183 ] ], [ [ 85.7980724, 20.2724183 ], [ 85.7980894, 20.2724889 ], [ 85.7981441, 20.2726138 ] ], [ [ 85.7981441, 20.2726138 ], [ 85.7984022, 20.2729489 ], [ 85.7986636, 20.2734028 ], [ 85.798722, 20.273434 ], [ 85.7989328, 20.2735272 ], [ 85.7991862, 20.2737681 ], [ 85.7995137, 20.2739924 ] ], [ [ 85.7995137, 20.2739924 ], [ 85.799999, 20.2742208 ] ], [ [ 85.799999, 20.2742208 ], [ 85.800016, 20.2742288 ], [ 85.8004007, 20.2743246 ] ], [ [ 85.8004007, 20.2743246 ], [ 85.8005615, 20.2745986 ] ], [ [ 85.8005615, 20.2745986 ], [ 85.8008421, 20.2749758 ], [ 85.8010195, 20.2751889 ] ], [ [ 85.8010195, 20.2751889 ], [ 85.8013269, 20.2751855 ] ], [ [ 85.8013269, 20.2751855 ], [ 85.8015809, 20.27517 ], [ 85.8017735, 20.2751686 ] ], [ [ 85.8017735, 20.2751686 ], [ 85.8019562, 20.2751853 ], [ 85.8021852, 20.2751956 ], [ 85.8023173, 20.2751956 ] ], [ [ 85.8023173, 20.2751956 ], [ 85.802482, 20.2752022 ], [ 85.8027718, 20.2752354 ], [ 85.8029086, 20.2752573 ], [ 85.8030419, 20.2753034 ], [ 85.8031804, 20.2753695 ] ], [ [ 85.8031804, 20.2753695 ], [ 85.8035951, 20.2756 ] ], [ [ 85.8035951, 20.2756 ], [ 85.8036496, 20.2757286 ] ], [ [ 85.8036496, 20.2757286 ], [ 85.8037569, 20.27581 ] ], [ [ 85.8037569, 20.27581 ], [ 85.8040261, 20.2760246 ] ], [ [ 85.8040261, 20.2760246 ], [ 85.8041889, 20.2761741 ], [ 85.8044882, 20.2764697 ] ], [ [ 85.8044882, 20.2764697 ], [ 85.8054861, 20.2774676 ], [ 85.8055858, 20.2775696 ] ], [ [ 85.8055858, 20.2775696 ], [ 85.806398, 20.278396 ], [ 85.8065197, 20.2785206 ] ], [ [ 85.8065197, 20.2785206 ], [ 85.8070385, 20.2790515 ] ], [ [ 85.8070385, 20.2790515 ], [ 85.8079276, 20.2799384 ], [ 85.8084043, 20.2804138 ], [ 85.8090417, 20.2810557 ], [ 85.8101485, 20.2821703 ] ], [ [ 85.8101485, 20.2821703 ], [ 85.8100801, 20.2822425 ], [ 85.8096838, 20.2827116 ], [ 85.80891, 20.283598 ], [ 85.8088058, 20.2837211 ] ], [ [ 85.8088058, 20.2837211 ], [ 85.8087489, 20.2838052 ] ], [ [ 85.8087489, 20.2838052 ], [ 85.8083563, 20.2842239 ], [ 85.8080659, 20.2845301 ], [ 85.8079704, 20.2846143 ] ], [ [ 85.8079704, 20.2846143 ], [ 85.8078263, 20.2847413 ] ], [ [ 85.8078263, 20.2847413 ], [ 85.8077594, 20.2848166 ], [ 85.807691, 20.2848967 ], [ 85.8075977, 20.28501 ] ], [ [ 85.8075977, 20.28501 ], [ 85.807673, 20.2850486 ] ], [ [ 85.807673, 20.2850486 ], [ 85.808039, 20.2852786 ] ], [ [ 85.808039, 20.2852786 ], [ 85.8081644, 20.2853574 ] ], [ [ 85.8081644, 20.2853574 ], [ 85.8083484, 20.285473 ], [ 85.8098007, 20.2863515 ] ], [ [ 85.8098007, 20.2863515 ], [ 85.8099872, 20.2864643 ], [ 85.8102727, 20.2866269 ] ], [ [ 85.8102727, 20.2866269 ], [ 85.8107166, 20.2868997 ] ], [ [ 85.8107166, 20.2868997 ], [ 85.8107815, 20.2869308 ], [ 85.8119452, 20.2876321 ], [ 85.8129904, 20.2882798 ] ], [ [ 85.8129904, 20.2882798 ], [ 85.8133681, 20.2884959 ], [ 85.8140213, 20.2889173 ], [ 85.8142814, 20.2890851 ], [ 85.8148849, 20.2894531 ], [ 85.8154872, 20.2898326 ] ], [ [ 85.8154872, 20.2898326 ], [ 85.8163308, 20.2903155 ], [ 85.816802, 20.2906055 ], [ 85.817054, 20.2907557 ] ], [ [ 85.817054, 20.2907557 ], [ 85.818041, 20.2913513 ], [ 85.8182813, 20.2913942 ] ], [ [ 85.8182813, 20.2913942 ], [ 85.8186578, 20.2916106 ], [ 85.8190404, 20.2918509 ], [ 85.8191979, 20.2919537 ], [ 85.8193481, 20.2920543 ] ], [ [ 85.8193481, 20.2920543 ], [ 85.8194312, 20.2922178 ], [ 85.8194936, 20.2923015 ], [ 85.8196116, 20.2924053 ] ], [ [ 85.8196116, 20.2924053 ], [ 85.8197632, 20.2925053 ], [ 85.8201246, 20.2927137 ], [ 85.8211166, 20.2933258 ], [ 85.8220436, 20.2938827 ] ], [ [ 85.8220436, 20.2938827 ], [ 85.8224319, 20.294116 ], [ 85.8226638, 20.2942545 ] ], [ [ 85.8226638, 20.2942545 ], [ 85.8231079, 20.2945342 ] ], [ [ 85.8231079, 20.2945342 ], [ 85.8234946, 20.2947735 ], [ 85.8240815, 20.2951377 ] ], [ [ 85.8240815, 20.2951377 ], [ 85.8244504, 20.2953703 ], [ 85.8245589, 20.2954372 ], [ 85.8247124, 20.2955303 ] ], [ [ 85.8247124, 20.2955303 ], [ 85.8247025, 20.2955656 ] ], [ [ 85.8247025, 20.2955656 ], [ 85.8246141, 20.2958931 ], [ 85.8245702, 20.2960542 ] ], [ [ 85.8245702, 20.2960542 ], [ 85.8245486, 20.2961056 ], [ 85.8242981, 20.2969703 ] ], [ [ 85.8242981, 20.2969703 ], [ 85.8242557, 20.2971165 ] ], [ [ 85.8242557, 20.2971165 ], [ 85.824194, 20.2973251 ], [ 85.8239658, 20.2980723 ] ], [ [ 85.8239658, 20.2980723 ], [ 85.823863, 20.2984064 ], [ 85.8238226, 20.298541 ], [ 85.8236657, 20.2990395 ], [ 85.8235865, 20.2993139 ] ], [ [ 85.8235865, 20.2993139 ], [ 85.8234345, 20.2998032 ] ], [ [ 85.8234345, 20.2998032 ], [ 85.8228764, 20.3015996 ] ], [ [ 85.8228764, 20.3015996 ], [ 85.8227502, 20.3020402 ], [ 85.8226004, 20.3025285 ], [ 85.8222291, 20.3037905 ], [ 85.82202, 20.30449 ], [ 85.8219453, 20.304701 ], [ 85.8218668, 20.3049595 ], [ 85.8217533, 20.3052942 ], [ 85.82161, 20.30561 ], [ 85.8212043, 20.3061952 ], [ 85.8210089, 20.306477 ], [ 85.8208928, 20.3066437 ] ], [ [ 85.8208928, 20.3066437 ], [ 85.8208678, 20.3066735 ], [ 85.8205799, 20.3071006 ], [ 85.8204073, 20.3074258 ], [ 85.8202784, 20.3077002 ], [ 85.8202201, 20.3078278 ] ], [ [ 85.8202201, 20.3078278 ], [ 85.8201813, 20.3079128 ] ], [ [ 85.8201813, 20.3079128 ], [ 85.8200831, 20.3082094 ], [ 85.8200192, 20.3084887 ], [ 85.8200045, 20.3087096 ], [ 85.8200258, 20.3090499 ], [ 85.8200307, 20.3092353 ], [ 85.8200299, 20.309461 ], [ 85.8201037, 20.3099903 ], [ 85.8201079, 20.3100643 ], [ 85.8201242, 20.3107297 ] ], [ [ 85.8201242, 20.3107297 ], [ 85.8201265, 20.3108238 ] ], [ [ 85.8201265, 20.3108238 ], [ 85.820147, 20.3116432 ], [ 85.820163, 20.3122847 ] ], [ [ 85.820163, 20.3122847 ], [ 85.8201712, 20.3126123 ] ], [ [ 85.8201712, 20.3126123 ], [ 85.8201777, 20.312915 ], [ 85.8201964, 20.3137928 ], [ 85.8202, 20.31396 ], [ 85.8201968, 20.3146496 ] ], [ [ 85.8201968, 20.3146496 ], [ 85.82022, 20.31475 ] ], [ [ 85.82022, 20.31475 ], [ 85.8202727, 20.3160629 ], [ 85.8202909, 20.3164666 ], [ 85.8203154, 20.3170605 ], [ 85.8203244, 20.3172774 ] ], [ [ 85.8203244, 20.3172774 ], [ 85.8203287, 20.3178233 ], [ 85.8203179, 20.3187092 ] ], [ [ 85.8203179, 20.3187092 ], [ 85.8203525, 20.3200262 ], [ 85.8203619, 20.3207918 ], [ 85.820378, 20.3211475 ] ], [ [ 85.820378, 20.3211475 ], [ 85.8203921, 20.3213831 ] ], [ [ 85.8203921, 20.3213831 ], [ 85.8204062, 20.3220417 ] ], [ [ 85.8204062, 20.3220417 ], [ 85.8204604, 20.3233013 ] ], [ [ 85.8204604, 20.3233013 ], [ 85.8204751, 20.3238366 ], [ 85.8204811, 20.3241943 ] ], [ [ 85.8204811, 20.3241943 ], [ 85.8204921, 20.3243546 ], [ 85.820497, 20.3245184 ] ], [ [ 85.820497, 20.3245184 ], [ 85.8204997, 20.3248842 ], [ 85.820579, 20.3256258 ] ], [ [ 85.820579, 20.3256258 ], [ 85.8205942, 20.3257289 ], [ 85.8206553, 20.3261424 ], [ 85.8206715, 20.3262524 ] ], [ [ 85.8206715, 20.3262524 ], [ 85.8206777, 20.3263088 ] ], [ [ 85.8206777, 20.3263088 ], [ 85.8207794, 20.3271587 ] ], [ [ 85.8207794, 20.3271587 ], [ 85.8208801, 20.3279576 ] ], [ [ 85.8208801, 20.3279576 ], [ 85.8208808, 20.3279632 ], [ 85.8209122, 20.3282125 ] ], [ [ 85.8209122, 20.3282125 ], [ 85.8209184, 20.3282619 ], [ 85.8210487, 20.3292017 ] ], [ [ 85.8210487, 20.3292017 ], [ 85.8211207, 20.3297623 ], [ 85.8212013, 20.3303799 ] ], [ [ 85.8212013, 20.3303799 ], [ 85.8212301, 20.3305999 ] ], [ [ 85.8212301, 20.3305999 ], [ 85.821314, 20.3312412 ] ], [ [ 85.821314, 20.3312412 ], [ 85.8213715, 20.3316459 ] ], [ [ 85.8213715, 20.3316459 ], [ 85.821435, 20.3322111 ], [ 85.8214541, 20.3324387 ] ], [ [ 85.8214541, 20.3324387 ], [ 85.8215748, 20.3332709 ], [ 85.8216385, 20.3337508 ] ], [ [ 85.8216385, 20.3337508 ], [ 85.8216525, 20.3338756 ], [ 85.8217145, 20.3343445 ], [ 85.8217351, 20.3345269 ], [ 85.8217657, 20.3347103 ], [ 85.8218079, 20.3350799 ] ], [ [ 85.8218079, 20.3350799 ], [ 85.8218377, 20.3353498 ], [ 85.8218683, 20.3356516 ], [ 85.821926, 20.3360703 ], [ 85.8220102, 20.3367127 ], [ 85.8221056, 20.3374114 ] ], [ [ 85.8221056, 20.3374114 ], [ 85.8221716, 20.3379778 ], [ 85.8222664, 20.33859 ], [ 85.8223254, 20.339022 ] ], [ [ 85.8223254, 20.339022 ], [ 85.8226093, 20.3411023 ] ], [ [ 85.8226093, 20.3411023 ], [ 85.8227322, 20.3420027 ] ], [ [ 85.8227322, 20.3420027 ], [ 85.8227982, 20.3423328 ] ], [ [ 85.8227982, 20.3423328 ], [ 85.8228334, 20.3424736 ] ], [ [ 85.8228334, 20.3424736 ], [ 85.8229917, 20.3429522 ], [ 85.8230567, 20.3431863 ] ], [ [ 85.8230567, 20.3431863 ], [ 85.8231832, 20.3435329 ] ], [ [ 85.8231832, 20.3435329 ], [ 85.8232681, 20.3437902 ], [ 85.8232876, 20.3438419 ] ], [ [ 85.8232876, 20.3438419 ], [ 85.8234523, 20.3443053 ] ], [ [ 85.8234523, 20.3443053 ], [ 85.823635, 20.3448162 ] ], [ [ 85.823635, 20.3448162 ], [ 85.8237281, 20.3450767 ] ], [ [ 85.8237281, 20.3450767 ], [ 85.8238619, 20.3454702 ] ], [ [ 85.8238619, 20.3454702 ], [ 85.8243012, 20.3467394 ] ], [ [ 85.8243012, 20.3467394 ], [ 85.8245736, 20.3474755 ], [ 85.8246157, 20.3476079 ], [ 85.8247418, 20.3479937 ], [ 85.8247811, 20.3481175 ], [ 85.8248194, 20.3482297 ] ], [ [ 85.8248194, 20.3482297 ], [ 85.8248952, 20.3484517 ], [ 85.8249581, 20.3486362 ], [ 85.8250868, 20.3490118 ] ], [ [ 85.8250868, 20.3490118 ], [ 85.8252016, 20.3493542 ], [ 85.8253299, 20.3497041 ], [ 85.8253776, 20.3498476 ] ], [ [ 85.8253776, 20.3498476 ], [ 85.825393, 20.349894 ], [ 85.8254495, 20.3500577 ], [ 85.8255099, 20.3502475 ], [ 85.8257201, 20.3508392 ], [ 85.8262826, 20.3524845 ] ], [ [ 85.8262826, 20.3524845 ], [ 85.826468, 20.3530227 ] ], [ [ 85.826468, 20.3530227 ], [ 85.8265299, 20.3531938 ] ], [ [ 85.8265299, 20.3531938 ], [ 85.8265555, 20.3532687 ] ], [ [ 85.8265555, 20.3532687 ], [ 85.8266456, 20.3534882 ] ], [ [ 85.8266456, 20.3534882 ], [ 85.8267272, 20.353735 ] ], [ [ 85.8267272, 20.353735 ], [ 85.826924, 20.3542569 ] ], [ [ 85.826924, 20.3542569 ], [ 85.8270877, 20.3547035 ] ], [ [ 85.8270877, 20.3547035 ], [ 85.8272175, 20.3550935 ] ], [ [ 85.8272175, 20.3550935 ], [ 85.8273003, 20.355327 ] ], [ [ 85.8273003, 20.355327 ], [ 85.8273308, 20.3554224 ] ], [ [ 85.8273308, 20.3554224 ], [ 85.8274272, 20.3553946 ] ], [ [ 85.8274272, 20.3553946 ], [ 85.8280551, 20.3552912 ], [ 85.828316, 20.3552589 ] ], [ [ 85.828316, 20.3552589 ], [ 85.8286623, 20.3552159 ] ], [ [ 85.8286623, 20.3552159 ], [ 85.8288367, 20.3551911 ], [ 85.8290349, 20.3551623 ] ], [ [ 85.8290349, 20.3551623 ], [ 85.8292439, 20.3551267 ] ], [ [ 85.8292439, 20.3551267 ], [ 85.8307367, 20.3549433 ], [ 85.8312801, 20.354938 ] ], [ [ 85.8312801, 20.354938 ], [ 85.8319236, 20.3549712 ], [ 85.8322646, 20.3549516 ], [ 85.8325422, 20.3548695 ], [ 85.8326334, 20.354821 ] ], [ [ 85.8326334, 20.354821 ], [ 85.8326857, 20.3550777 ], [ 85.8326871, 20.3552167 ], [ 85.8326876, 20.3552636 ], [ 85.8326488, 20.3555295 ] ], [ [ 85.8326488, 20.3555295 ], [ 85.8326255, 20.3557942 ], [ 85.8326045, 20.3561617 ] ], [ [ 85.8326045, 20.3561617 ], [ 85.8325661, 20.356496 ], [ 85.8325428, 20.3567038 ], [ 85.8325276, 20.3568862 ], [ 85.8325196, 20.357257 ] ], [ [ 85.8325196, 20.357257 ], [ 85.8325604, 20.3575127 ], [ 85.8326353, 20.3577641 ], [ 85.8326612, 20.3578 ], [ 85.8327223, 20.3578595 ], [ 85.8329187, 20.3580189 ], [ 85.8330934, 20.3581971 ] ] ] } },
{ "type": "Feature", "properties": { "route_id": "R_SYN037", "stop_id": "SYN037" }, "geometry": { "type": "MultiLineString", "coordinates": [ [ [ 85.7956882, 20.2733904 ], [ 85.7956242, 20.2730836 ], [ 85.7955946, 20.2730307 ], [ 85.7955213, 20.2729733 ], [ 85.7955018, 20.2728997 ], [ 85.7957248, 20.2724912 ] ], [ [ 85.7957248, 20.2724912 ], [ 85.795809, 20.2725261 ], [ 85.7960022, 20.272565 ], [ 85.7961624, 20.2725637 ] ], [ [ 85.7961624, 20.2725637 ], [ 85.7964029, 20.2725288 ], [ 85.7964995, 20.2725038 ], [ 85.7965888, 20.2724875 ], [ 85.7967526, 20.2724499 ], [ 85.7968487, 20.2725038 ], [ 85.7969664, 20.2725134 ], [ 85.7971879, 20.2724894 ] ], [ [ 85.7971879, 20.2724894 ], [ 85.797172, 20.272296 ] ], [ [ 85.797172, 20.272296 ], [ 85.7973646, 20.2723499 ], [ 85.7975134, 20.2723949 ], [ 85.7976709, 20.2723938 ], [ 85.7978406, 20.2723928 ], [ 85.7979713, 20.2724066 ], [ 85.7980724, 20.2724183 ] ], [ [ 85.7980724, 20.2724183 ], [ 85.7980894, 20.2724889 ], [ 85.7981441, 20.2726138 ] ], [ [ 85.7981441, 20.2726138 ], [ 85.7984022, 20.2729489 ], [ 85.7986636, 20.2734028 ], [ 85.798722, 20.273434 ], [ 85.7989328, 20.2735272 ], [ 85.7991862, 20.2737681 ], [ 85.7995137, 20.2739924 ] ], [ [ 85.7995137, 20.2739924 ], [ 85.799999, 20.2742208 ] ], [ [ 85.799999, 20.2742208 ], [ 85.800016, 20.2742288 ], [ 85.8004007, 20.2743246 ] ], [ [ 85.8004007, 20.2743246 ], [ 85.8005615, 20.2745986 ] ], [ [ 85.8005615, 20.2745986 ], [ 85.8008421, 20.2749758 ], [ 85.8010195, 20.2751889 ] ], [ [ 85.8010195, 20.2751889 ], [ 85.8013269, 20.2751855 ] ], [ [ 85.8013269, 20.2751855 ], [ 85.8015809, 20.27517 ], [ 85.8017735, 20.2751686 ] ], [ [ 85.8017735, 20.2751686 ], [ 85.8019562, 20.2751853 ], [ 85.8021852, 20.2751956 ], [ 85.8023173, 20.2751956 ] ], [ [ 85.8023173, 20.2751956 ], [ 85.802482, 20.2752022 ], [ 85.8027718, 20.2752354 ], [ 85.8029086, 20.2752573 ], [ 85.8030419, 20.2753034 ], [ 85.8031804, 20.2753695 ] ], [ [ 85.8031804, 20.2753695 ], [ 85.8035951, 20.2756 ] ], [ [ 85.8035951, 20.2756 ], [ 85.8036496, 20.2757286 ] ], [ [ 85.8036496, 20.2757286 ], [ 85.8037569, 20.27581 ] ], [ [ 85.8037569, 20.27581 ], [ 85.8040261, 20.2760246 ] ], [ [ 85.8040261, 20.2760246 ], [ 85.8041889, 20.2761741 ], [ 85.8044882, 20.2764697 ] ], [ [ 85.8044882, 20.2764697 ], [ 85.8054861, 20.2774676 ], [ 85.8055858, 20.2775696 ] ], [ [ 85.8055858, 20.2775696 ], [ 85.806398, 20.278396 ], [ 85.8065197, 20.2785206 ] ], [ [ 85.8065197, 20.2785206 ], [ 85.8070385, 20.2790515 ] ], [ [ 85.8070385, 20.2790515 ], [ 85.8079276, 20.2799384 ], [ 85.8084043, 20.2804138 ], [ 85.8090417, 20.2810557 ], [ 85.8101485, 20.2821703 ] ], [ [ 85.8101485, 20.2821703 ], [ 85.8100801, 20.2822425 ], [ 85.8096838, 20.2827116 ], [ 85.80891, 20.283598 ], [ 85.8088058, 20.2837211 ] ], [ [ 85.8088058, 20.2837211 ], [ 85.8087489, 20.2838052 ] ], [ [ 85.8087489, 20.2838052 ], [ 85.8083563, 20.2842239 ], [ 85.8080659, 20.2845301 ], [ 85.8079704, 20.2846143 ] ], [ [ 85.8079704, 20.2846143 ], [ 85.8078263, 20.2847413 ] ], [ [ 85.8078263, 20.2847413 ], [ 85.8077594, 20.2848166 ], [ 85.807691, 20.2848967 ], [ 85.8075977, 20.28501 ] ], [ [ 85.8075977, 20.28501 ], [ 85.8074325, 20.2852585 ], [ 85.8070987, 20.2857423 ], [ 85.8068084, 20.2862468 ], [ 85.8065496, 20.2867146 ] ], [ [ 85.8065496, 20.2867146 ], [ 85.8064494, 20.2868958 ], [ 85.8060771, 20.2876217 ], [ 85.8057672, 20.2882108 ], [ 85.8055918, 20.2885829 ], [ 85.8053711, 20.2891326 ], [ 85.8053016, 20.2893058 ], [ 85.8050744, 20.2899148 ], [ 85.8049589, 20.2902566 ] ], [ [ 85.8049589, 20.2902566 ], [ 85.8048461, 20.2905904 ] ], [ [ 85.8048461, 20.2905904 ], [ 85.8048023, 20.2907202 ] ], [ [ 85.8048023, 20.2907202 ], [ 85.8047317, 20.2909852 ], [ 85.8046529, 20.2913343 ] ], [ [ 85.8046529, 20.2913343 ], [ 85.804553, 20.2917773 ], [ 85.804466, 20.2921805 ], [ 85.8044365, 20.2923171 ], [ 85.8042906, 20.2931783 ], [ 85.8042763, 20.2933777 ] ], [ [ 85.8042763, 20.2933777 ], [ 85.8042677, 20.2934982 ], [ 85.8042349, 20.2941472 ], [ 85.8042513, 20.2948152 ] ], [ [ 85.8042513, 20.2948152 ], [ 85.8042513, 20.2950753 ] ], [ [ 85.8042513, 20.2950753 ], [ 85.8042513, 20.2954436 ], [ 85.804199, 20.2961424 ], [ 85.8041666, 20.2966153 ] ], [ [ 85.8041666, 20.2966153 ], [ 85.8041559, 20.2967296 ] ], [ [ 85.8041559, 20.2967296 ], [ 85.8041039, 20.2972861 ], [ 85.8041204, 20.2977696 ], [ 85.8041491, 20.2980288 ], [ 85.804181, 20.2981279 ], [ 85.8042345, 20.2982199 ], [ 85.8043351, 20.2983335 ], [ 85.8044192, 20.2984064 ], [ 85.8047288, 20.2986047 ], [ 85.8049441, 20.2987517 ], [ 85.805083, 20.2988664 ], [ 85.8051544, 20.298907 ], [ 85.8052448, 20.2989345 ], [ 85.805376, 20.2989357 ], [ 85.8055888, 20.2989058 ], [ 85.8058721, 20.2988603 ], [ 85.8062207, 20.2988043 ], [ 85.8064808, 20.2987752 ] ], [ [ 85.8064808, 20.2987752 ], [ 85.8065729, 20.2987649 ] ], [ [ 85.8065729, 20.2987649 ], [ 85.8067682, 20.298743 ] ], [ [ 85.8067682, 20.298743 ], [ 85.8076311, 20.2986465 ], [ 85.8079179, 20.2986257 ] ], [ [ 85.8079179, 20.2986257 ], [ 85.8081751, 20.2986119 ], [ 85.8084504, 20.2985811 ] ], [ [ 85.8084504, 20.2985811 ], [ 85.8085041, 20.2989474 ], [ 85.8085552, 20.2991931 ], [ 85.8086479, 20.2993279 ], [ 85.8087501, 20.2994321 ], [ 85.8087918, 20.2995915 ] ], [ [ 85.8087918, 20.2995915 ], [ 85.8088608, 20.2998558 ], [ 85.8089223, 20.3000935 ] ], [ [ 85.8089223, 20.3000935 ], [ 85.8090108, 20.3004413 ] ], [ [ 85.8090108, 20.3004413 ], [ 85.8085832, 20.3005219 ] ], [ [ 85.8085832, 20.3005219 ], [ 85.8085773, 20.3006787 ] ], [ [ 85.8085773, 20.3006787 ], [ 85.8085732, 20.300789 ], [ 85.8085666, 20.30092 ], [ 85.8085429, 20.3009988 ], [ 85.8084934, 20.3011239 ], [ 85.8084224, 20.3012773 ], [ 85.8082617, 20.3014521 ] ], [ [ 85.8082617, 20.3014521 ], [ 85.8083527, 20.3015829 ], [ 85.8083667, 20.3016183 ] ], [ [ 85.8083667, 20.3016183 ], [ 85.8084248, 20.3017647 ] ], [ [ 85.8084248, 20.3017647 ], [ 85.8084549, 20.3018406 ], [ 85.8085124, 20.3022091 ], [ 85.808531, 20.3022976 ] ], [ [ 85.808531, 20.3022976 ], [ 85.8086296, 20.3027671 ] ], [ [ 85.8086296, 20.3027671 ], [ 85.8086338, 20.3027873 ], [ 85.8086473, 20.3028657 ] ], [ [ 85.8086473, 20.3028657 ], [ 85.8087046, 20.303324 ], [ 85.8087583, 20.3036404 ] ], [ [ 85.8087583, 20.3036404 ], [ 85.8087811, 20.3037064 ] ], [ [ 85.8087811, 20.3037064 ], [ 85.8088738, 20.3038733 ], [ 85.8089595, 20.3039857 ], [ 85.8090165, 20.3040604 ], [ 85.809101, 20.3042726 ], [ 85.8091136, 20.3043978 ] ], [ [ 85.8091136, 20.3043978 ], [ 85.8091344, 20.3049574 ] ], [ [ 85.8091344, 20.3049574 ], [ 85.8091361, 20.3050029 ], [ 85.8091465, 20.3055813 ] ], [ [ 85.8091465, 20.3055813 ], [ 85.809147, 20.3056069 ], [ 85.809173, 20.3059808 ], [ 85.8092302, 20.3064019 ], [ 85.8092753, 20.3066084 ], [ 85.809304, 20.3067916 ] ], [ [ 85.809304, 20.3067916 ], [ 85.8093121, 20.3068432 ], [ 85.8093238, 20.3069173 ], [ 85.809407, 20.3073368 ], [ 85.8094374, 20.3075535 ] ], [ [ 85.8094374, 20.3075535 ], [ 85.8094835, 20.3078899 ] ], [ [ 85.8094835, 20.3078899 ], [ 85.8095254, 20.3083544 ] ], [ [ 85.8095254, 20.3083544 ], [ 85.8092554, 20.3083601 ], [ 85.809133, 20.3083417 ], [ 85.8089837, 20.3082873 ] ], [ [ 85.8089837, 20.3082873 ], [ 85.8089274, 20.3082545 ] ], [ [ 85.8089274, 20.3082545 ], [ 85.8088626, 20.3082416 ], [ 85.8087969, 20.3082501 ], [ 85.8087442, 20.308275 ], [ 85.808702, 20.3083137 ], [ 85.8086743, 20.3083626 ] ], [ [ 85.8086743, 20.3083626 ], [ 85.8086638, 20.308417 ], [ 85.8086713, 20.3084719 ], [ 85.8086963, 20.308522 ], [ 85.8087363, 20.3085627 ], [ 85.8087876, 20.30859 ] ], [ [ 85.8087876, 20.30859 ], [ 85.8089717, 20.3090585 ] ], [ [ 85.8089717, 20.3090585 ], [ 85.8091327, 20.3094911 ] ], [ [ 85.8091327, 20.3094911 ], [ 85.8093168, 20.309952 ] ], [ [ 85.8093168, 20.309952 ], [ 85.8094563, 20.3103559 ], [ 85.8094732, 20.3104047 ] ], [ [ 85.8094732, 20.3104047 ], [ 85.8094871, 20.310445 ], [ 85.8095315, 20.3106139 ] ], [ [ 85.8095315, 20.3106139 ], [ 85.8096168, 20.3109381 ] ], [ [ 85.8096168, 20.3109381 ], [ 85.8096304, 20.3109899 ] ], [ [ 85.8096304, 20.3109899 ], [ 85.8096925, 20.311226 ], [ 85.8097434, 20.3115805 ] ], [ [ 85.8097434, 20.3115805 ], [ 85.8098717, 20.3124735 ], [ 85.8099278, 20.3131766 ] ], [ [ 85.8099278, 20.3131766 ], [ 85.8099907, 20.313966 ], [ 85.8099419, 20.3144306 ], [ 85.8098719, 20.3148591 ] ], [ [ 85.8098719, 20.3148591 ], [ 85.8098403, 20.3149067 ], [ 85.8098262, 20.3149612 ], [ 85.8098313, 20.3150171 ] ], [ [ 85.8098313, 20.3150171 ], [ 85.8096915, 20.3154101 ], [ 85.8096005, 20.3158331 ], [ 85.8095869, 20.3161716 ], [ 85.8097376, 20.3183357 ], [ 85.8097421, 20.318398 ], [ 85.8098684, 20.319347 ], [ 85.8098171, 20.3194262 ], [ 85.8097444, 20.3194853 ], [ 85.8095878, 20.319533 ], [ 85.8083002, 20.3196296 ], [ 85.8081785, 20.3196533 ], [ 85.8077288, 20.3197407 ], [ 85.8064596, 20.3200466 ] ], [ [ 85.8064596, 20.3200466 ], [ 85.8065074, 20.3202131 ] ], [ [ 85.8065074, 20.3202131 ], [ 85.8073636, 20.3200097 ] ], [ [ 85.8073636, 20.3200097 ], [ 85.8074897, 20.3204335 ] ], [ [ 85.8074897, 20.3204335 ], [ 85.807465, 20.3203943 ], [ 85.8074189, 20.3203682 ], [ 85.8073469, 20.3203583 ] ], [ [ 85.8073469, 20.3203583 ], [ 85.8072939, 20.3202841 ], [ 85.8072358, 20.3202552 ], [ 85.8071674, 20.3202456 ], [ 85.8070922, 20.3202584 ], [ 85.807017, 20.3202809 ] ], [ [ 85.807017, 20.3202809 ], [ 85.8049936, 20.3207532 ], [ 85.802344, 20.321228 ], [ 85.8022083, 20.3212116 ] ], [ [ 85.8022083, 20.3212116 ], [ 85.8022599, 20.3213688 ] ], [ [ 85.8022599, 20.3213688 ], [ 85.8023464, 20.3220744 ] ], [ [ 85.8023464, 20.3220744 ], [ 85.8023702, 20.3221825 ], [ 85.8024599, 20.3225907 ] ], [ [ 85.8024599, 20.3225907 ], [ 85.8021283, 20.3226313 ], [ 85.8019676, 20.3226544 ], [ 85.8015214, 20.3227052 ], [ 85.8012819, 20.3227367 ] ], [ [ 85.8012819, 20.3227367 ], [ 85.8007614, 20.3228022 ] ] ] } },
{ "type": "Feature", "properties": { "route_id": "R_SYN038", "stop_id": "SYN038" }, "geometry": { "type": "MultiLineString", "coordinates": [ [ [ 85.7956882, 20.2733904 ], [ 85.7956242, 20.2730836 ], [ 85.7955946, 20.2730307 ], [ 85.7955213, 20.2729733 ], [ 85.7955018, 20.2728997 ], [ 85.7957248, 20.2724912 ] ], [ [ 85.7957248, 20.2724912 ], [ 85.795809, 20.2725261 ], [ 85.7960022, 20.272565 ], [ 85.7961624, 20.2725637 ] ], [ [ 85.7961624, 20.2725637 ], [ 85.7964029, 20.2725288 ], [ 85.7964995, 20.2725038 ], [ 85.7965888, 20.2724875 ], [ 85.7967526, 20.2724499 ], [ 85.7968487, 20.2725038 ], [ 85.7969664, 20.2725134 ], [ 85.7971879, 20.2724894 ] ], [ [ 85.7971879, 20.2724894 ], [ 85.797172, 20.272296 ] ], [ [ 85.797172, 20.272296 ], [ 85.7973646, 20.2723499 ], [ 85.7975134, 20.2723949 ], [ 85.7976709, 20.2723938 ], [ 85.7978406, 20.2723928 ], [ 85.7979713, 20.2724066 ], [ 85.7980724, 20.2724183 ] ], [ [ 85.7980724, 20.2724183 ], [ 85.7980894, 20.2724889 ], [ 85.7981441, 20.2726138 ] ], [ [ 85.7981441, 20.2726138 ], [ 85.7984022, 20.2729489 ], [ 85.7986636, 20.2734028 ], [ 85.798722, 20.273434 ], [ 85.7989328, 20.2735272 ], [ 85.7991862, 20.2737681 ], [ 85.7995137, 20.2739924 ] ], [ [ 85.7995137, 20.2739924 ], [ 85.799999, 20.2742208 ] ], [ [ 85.799999, 20.2742208 ], [ 85.800016, 20.2742288 ], [ 85.8004007, 20.2743246 ] ], [ [ 85.8004007, 20.2743246 ], [ 85.8005615, 20.2745986 ] ], [ [ 85.8005615, 20.2745986 ], [ 85.8008421, 20.2749758 ], [ 85.8010195, 20.2751889 ] ], [ [ 85.8010195, 20.2751889 ], [ 85.8013269, 20.2751855 ] ], [ [ 85.8013269, 20.2751855 ], [ 85.8015809, 20.27517 ], [ 85.8017735, 20.2751686 ] ], [ [ 85.8017735, 20.2751686 ], [ 85.8019562, 20.2751853 ], [ 85.8021852, 20.2751956 ], [ 85.8023173, 20.2751956 ] ], [ [ 85.8023173, 20.2751956 ], [ 85.802482, 20.2752022 ], [ 85.8027718, 20.2752354 ], [ 85.8029086, 20.2752573 ], [ 85.8030419, 20.2753034 ], [ 85.8031804, 20.2753695 ] ], [ [ 85.8031804, 20.2753695 ], [ 85.8035951, 20.2756 ] ], [ [ 85.8035951, 20.2756 ], [ 85.8036496, 20.2757286 ] ], [ [ 85.8036496, 20.2757286 ], [ 85.8037569, 20.27581 ] ], [ [ 85.8037569, 20.27581 ], [ 85.8040261, 20.2760246 ] ], [ [ 85.8040261, 20.2760246 ], [ 85.8041889, 20.2761741 ], [ 85.8044882, 20.2764697 ] ], [ [ 85.8044882, 20.2764697 ], [ 85.8054861, 20.2774676 ], [ 85.8055858, 20.2775696 ] ], [ [ 85.8055858, 20.2775696 ], [ 85.806398, 20.278396 ], [ 85.8065197, 20.2785206 ] ], [ [ 85.8065197, 20.2785206 ], [ 85.8070385, 20.2790515 ] ], [ [ 85.8070385, 20.2790515 ], [ 85.8079276, 20.2799384 ], [ 85.8084043, 20.2804138 ], [ 85.8090417, 20.2810557 ], [ 85.8101485, 20.2821703 ] ], [ [ 85.8101485, 20.2821703 ], [ 85.8100801, 20.2822425 ], [ 85.8096838, 20.2827116 ], [ 85.80891, 20.283598 ], [ 85.8088058, 20.2837211 ] ], [ [ 85.8088058, 20.2837211 ], [ 85.8087489, 20.2838052 ] ], [ [ 85.8087489, 20.2838052 ], [ 85.8083563, 20.2842239 ], [ 85.8080659, 20.2845301 ], [ 85.8079704, 20.2846143 ] ], [ [ 85.8079704, 20.2846143 ], [ 85.8078263, 20.2847413 ] ], [ [ 85.8078263, 20.2847413 ], [ 85.8077594, 20.2848166 ], [ 85.807691, 20.2848967 ], [ 85.8075977, 20.28501 ] ], [ [ 85.8075977, 20.28501 ], [ 85.807673, 20.2850486 ] ], [ [ 85.807673, 20.2850486 ], [ 85.808039, 20.2852786 ] ], [ [ 85.808039, 20.2852786 ], [ 85.8081644, 20.2853574 ] ], [ [ 85.8081644, 20.2853574 ], [ 85.8083484, 20.285473 ], [ 85.8098007, 20.2863515 ] ], [ [ 85.8098007, 20.2863515 ], [ 85.8099872, 20.2864643 ], [ 85.8102727, 20.2866269 ] ], [ [ 85.8102727, 20.2866269 ], [ 85.8107166, 20.2868997 ] ], [ [ 85.8107166, 20.2868997 ], [ 85.8107815, 20.2869308 ], [ 85.8119452, 20.2876321 ], [ 85.8129904, 20.2882798 ] ], [ [ 85.8129904, 20.2882798 ], [ 85.8133681, 20.2884959 ], [ 85.8140213, 20.2889173 ], [ 85.8142814, 20.2890851 ], [ 85.8148849, 20.2894531 ], [ 85.8154872, 20.2898326 ] ], [ [ 85.8154872, 20.2898326 ], [ 85.8163308, 20.2903155 ], [ 85.816802, 20.2906055 ], [ 85.817054, 20.2907557 ] ], [ [ 85.817054, 20.2907557 ], [ 85.818041, 20.2913513 ], [ 85.8182813, 20.2913942 ] ], [ [ 85.8182813, 20.2913942 ], [ 85.8186578, 20.2916106 ], [ 85.8190404, 20.2918509 ], [ 85.8191979, 20.2919537 ], [ 85.8193481, 20.2920543 ] ], [ [ 85.8193481, 20.2920543 ], [ 85.8196834, 20.2922581 ], [ 85.8221566, 20.2937097 ] ], [ [ 85.8221566, 20.2937097 ], [ 85.8222417, 20.2937597 ], [ 85.8243158, 20.2950694 ], [ 85.8245453, 20.2952148 ], [ 85.8249465, 20.2954576 ], [ 85.825362, 20.2957046 ], [ 85.8257032, 20.2958928 ], [ 85.8261358, 20.2960876 ], [ 85.8266986, 20.2963387 ], [ 85.8272003, 20.2965412 ], [ 85.8277046, 20.2966993 ], [ 85.8281386, 20.2968289 ], [ 85.8285125, 20.2969213 ], [ 85.8286427, 20.2969509 ] ], [ [ 85.8286427, 20.2969509 ], [ 85.8288195, 20.2971168 ] ], [ [ 85.8288195, 20.2971168 ], [ 85.8290498, 20.2971578 ], [ 85.8294584, 20.2972036 ], [ 85.829799, 20.29725 ], [ 85.8298799, 20.2972583 ], [ 85.8306616, 20.2972869 ], [ 85.8313992, 20.2972693 ], [ 85.8320603, 20.2972469 ], [ 85.8325207, 20.2972064 ], [ 85.832963, 20.2971715 ] ], [ [ 85.832963, 20.2971715 ], [ 85.8331414, 20.2971574 ] ], [ [ 85.8331414, 20.2971574 ], [ 85.8331212, 20.2972758 ], [ 85.8329364, 20.2981996 ], [ 85.8329142, 20.298355 ], [ 85.8328651, 20.2986996 ], [ 85.8328668, 20.2987822 ], [ 85.8328892, 20.2998882 ], [ 85.8329622, 20.3008138 ], [ 85.8329634, 20.3008295 ], [ 85.8329675, 20.3008804 ], [ 85.8329705, 20.3009183 ], [ 85.8333373, 20.3050263 ], [ 85.8333677, 20.3053191 ], [ 85.833456, 20.3062566 ], [ 85.8334864, 20.3067033 ] ], [ [ 85.8334864, 20.3067033 ], [ 85.8336458, 20.3084581 ], [ 85.8338008, 20.3101463 ] ], [ [ 85.8338008, 20.3101463 ], [ 85.8338062, 20.3102088 ], [ 85.8338325, 20.3103849 ] ], [ [ 85.8338325, 20.3103849 ], [ 85.8339125, 20.3109213 ], [ 85.8340427, 20.3115186 ], [ 85.834025, 20.3115957 ], [ 85.8339626, 20.3116957 ], [ 85.8338736, 20.3117627 ], [ 85.8333192, 20.3119484 ] ], [ [ 85.8333192, 20.3119484 ], [ 85.8331293, 20.3120029 ], [ 85.8325928, 20.3121827 ], [ 85.8321664, 20.3123211 ], [ 85.8311994, 20.3126305 ], [ 85.8305796, 20.3128242 ] ], [ [ 85.8305796, 20.3128242 ], [ 85.8299264, 20.313078 ], [ 85.8298998, 20.313091 ] ], [ [ 85.8298998, 20.313091 ], [ 85.829955, 20.313204 ] ], [ [ 85.829955, 20.313204 ], [ 85.8301423, 20.3131267 ], [ 85.8304722, 20.3129906 ] ], [ [ 85.8304722, 20.3129906 ], [ 85.8308022, 20.3144441 ], [ 85.83085, 20.3146213 ], [ 85.8311004, 20.3155495 ], [ 85.8311127, 20.3155984 ], [ 85.8311403, 20.3157079 ] ], [ [ 85.8311403, 20.3157079 ], [ 85.8312962, 20.3163277 ] ], [ [ 85.8312962, 20.3163277 ], [ 85.8314598, 20.3168602 ] ], [ [ 85.8314598, 20.3168602 ], [ 85.8315372, 20.3171427 ] ], [ [ 85.8315372, 20.3171427 ], [ 85.8318017, 20.3181439 ] ], [ [ 85.8318017, 20.3181439 ], [ 85.8319191, 20.318438 ], [ 85.8320365, 20.3186968 ], [ 85.8322093, 20.3189816 ] ], [ [ 85.8322093, 20.3189816 ], [ 85.8324338, 20.3193695 ] ], [ [ 85.8324338, 20.3193695 ], [ 85.8328736, 20.3191018 ] ], [ [ 85.8328736, 20.3191018 ], [ 85.8330947, 20.3194727 ] ], [ [ 85.8330947, 20.3194727 ], [ 85.833314, 20.3193667 ], [ 85.8335739, 20.3192678 ], [ 85.8338207, 20.3191981 ] ], [ [ 85.8338207, 20.3191981 ], [ 85.8338127, 20.3193413 ], [ 85.833801, 20.3194478 ] ], [ [ 85.833801, 20.3194478 ], [ 85.8350015, 20.31951 ] ], [ [ 85.8350015, 20.31951 ], [ 85.8349894, 20.3199954 ] ], [ [ 85.8349894, 20.3199954 ], [ 85.8350071, 20.3204598 ] ], [ [ 85.8350071, 20.3204598 ], [ 85.8350023, 20.3205392 ] ], [ [ 85.8350023, 20.3205392 ], [ 85.8349828, 20.3206215 ] ], [ [ 85.8349828, 20.3206215 ], [ 85.8351331, 20.3206134 ] ] ] } },
{ "type": "Feature", "properties": { "route_id": "R_SYN039", "stop_id": "SYN039" }, "geometry": { "type": "MultiLineString", "coordinates": [ [ [ 85.7956882, 20.2733904 ], [ 85.7956242, 20.2730836 ], [ 85.7955946, 20.2730307 ], [ 85.7955213, 20.2729733 ], [ 85.7955018, 20.2728997 ], [ 85.7957248, 20.2724912 ] ], [ [ 85.7957248, 20.2724912 ], [ 85.795809, 20.2725261 ], [ 85.7960022, 20.272565 ], [ 85.7961624, 20.2725637 ] ], [ [ 85.7961624, 20.2725637 ], [ 85.7964029, 20.2725288 ], [ 85.7964995, 20.2725038 ], [ 85.7965888, 20.2724875 ], [ 85.7967526, 20.2724499 ], [ 85.7968487, 20.2725038 ], [ 85.7969664, 20.2725134 ], [ 85.7971879, 20.2724894 ] ], [ [ 85.7971879, 20.2724894 ], [ 85.797172, 20.272296 ] ], [ [ 85.797172, 20.272296 ], [ 85.7973646, 20.2723499 ], [ 85.7975134, 20.2723949 ], [ 85.7976709, 20.2723938 ], [ 85.7978406, 20.2723928 ], [ 85.7979713, 20.2724066 ], [ 85.7980724, 20.2724183 ] ], [ [ 85.7980724, 20.2724183 ], [ 85.7980894, 20.2724889 ], [ 85.7981441, 20.2726138 ] ], [ [ 85.7981441, 20.2726138 ], [ 85.7984022, 20.2729489 ], [ 85.7986636, 20.2734028 ], [ 85.798722, 20.273434 ], [ 85.7989328, 20.2735272 ], [ 85.7991862, 20.2737681 ], [ 85.7995137, 20.2739924 ] ], [ [ 85.7995137, 20.2739924 ], [ 85.799999, 20.2742208 ] ], [ [ 85.799999, 20.2742208 ], [ 85.800016, 20.2742288 ], [ 85.8004007, 20.2743246 ] ], [ [ 85.8004007, 20.2743246 ], [ 85.8005615, 20.2745986 ] ], [ [ 85.8005615, 20.2745986 ], [ 85.8011021, 20.2743158 ], [ 85.8010239, 20.2734987 ], [ 85.8012357, 20.2734832 ], [ 85.8012177, 20.2729928 ] ], [ [ 85.8012177, 20.2729928 ], [ 85.8015036, 20.2729773 ] ], [ [ 85.8015036, 20.2729773 ], [ 85.8017682, 20.273007 ], [ 85.8017729, 20.2726822 ] ], [ [ 85.8017729, 20.2726822 ], [ 85.8026057, 20.2727129 ], [ 85.8027421, 20.2724331 ] ], [ [ 85.8027421, 20.2724331 ], [ 85.8028272, 20.2722383 ] ] ] } },
{ "type": "Feature", "properties": { "route_id": "R_SYN040", "stop_id": "SYN040" }, "geometry": { "type": "MultiLineString", "coordinates": [ [ [ 85.7956882, 20.2733904 ], [ 85.7956242, 20.2730836 ], [ 85.7955946, 20.2730307 ], [ 85.7955213, 20.2729733 ], [ 85.7955018, 20.2728997 ], [ 85.7957248, 20.2724912 ] ], [ [ 85.7957248, 20.2724912 ], [ 85.795809, 20.2725261 ], [ 85.7960022, 20.272565 ], [ 85.7961624, 20.2725637 ] ], [ [ 85.7961624, 20.2725637 ], [ 85.7964029, 20.2725288 ], [ 85.7964995, 20.2725038 ], [ 85.7965888, 20.2724875 ], [ 85.7967526, 20.2724499 ], [ 85.7968487, 20.2725038 ], [ 85.7969664, 20.2725134 ], [ 85.7971879, 20.2724894 ] ], [ [ 85.7971879, 20.2724894 ], [ 85.797172, 20.272296 ] ], [ [ 85.797172, 20.272296 ], [ 85.7973646, 20.2723499 ], [ 85.7975134, 20.2723949 ], [ 85.7976709, 20.2723938 ], [ 85.7978406, 20.2723928 ], [ 85.7979713, 20.2724066 ], [ 85.7980724, 20.2724183 ] ], [ [ 85.7980724, 20.2724183 ], [ 85.7980894, 20.2724889 ], [ 85.7981441, 20.2726138 ] ], [ [ 85.7981441, 20.2726138 ], [ 85.7984022, 20.2729489 ], [ 85.7986636, 20.2734028 ], [ 85.798722, 20.273434 ], [ 85.7989328, 20.2735272 ], [ 85.7991862, 20.2737681 ], [ 85.7995137, 20.2739924 ] ], [ [ 85.7995137, 20.2739924 ], [ 85.799999, 20.2742208 ] ], [ [ 85.799999, 20.2742208 ], [ 85.800016, 20.2742288 ], [ 85.8004007, 20.2743246 ] ], [ [ 85.8004007, 20.2743246 ], [ 85.8005615, 20.2745986 ] ], [ [ 85.8005615, 20.2745986 ], [ 85.8008421, 20.2749758 ], [ 85.8010195, 20.2751889 ] ], [ [ 85.8010195, 20.2751889 ], [ 85.8013269, 20.2751855 ] ], [ [ 85.8013269, 20.2751855 ], [ 85.8015809, 20.27517 ], [ 85.8017735, 20.2751686 ] ], [ [ 85.8017735, 20.2751686 ], [ 85.8019562, 20.2751853 ], [ 85.8021852, 20.2751956 ], [ 85.8023173, 20.2751956 ] ], [ [ 85.8023173, 20.2751956 ], [ 85.802482, 20.2752022 ], [ 85.8027718, 20.2752354 ], [ 85.8029086, 20.2752573 ], [ 85.8030419, 20.2753034 ], [ 85.8031804, 20.2753695 ] ], [ [ 85.8031804, 20.2753695 ], [ 85.8035951, 20.2756 ] ], [ [ 85.8035951, 20.2756 ], [ 85.8036496, 20.2757286 ] ], [ [ 85.8036496, 20.2757286 ], [ 85.8037569, 20.27581 ] ], [ [ 85.8037569, 20.27581 ], [ 85.8040261, 20.2760246 ] ], [ [ 85.8040261, 20.2760246 ], [ 85.8041889, 20.2761741 ], [ 85.8044882, 20.2764697 ] ], [ [ 85.8044882, 20.2764697 ], [ 85.8054861, 20.2774676 ], [ 85.8055858, 20.2775696 ] ], [ [ 85.8055858, 20.2775696 ], [ 85.806398, 20.278396 ], [ 85.8065197, 20.2785206 ] ], [ [ 85.8065197, 20.2785206 ], [ 85.8070385, 20.2790515 ] ], [ [ 85.8070385, 20.2790515 ], [ 85.8079276, 20.2799384 ], [ 85.8084043, 20.2804138 ], [ 85.8090417, 20.2810557 ], [ 85.8101485, 20.2821703 ] ], [ [ 85.8101485, 20.2821703 ], [ 85.8100801, 20.2822425 ], [ 85.8096838, 20.2827116 ], [ 85.80891, 20.283598 ], [ 85.8088058, 20.2837211 ] ], [ [ 85.8088058, 20.2837211 ], [ 85.8087489, 20.2838052 ] ], [ [ 85.8087489, 20.2838052 ], [ 85.8083563, 20.2842239 ], [ 85.8080659, 20.2845301 ], [ 85.8079704, 20.2846143 ] ], [ [ 85.8079704, 20.2846143 ], [ 85.8078263, 20.2847413 ] ], [ [ 85.8078263, 20.2847413 ], [ 85.8077594, 20.2848166 ], [ 85.807691, 20.2848967 ], [ 85.8075977, 20.28501 ] ], [ [ 85.8075977, 20.28501 ], [ 85.807673, 20.2850486 ] ], [ [ 85.807673, 20.2850486 ], [ 85.808039, 20.2852786 ] ], [ [ 85.808039, 20.2852786 ], [ 85.8081644, 20.2853574 ] ], [ [ 85.8081644, 20.2853574 ], [ 85.8083484, 20.285473 ], [ 85.8098007, 20.2863515 ] ], [ [ 85.8098007, 20.2863515 ], [ 85.8099872, 20.2864643 ], [ 85.8102727, 20.2866269 ] ], [ [ 85.8102727, 20.2866269 ], [ 85.8107166, 20.2868997 ] ], [ [ 85.8107166, 20.2868997 ], [ 85.8107815, 20.2869308 ], [ 85.8119452, 20.2876321 ], [ 85.8129904, 20.2882798 ] ], [ [ 85.8129904, 20.2882798 ], [ 85.8133681, 20.2884959 ], [ 85.8140213, 20.2889173 ], [ 85.8142814, 20.2890851 ], [ 85.8148849, 20.2894531 ], [ 85.8154872, 20.2898326 ] ], [ [ 85.8154872, 20.2898326 ], [ 85.8163308, 20.2903155 ], [ 85.816802, 20.2906055 ], [ 85.817054, 20.2907557 ] ], [ [ 85.817054, 20.2907557 ], [ 85.818041, 20.2913513 ], [ 85.8182813, 20.2913942 ] ], [ [ 85.8182813, 20.2913942 ], [ 85.8186578, 20.2916106 ], [ 85.8190404, 20.2918509 ], [ 85.8191979, 20.2919537 ], [ 85.8193481, 20.2920543 ] ], [ [ 85.8193481, 20.2920543 ], [ 85.8196834, 20.2922581 ], [ 85.8221566, 20.2937097 ] ], [ [ 85.8221566, 20.2937097 ], [ 85.8222417, 20.2937597 ], [ 85.8243158, 20.2950694 ], [ 85.8245453, 20.2952148 ], [ 85.8249465, 20.2954576 ], [ 85.825362, 20.2957046 ], [ 85.8257032, 20.2958928 ], [ 85.8261358, 20.2960876 ], [ 85.8266986, 20.2963387 ], [ 85.8272003, 20.2965412 ], [ 85.8277046, 20.2966993 ], [ 85.8281386, 20.2968289 ], [ 85.8285125, 20.2969213 ], [ 85.8286427, 20.2969509 ] ], [ [ 85.8286427, 20.2969509 ], [ 85.8288195, 20.2971168 ] ], [ [ 85.8288195, 20.2971168 ], [ 85.8290498, 20.2971578 ], [ 85.8294584, 20.2972036 ], [ 85.829799, 20.29725 ], [ 85.8298799, 20.2972583 ], [ 85.8306616, 20.2972869 ], [ 85.8313992, 20.2972693 ], [ 85.8320603, 20.2972469 ], [ 85.8325207, 20.2972064 ], [ 85.832963, 20.2971715 ] ], [ [ 85.832963, 20.2971715 ], [ 85.8331414, 20.2971574 ] ], [ [ 85.8331414, 20.2971574 ], [ 85.8331212, 20.2972758 ], [ 85.8329364, 20.2981996 ], [ 85.8329142, 20.298355 ], [ 85.8328651, 20.2986996 ], [ 85.8328668, 20.2987822 ], [ 85.8328892, 20.2998882 ], [ 85.8329622, 20.3008138 ], [ 85.8329634, 20.3008295 ], [ 85.8329675, 20.3008804 ], [ 85.8329705, 20.3009183 ], [ 85.8333373, 20.3050263 ], [ 85.8333677, 20.3053191 ], [ 85.833456, 20.3062566 ], [ 85.8334864, 20.3067033 ] ], [ [ 85.8334864, 20.3067033 ], [ 85.8336458, 20.3084581 ], [ 85.8338008, 20.3101463 ] ], [ [ 85.8338008, 20.3101463 ], [ 85.8338062, 20.3102088 ], [ 85.8338325, 20.3103849 ] ], [ [ 85.8338325, 20.3103849 ], [ 85.8339125, 20.3109213 ], [ 85.8340427, 20.3115186 ], [ 85.834025, 20.3115957 ], [ 85.8339626, 20.3116957 ], [ 85.8338736, 20.3117627 ], [ 85.8333192, 20.3119484 ] ], [ [ 85.8333192, 20.3119484 ], [ 85.8331293, 20.3120029 ], [ 85.8325928, 20.3121827 ], [ 85.8321664, 20.3123211 ], [ 85.8311994, 20.3126305 ], [ 85.8305796, 20.3128242 ] ], [ [ 85.8305796, 20.3128242 ], [ 85.8299264, 20.313078 ], [ 85.8298998, 20.313091 ] ], [ [ 85.8298998, 20.313091 ], [ 85.829955, 20.313204 ] ], [ [ 85.829955, 20.313204 ], [ 85.8301423, 20.3131267 ], [ 85.8304722, 20.3129906 ] ], [ [ 85.8304722, 20.3129906 ], [ 85.8308022, 20.3144441 ], [ 85.83085, 20.3146213 ], [ 85.8311004, 20.3155495 ], [ 85.8311127, 20.3155984 ], [ 85.8311403, 20.3157079 ] ], [ [ 85.8311403, 20.3157079 ], [ 85.8312962, 20.3163277 ] ], [ [ 85.8312962, 20.3163277 ], [ 85.8314598, 20.3168602 ] ], [ [ 85.8314598, 20.3168602 ], [ 85.8315372, 20.3171427 ] ], [ [ 85.8315372, 20.3171427 ], [ 85.8318017, 20.3181439 ] ], [ [ 85.8318017, 20.3181439 ], [ 85.8319191, 20.318438 ], [ 85.8320365, 20.3186968 ], [ 85.8322093, 20.3189816 ] ], [ [ 85.8322093, 20.3189816 ], [ 85.8324338, 20.3193695 ] ], [ [ 85.8324338, 20.3193695 ], [ 85.8328736, 20.3191018 ] ], [ [ 85.8328736, 20.3191018 ], [ 85.8330947, 20.3194727 ] ], [ [ 85.8330947, 20.3194727 ], [ 85.833314, 20.3193667 ], [ 85.8335739, 20.3192678 ], [ 85.8338207, 20.3191981 ] ], [ [ 85.8338207, 20.3191981 ], [ 85.8338127, 20.3193413 ], [ 85.833801, 20.3194478 ] ], [ [ 85.833801, 20.3194478 ], [ 85.8350015, 20.31951 ] ], [ [ 85.8350015, 20.31951 ], [ 85.8349894, 20.3199954 ] ], [ [ 85.8349894, 20.3199954 ], [ 85.8350071, 20.3204598 ] ], [ [ 85.8350071, 20.3204598 ], [ 85.8350023, 20.3205392 ] ], [ [ 85.8350023, 20.3205392 ], [ 85.8349828, 20.3206215 ] ], [ [ 85.8349828, 20.3206215 ], [ 85.8351331, 20.3206134 ] ], [ [ 85.8351331, 20.3206134 ], [ 85.835727, 20.3206584 ], [ 85.836238, 20.3207042 ], [ 85.8363441, 20.3207137 ], [ 85.8367267, 20.3207224 ] ], [ [ 85.8367267, 20.3207224 ], [ 85.8368776, 20.3207488 ] ], [ [ 85.8368776, 20.3207488 ], [ 85.8368934, 20.3207732 ], [ 85.8369167, 20.3207916 ], [ 85.8369449, 20.3208021 ], [ 85.836965, 20.3208032 ] ], [ [ 85.836965, 20.3208032 ], [ 85.8369543, 20.3211461 ], [ 85.8369196, 20.3217248 ], [ 85.8369162, 20.3222157 ], [ 85.8369023, 20.3227901 ] ], [ [ 85.8369023, 20.3227901 ], [ 85.8368988, 20.3230383 ], [ 85.8368511, 20.3239212 ], [ 85.8368436, 20.3252135 ] ], [ [ 85.8368436, 20.3252135 ], [ 85.8368421, 20.3254848 ], [ 85.8368059, 20.326506 ], [ 85.836833, 20.3266035 ], [ 85.8368692, 20.3266713 ], [ 85.8369641, 20.3267179 ], [ 85.8381028, 20.3268323 ], [ 85.8381842, 20.3268535 ], [ 85.8382384, 20.3269086 ] ], [ [ 85.8382384, 20.3269086 ], [ 85.8383556, 20.3269284 ], [ 85.8384072, 20.3270479 ], [ 85.8387621, 20.3282796 ], [ 85.8390503, 20.3288456 ], [ 85.8395659, 20.3293946 ], [ 85.840151, 20.3298485 ] ], [ [ 85.840151, 20.3298485 ], [ 85.8404031, 20.3298888 ], [ 85.8405348, 20.3297045 ], [ 85.8406327, 20.3295675 ] ], [ [ 85.8406327, 20.3295675 ], [ 85.8404903, 20.3294845 ], [ 85.8402787, 20.3293613 ], [ 85.8401614, 20.3292626 ], [ 85.839914, 20.3290544 ], [ 85.8396457, 20.3287702 ], [ 85.8394204, 20.3284659 ], [ 85.8392756, 20.3282093 ], [ 85.8391415, 20.3279327 ] ] ] } },
{ "type": "Feature", "properties": { "route_id": "R_SYN041", "stop_id": "SYN041" }, "geometry": { "type": "MultiLineString", "coordinates": [ [ [ 85.7956882, 20.2733904 ], [ 85.7956242, 20.2730836 ], [ 85.7955946, 20.2730307 ], [ 85.7955213, 20.2729733 ], [ 85.7955018, 20.2728997 ], [ 85.7957248, 20.2724912 ] ], [ [ 85.7957248, 20.2724912 ], [ 85.795809, 20.2725261 ], [ 85.7960022, 20.272565 ], [ 85.7961624, 20.2725637 ] ], [ [ 85.7961624, 20.2725637 ], [ 85.7964029, 20.2725288 ], [ 85.7964995, 20.2725038 ], [ 85.7965888, 20.2724875 ], [ 85.7967526, 20.2724499 ], [ 85.7968487, 20.2725038 ], [ 85.7969664, 20.2725134 ], [ 85.7971879, 20.2724894 ] ], [ [ 85.7971879, 20.2724894 ], [ 85.797172, 20.272296 ] ], [ [ 85.797172, 20.272296 ], [ 85.7972477, 20.2717737 ] ], [ [ 85.7972477, 20.2717737 ], [ 85.7972829, 20.2716076 ], [ 85.7973396, 20.2714517 ] ], [ [ 85.7973396, 20.2714517 ], [ 85.7976219, 20.2705684 ] ], [ [ 85.7976219, 20.2705684 ], [ 85.7974156, 20.2701011 ] ], [ [ 85.7974156, 20.2701011 ], [ 85.7976264, 20.2698867 ], [ 85.7978678, 20.2696496 ] ], [ [ 85.7978678, 20.2696496 ], [ 85.7981696, 20.2694607 ] ], [ [ 85.7981696, 20.2694607 ], [ 85.798306, 20.2694218 ], [ 85.7983863, 20.2693967 ] ], [ [ 85.7983863, 20.2693967 ], [ 85.7985011, 20.2693608 ], [ 85.7990672, 20.2692097 ] ], [ [ 85.7990672, 20.2692097 ], [ 85.7990842, 20.269153 ], [ 85.7993499, 20.268549 ], [ 85.7994669, 20.2683272 ], [ 85.7997945, 20.2677534 ] ], [ [ 85.7997945, 20.2677534 ], [ 85.7997838, 20.2676623 ], [ 85.7997625, 20.267567 ] ], [ [ 85.7997625, 20.267567 ], [ 85.7996497, 20.2670635 ] ] ] } },
{ "type": "Feature", "properties": { "route_id": "R_SYN042", "stop_id": "SYN042" }, "geometry": { "type": "MultiLineString", "coordinates": [ [ [ 85.7956882, 20.2733904 ], [ 85.7956242, 20.2730836 ], [ 85.7955946, 20.2730307 ], [ 85.7955213, 20.2729733 ], [ 85.7955018, 20.2728997 ], [ 85.7957248, 20.2724912 ] ], [ [ 85.7957248, 20.2724912 ], [ 85.795809, 20.2725261 ], [ 85.7960022, 20.272565 ], [ 85.7961624, 20.2725637 ] ], [ [ 85.7961624, 20.2725637 ], [ 85.7964029, 20.2725288 ], [ 85.7964995, 20.2725038 ], [ 85.7965888, 20.2724875 ], [ 85.7967526, 20.2724499 ], [ 85.7968487, 20.2725038 ], [ 85.7969664, 20.2725134 ], [ 85.7971879, 20.2724894 ] ], [ [ 85.7971879, 20.2724894 ], [ 85.797172, 20.272296 ] ], [ [ 85.797172, 20.272296 ], [ 85.7973646, 20.2723499 ], [ 85.7975134, 20.2723949 ], [ 85.7976709, 20.2723938 ], [ 85.7978406, 20.2723928 ], [ 85.7979713, 20.2724066 ], [ 85.7980724, 20.2724183 ] ], [ [ 85.7980724, 20.2724183 ], [ 85.7980894, 20.2724889 ], [ 85.7981441, 20.2726138 ] ], [ [ 85.7981441, 20.2726138 ], [ 85.7984022, 20.2729489 ], [ 85.7986636, 20.2734028 ], [ 85.798722, 20.273434 ], [ 85.7989328, 20.2735272 ], [ 85.7991862, 20.2737681 ], [ 85.7995137, 20.2739924 ] ], [ [ 85.7995137, 20.2739924 ], [ 85.799999, 20.2742208 ] ], [ [ 85.799999, 20.2742208 ], [ 85.800016, 20.2742288 ], [ 85.8004007, 20.2743246 ] ], [ [ 85.8004007, 20.2743246 ], [ 85.8005615, 20.2745986 ] ], [ [ 85.8005615, 20.2745986 ], [ 85.8008421, 20.2749758 ], [ 85.8010195, 20.2751889 ] ], [ [ 85.8010195, 20.2751889 ], [ 85.8013269, 20.2751855 ] ], [ [ 85.8013269, 20.2751855 ], [ 85.8015809, 20.27517 ], [ 85.8017735, 20.2751686 ] ], [ [ 85.8017735, 20.2751686 ], [ 85.8019562, 20.2751853 ], [ 85.8021852, 20.2751956 ], [ 85.8023173, 20.2751956 ] ], [ [ 85.8023173, 20.2751956 ], [ 85.802482, 20.2752022 ], [ 85.8027718, 20.2752354 ], [ 85.8029086, 20.2752573 ], [ 85.8030419, 20.2753034 ], [ 85.8031804, 20.2753695 ] ], [ [ 85.8031804, 20.2753695 ], [ 85.8035951, 20.2756 ] ], [ [ 85.8035951, 20.2756 ], [ 85.8036496, 20.2757286 ] ], [ [ 85.8036496, 20.2757286 ], [ 85.8037569, 20.27581 ] ], [ [ 85.8037569, 20.27581 ], [ 85.8040261, 20.2760246 ] ], [ [ 85.8040261, 20.2760246 ], [ 85.8041889, 20.2761741 ], [ 85.8044882, 20.2764697 ] ], [ [ 85.8044882, 20.2764697 ], [ 85.8054861, 20.2774676 ], [ 85.8055858, 20.2775696 ] ], [ [ 85.8055858, 20.2775696 ], [ 85.806398, 20.278396 ], [ 85.8065197, 20.2785206 ] ], [ [ 85.8065197, 20.2785206 ], [ 85.8070385, 20.2790515 ] ], [ [ 85.8070385, 20.2790515 ], [ 85.8079276, 20.2799384 ], [ 85.8084043, 20.2804138 ], [ 85.8090417, 20.2810557 ], [ 85.8101485, 20.2821703 ] ], [ [ 85.8101485, 20.2821703 ], [ 85.8100801, 20.2822425 ], [ 85.8096838, 20.2827116 ], [ 85.80891, 20.283598 ], [ 85.8088058, 20.2837211 ] ], [ [ 85.8088058, 20.2837211 ], [ 85.8087489, 20.2838052 ] ], [ [ 85.8087489, 20.2838052 ], [ 85.8083563, 20.2842239 ], [ 85.8080659, 20.2845301 ], [ 85.8079704, 20.2846143 ] ], [ [ 85.8079704, 20.2846143 ], [ 85.8078263, 20.2847413 ] ], [ [ 85.8078263, 20.2847413 ], [ 85.8077594, 20.2848166 ], [ 85.807691, 20.2848967 ], [ 85.8075977, 20.28501 ] ], [ [ 85.8075977, 20.28501 ], [ 85.807673, 20.2850486 ] ], [ [ 85.807673, 20.2850486 ], [ 85.808039, 20.2852786 ] ], [ [ 85.808039, 20.2852786 ], [ 85.8081644, 20.2853574 ] ], [ [ 85.8081644, 20.2853574 ], [ 85.8081042, 20.2854577 ] ], [ [ 85.8081042, 20.2854577 ], [ 85.8091373, 20.2860826 ] ], [ [ 85.8091373, 20.2860826 ], [ 85.8097326, 20.2864427 ] ], [ [ 85.8097326, 20.2864427 ], [ 85.8101883, 20.2867409 ] ], [ [ 85.8101883, 20.2867409 ], [ 85.81065, 20.2870168 ] ], [ [ 85.81065, 20.2870168 ], [ 85.8102285, 20.2877489 ] ] ] } },
{ "type": "Feature", "properties": { "route_id": "R_SYN043", "stop_id": "SYN043" }, "geometry": { "type": "MultiLineString", "coordinates": [ [ [ 85.7956882, 20.2733904 ], [ 85.7956242, 20.2730836 ], [ 85.7955946, 20.2730307 ], [ 85.7955213, 20.2729733 ], [ 85.7955018, 20.2728997 ], [ 85.7957248, 20.2724912 ] ], [ [ 85.7957248, 20.2724912 ], [ 85.795809, 20.2725261 ], [ 85.7960022, 20.272565 ], [ 85.7961624, 20.2725637 ] ], [ [ 85.7961624, 20.2725637 ], [ 85.7964029, 20.2725288 ], [ 85.7964995, 20.2725038 ], [ 85.7965888, 20.2724875 ], [ 85.7967526, 20.2724499 ], [ 85.7968487, 20.2725038 ], [ 85.7969664, 20.2725134 ], [ 85.7971879, 20.2724894 ] ], [ [ 85.7971879, 20.2724894 ], [ 85.797172, 20.272296 ] ], [ [ 85.797172, 20.272296 ], [ 85.7972477, 20.2717737 ] ], [ [ 85.7972477, 20.2717737 ], [ 85.7975255, 20.2717888 ], [ 85.7977045, 20.2717707 ], [ 85.7978663, 20.2717358 ] ], [ [ 85.7978663, 20.2717358 ], [ 85.7981349, 20.271675 ] ], [ [ 85.7981349, 20.271675 ], [ 85.7983505, 20.2716077 ], [ 85.7984191, 20.2715274 ], [ 85.7984898, 20.2714498 ] ], [ [ 85.7984898, 20.2714498 ], [ 85.7986237, 20.2714557 ], [ 85.798756, 20.2714805 ], [ 85.7989082, 20.271465 ], [ 85.7989942, 20.2714246 ], [ 85.7990505, 20.2712074 ], [ 85.7990802, 20.2710119 ], [ 85.7992192, 20.2709343 ], [ 85.7993081, 20.2708896 ] ], [ [ 85.7993081, 20.2708896 ], [ 85.7994044, 20.2708412 ], [ 85.7995401, 20.2707512 ], [ 85.7996129, 20.2706798 ], [ 85.7999083, 20.2705607 ], [ 85.7997176, 20.2699327 ] ], [ [ 85.7997176, 20.2699327 ], [ 85.799982, 20.2697882 ] ], [ [ 85.799982, 20.2697882 ], [ 85.8001269, 20.2696868 ], [ 85.8005527, 20.2696131 ] ], [ [ 85.8005527, 20.2696131 ], [ 85.800667, 20.2698519 ] ], [ [ 85.800667, 20.2698519 ], [ 85.801248, 20.2693828 ], [ 85.8014922, 20.2691786 ], [ 85.801763, 20.2689876 ], [ 85.8019317, 20.268979 ] ], [ [ 85.8019317, 20.268979 ], [ 85.8023185, 20.2694218 ] ], [ [ 85.8023185, 20.2694218 ], [ 85.8029987, 20.2690059 ], [ 85.8032486, 20.2687671 ] ], [ [ 85.8032486, 20.2687671 ], [ 85.803749, 20.2690569 ], [ 85.8041913, 20.269319 ] ], [ [ 85.8041913, 20.269319 ], [ 85.8052733, 20.2698734 ] ], [ [ 85.8052733, 20.2698734 ], [ 85.8059109, 20.2702311 ], [ 85.8060087, 20.2702905 ], [ 85.8065427, 20.270607 ], [ 85.8067635, 20.2707515 ] ], [ [ 85.8067635, 20.2707515 ], [ 85.8068376, 20.2708031 ] ], [ [ 85.8068376, 20.2708031 ], [ 85.8068528, 20.270789 ], [ 85.8069183, 20.2707315 ] ], [ [ 85.8069183, 20.2707315 ], [ 85.8071166, 20.2705576 ] ], [ [ 85.8071166, 20.2705576 ], [ 85.8074254, 20.2702742 ] ], [ [ 85.8074254, 20.2702742 ], [ 85.80776, 20.2699615 ] ], [ [ 85.80776, 20.2699615 ], [ 85.8084125, 20.2703413 ] ], [ [ 85.8084125, 20.2703413 ], [ 85.8089, 20.270625 ] ], [ [ 85.8089, 20.270625 ], [ 85.80951, 20.27098 ] ], [ [ 85.80951, 20.27098 ], [ 85.8098679, 20.2711882 ] ], [ [ 85.8098679, 20.2711882 ], [ 85.8105547, 20.271588 ] ], [ [ 85.8105547, 20.271588 ], [ 85.8106243, 20.2716285 ] ], [ [ 85.8106243, 20.2716285 ], [ 85.8110956, 20.2719027 ] ], [ [ 85.8110956, 20.2719027 ], [ 85.8116198, 20.271367 ] ], [ [ 85.8116198, 20.271367 ], [ 85.8117746, 20.2712072 ] ], [ [ 85.8117746, 20.2712072 ], [ 85.8123123, 20.2706525 ] ], [ [ 85.8123123, 20.2706525 ], [ 85.812901, 20.2700178 ] ], [ [ 85.812901, 20.2700178 ], [ 85.8130322, 20.2699614 ], [ 85.8131277, 20.2699016 ] ], [ [ 85.8131277, 20.2699016 ], [ 85.8131573, 20.2698958 ], [ 85.8131835, 20.2698818 ], [ 85.8132041, 20.2698611 ] ], [ [ 85.8132041, 20.2698611 ], [ 85.8134551, 20.2697939 ], [ 85.8136952, 20.2697686 ] ], [ [ 85.8136952, 20.2697686 ], [ 85.8143293, 20.269715 ], [ 85.8153826, 20.2696086 ], [ 85.815622, 20.2695632 ] ], [ [ 85.815622, 20.2695632 ], [ 85.8164381, 20.2694086 ], [ 85.816954, 20.2692947 ], [ 85.8179763, 20.2690708 ], [ 85.818406, 20.2690449 ], [ 85.8185577, 20.2690513 ], [ 85.8185965, 20.269053 ], [ 85.819113, 20.2691249 ], [ 85.81964, 20.26924 ], [ 85.8202861, 20.2694656 ], [ 85.8215069, 20.2699828 ], [ 85.821612, 20.2700104 ], [ 85.8217764, 20.2700424 ] ], [ [ 85.8217764, 20.2700424 ], [ 85.8217717, 20.2701022 ], [ 85.8218023, 20.270181 ], [ 85.8218305, 20.270216 ], [ 85.8218772, 20.2702624 ], [ 85.8219201, 20.2702972 ], [ 85.8219814, 20.2703291 ], [ 85.822086, 20.2703517 ] ], [ [ 85.822086, 20.2703517 ], [ 85.8221932, 20.270348 ], [ 85.8223066, 20.270303 ], [ 85.8223552, 20.2702549 ] ], [ [ 85.8223552, 20.2702549 ], [ 85.8223957, 20.2701703 ], [ 85.8224074, 20.2700792 ] ], [ [ 85.8224074, 20.2700792 ], [ 85.8232894, 20.2698099 ], [ 85.8238477, 20.2696265 ], [ 85.8244087, 20.2694282 ], [ 85.8252141, 20.2691155 ], [ 85.8257446, 20.2688778 ], [ 85.8258984, 20.2688089 ], [ 85.8267024, 20.2684109 ], [ 85.8275887, 20.267936 ] ], [ [ 85.8275887, 20.267936 ], [ 85.8285914, 20.2672979 ], [ 85.8290181, 20.2670393 ], [ 85.8294171, 20.2668396 ], [ 85.8296099, 20.2667462 ] ], [ [ 85.8296099, 20.2667462 ], [ 85.8298897, 20.2665874 ] ], [ [ 85.8298897, 20.2665874 ], [ 85.8299778, 20.2665254 ] ], [ [ 85.8299778, 20.2665254 ], [ 85.8301527, 20.2664075 ] ], [ [ 85.8301527, 20.2664075 ], [ 85.8310443, 20.2657526 ] ], [ [ 85.8310443, 20.2657526 ], [ 85.8322518, 20.2648853 ] ], [ [ 85.8322518, 20.2648853 ], [ 85.8336346, 20.2639145 ], [ 85.8341817, 20.2635304 ], [ 85.8346236, 20.2632201 ], [ 85.8346608, 20.2631846 ] ], [ [ 85.8346608, 20.2631846 ], [ 85.8347697, 20.2630895 ], [ 85.8364357, 20.2618925 ], [ 85.8369591, 20.2615165 ], [ 85.8379134, 20.2608309 ], [ 85.8382566, 20.2605708 ], [ 85.8383639, 20.260493 ] ], [ [ 85.8383639, 20.260493 ], [ 85.8385968, 20.2603117 ], [ 85.8388512, 20.2601213 ] ], [ [ 85.8388512, 20.2601213 ], [ 85.8392252, 20.2598843 ], [ 85.841163, 20.258542 ] ], [ [ 85.841163, 20.258542 ], [ 85.8413193, 20.2584337 ] ], [ [ 85.8413193, 20.2584337 ], [ 85.8414894, 20.2583441 ] ], [ [ 85.8414894, 20.2583441 ], [ 85.8415601, 20.2582653 ] ], [ [ 85.8415601, 20.2582653 ], [ 85.8414745, 20.2581828 ] ], [ [ 85.8414745, 20.2581828 ], [ 85.8412049, 20.2579187 ], [ 85.8410703, 20.2577648 ] ], [ [ 85.8410703, 20.2577648 ], [ 85.8411736, 20.257671 ], [ 85.8414257, 20.2574601 ], [ 85.8416019, 20.257312 ], [ 85.841696, 20.2572436 ], [ 85.8417786, 20.257176 ], [ 85.8418448, 20.2571212 ], [ 85.8419383, 20.2570007 ], [ 85.8421447, 20.2568801 ], [ 85.8423472, 20.2567997 ], [ 85.8425652, 20.2567376 ], [ 85.8426694, 20.25673 ] ], [ [ 85.8426694, 20.25673 ], [ 85.8426896, 20.2562627 ] ], [ [ 85.8426896, 20.2562627 ], [ 85.8427135, 20.2555237 ] ], [ [ 85.8427135, 20.2555237 ], [ 85.8427218, 20.2552439 ] ], [ [ 85.8427218, 20.2552439 ], [ 85.84273, 20.25497 ] ], [ [ 85.84273, 20.25497 ], [ 85.8427321, 20.2545049 ] ] ] } },
{ "type": "Feature", "properties": { "route_id": "R_SYN044", "stop_id": "SYN044" }, "geometry": { "type": "MultiLineString", "coordinates": [ [ [ 85.7956882, 20.2733904 ], [ 85.7956242, 20.2730836 ], [ 85.7955946, 20.2730307 ], [ 85.7955213, 20.2729733 ], [ 85.7955018, 20.2728997 ], [ 85.7957248, 20.2724912 ] ], [ [ 85.7957248, 20.2724912 ], [ 85.795809, 20.2725261 ], [ 85.7960022, 20.272565 ], [ 85.7961624, 20.2725637 ] ], [ [ 85.7961624, 20.2725637 ], [ 85.7964029, 20.2725288 ], [ 85.7964995, 20.2725038 ], [ 85.7965888, 20.2724875 ], [ 85.7967526, 20.2724499 ], [ 85.7968487, 20.2725038 ], [ 85.7969664, 20.2725134 ], [ 85.7971879, 20.2724894 ] ], [ [ 85.7971879, 20.2724894 ], [ 85.797172, 20.272296 ] ], [ [ 85.797172, 20.272296 ], [ 85.7973646, 20.2723499 ], [ 85.7975134, 20.2723949 ], [ 85.7976709, 20.2723938 ], [ 85.7978406, 20.2723928 ], [ 85.7979713, 20.2724066 ], [ 85.7980724, 20.2724183 ] ], [ [ 85.7980724, 20.2724183 ], [ 85.7980894, 20.2724889 ], [ 85.7981441, 20.2726138 ] ], [ [ 85.7981441, 20.2726138 ], [ 85.7984022, 20.2729489 ], [ 85.7986636, 20.2734028 ], [ 85.798722, 20.273434 ], [ 85.7989328, 20.2735272 ], [ 85.7991862, 20.2737681 ], [ 85.7995137, 20.2739924 ] ], [ [ 85.7995137, 20.2739924 ], [ 85.799999, 20.2742208 ] ], [ [ 85.799999, 20.2742208 ], [ 85.800016, 20.2742288 ], [ 85.8004007, 20.2743246 ] ], [ [ 85.8004007, 20.2743246 ], [ 85.8005615, 20.2745986 ] ], [ [ 85.8005615, 20.2745986 ], [ 85.8008421, 20.2749758 ], [ 85.8010195, 20.2751889 ] ], [ [ 85.8010195, 20.2751889 ], [ 85.8013269, 20.2751855 ] ], [ [ 85.8013269, 20.2751855 ], [ 85.8015809, 20.27517 ], [ 85.8017735, 20.2751686 ] ], [ [ 85.8017735, 20.2751686 ], [ 85.8019562, 20.2751853 ], [ 85.8021852, 20.2751956 ], [ 85.8023173, 20.2751956 ] ], [ [ 85.8023173, 20.2751956 ], [ 85.802482, 20.2752022 ], [ 85.8027718, 20.2752354 ], [ 85.8029086, 20.2752573 ], [ 85.8030419, 20.2753034 ], [ 85.8031804, 20.2753695 ] ], [ [ 85.8031804, 20.2753695 ], [ 85.8035951, 20.2756 ] ], [ [ 85.8035951, 20.2756 ], [ 85.8036496, 20.2757286 ] ], [ [ 85.8036496, 20.2757286 ], [ 85.8037569, 20.27581 ] ], [ [ 85.8037569, 20.27581 ], [ 85.8038438, 20.2757541 ] ], [ [ 85.8038438, 20.2757541 ], [ 85.8039063, 20.2756908 ] ], [ [ 85.8039063, 20.2756908 ], [ 85.8044447, 20.2761777 ] ], [ [ 85.8044447, 20.2761777 ], [ 85.8048084, 20.2765533 ] ], [ [ 85.8048084, 20.2765533 ], [ 85.8056179, 20.275759 ] ], [ [ 85.8056179, 20.275759 ], [ 85.805879, 20.275993 ] ], [ [ 85.805879, 20.275993 ], [ 85.8059388, 20.2760466 ] ], [ [ 85.8059388, 20.2760466 ], [ 85.8065455, 20.2765904 ] ], [ [ 85.8065455, 20.2765904 ], [ 85.8073129, 20.2757883 ] ], [ [ 85.8073129, 20.2757883 ], [ 85.8077573, 20.2753526 ] ], [ [ 85.8077573, 20.2753526 ], [ 85.8081319, 20.2756639 ] ], [ [ 85.8081319, 20.2756639 ], [ 85.8081981, 20.2757214 ] ], [ [ 85.8081981, 20.2757214 ], [ 85.8084939, 20.2759688 ] ], [ [ 85.8084939, 20.2759688 ], [ 85.8088959, 20.2762977 ] ], [ [ 85.8088959, 20.2762977 ], [ 85.8091192, 20.276064 ] ], [ [ 85.8091192, 20.276064 ], [ 85.8100683, 20.2762165 ] ], [ [ 85.8100683, 20.2762165 ], [ 85.8105283, 20.2762778 ] ], [ [ 85.8105283, 20.2762778 ], [ 85.8106658, 20.2763046 ] ], [ [ 85.8106658, 20.2763046 ], [ 85.8114229, 20.2765126 ], [ 85.8115083, 20.2765819 ] ], [ [ 85.8115083, 20.2765819 ], [ 85.8128183, 20.2754121 ] ], [ [ 85.8128183, 20.2754121 ], [ 85.8132091, 20.2756453 ] ], [ [ 85.8132091, 20.2756453 ], [ 85.8136015, 20.2758795 ] ], [ [ 85.8136015, 20.2758795 ], [ 85.8143482, 20.276407 ] ], [ [ 85.8143482, 20.276407 ], [ 85.8149579, 20.2767224 ] ], [ [ 85.8149579, 20.2767224 ], [ 85.8153627, 20.2763678 ] ], [ [ 85.8153627, 20.2763678 ], [ 85.8157651, 20.2760155 ] ], [ [ 85.8157651, 20.2760155 ], [ 85.8162137, 20.2755945 ] ], [ [ 85.8162137, 20.2755945 ], [ 85.8167131, 20.275172 ] ], [ [ 85.8167131, 20.275172 ], [ 85.8173412, 20.2755346 ], [ 85.8174122, 20.2755751 ], [ 85.8174803, 20.2756295 ] ], [ [ 85.8174803, 20.2756295 ], [ 85.8175385, 20.2757489 ] ], [ [ 85.8175385, 20.2757489 ], [ 85.8175825, 20.2757684 ], [ 85.8176661, 20.2757981 ], [ 85.8177926, 20.2758697 ] ], [ [ 85.8177926, 20.2758697 ], [ 85.8178807, 20.27592 ] ], [ [ 85.8178807, 20.27592 ], [ 85.81819, 20.2760966 ], [ 85.8185332, 20.2762913 ] ], [ [ 85.8185332, 20.2762913 ], [ 85.8186821, 20.2763075 ], [ 85.8188389, 20.2762832 ] ], [ [ 85.8188389, 20.2762832 ], [ 85.81907, 20.2761887 ], [ 85.8197894, 20.2758586 ], [ 85.8200229, 20.2757612 ] ], [ [ 85.8200229, 20.2757612 ], [ 85.8215574, 20.2750943 ], [ 85.8225733, 20.2746647 ], [ 85.8242545, 20.2739543 ] ], [ [ 85.8242545, 20.2739543 ], [ 85.8244339, 20.2739595 ], [ 85.8245941, 20.2739912 ], [ 85.8246927, 20.2740288 ], [ 85.8247773, 20.27408 ] ], [ [ 85.8247773, 20.27408 ], [ 85.8249043, 20.2743395 ], [ 85.8254527, 20.27558 ] ], [ [ 85.8254527, 20.27558 ], [ 85.8254926, 20.2756603 ] ], [ [ 85.8254926, 20.2756603 ], [ 85.8255993, 20.2756213 ] ], [ [ 85.8255993, 20.2756213 ], [ 85.8262084, 20.2753956 ], [ 85.8262749, 20.2753342 ] ], [ [ 85.8262749, 20.2753342 ], [ 85.8266012, 20.2752293 ] ], [ [ 85.8266012, 20.2752293 ], [ 85.8271535, 20.2750434 ], [ 85.8277597, 20.2748216 ] ], [ [ 85.8277597, 20.2748216 ], [ 85.8281088, 20.274699 ], [ 85.8300907, 20.2739921 ], [ 85.830683, 20.2737718 ], [ 85.8308804, 20.2737058 ], [ 85.8312393, 20.2735839 ], [ 85.8319399, 20.2733277 ], [ 85.8321039, 20.2732703 ], [ 85.8323623, 20.2731763 ] ], [ [ 85.8323623, 20.2731763 ], [ 85.8327084, 20.2741953 ] ], [ [ 85.8327084, 20.2741953 ], [ 85.832869, 20.2746882 ] ], [ [ 85.832869, 20.2746882 ], [ 85.8330294, 20.2751364 ] ], [ [ 85.8330294, 20.2751364 ], [ 85.8334498, 20.2766065 ] ], [ [ 85.8334498, 20.2766065 ], [ 85.8335845, 20.2771478 ] ], [ [ 85.8335845, 20.2771478 ], [ 85.8338007, 20.2784629 ] ], [ [ 85.8338007, 20.2784629 ], [ 85.8346466, 20.2784757 ] ], [ [ 85.8346466, 20.2784757 ], [ 85.8349741, 20.2784857 ] ], [ [ 85.8349741, 20.2784857 ], [ 85.8350141, 20.2787498 ], [ 85.8350292, 20.2788602 ] ], [ [ 85.8350292, 20.2788602 ], [ 85.8350962, 20.2788561 ] ], [ [ 85.8350962, 20.2788561 ], [ 85.8351042, 20.2789186 ] ], [ [ 85.8351042, 20.2789186 ], [ 85.8364767, 20.2787715 ], [ 85.8366503, 20.2787512 ] ], [ [ 85.8366503, 20.2787512 ], [ 85.8373873, 20.2786973 ] ], [ [ 85.8373873, 20.2786973 ], [ 85.8378352, 20.278637 ], [ 85.8385806, 20.2785593 ], [ 85.8391586, 20.2784973 ] ], [ [ 85.8391586, 20.2784973 ], [ 85.8401148, 20.2783961 ], [ 85.840319, 20.2783713 ], [ 85.8412779, 20.2782546 ] ], [ [ 85.8412779, 20.2782546 ], [ 85.8415681, 20.2782278 ], [ 85.8417473, 20.2782066 ], [ 85.8420169, 20.2781687 ] ], [ [ 85.8420169, 20.2781687 ], [ 85.8426074, 20.2781127 ], [ 85.8434262, 20.2780415 ], [ 85.8435781, 20.2780362 ] ], [ [ 85.8435781, 20.2780362 ], [ 85.8437199, 20.2788712 ] ], [ [ 85.8437199, 20.2788712 ], [ 85.843726, 20.2789689 ] ], [ [ 85.843726, 20.2789689 ], [ 85.8438809, 20.2789647 ] ], [ [ 85.8438809, 20.2789647 ], [ 85.8440241, 20.2789583 ], [ 85.8446074, 20.2789009 ], [ 85.8447264, 20.2788585 ] ], [ [ 85.8447264, 20.2788585 ], [ 85.8451166, 20.2788257 ] ], [ [ 85.8451166, 20.2788257 ], [ 85.8458217, 20.2787261 ], [ 85.8475246, 20.2784767 ] ], [ [ 85.8475246, 20.2784767 ], [ 85.8477576, 20.2784427 ] ], [ [ 85.8477576, 20.2784427 ], [ 85.8480448, 20.2783928 ], [ 85.8486394, 20.2783042 ], [ 85.8488038, 20.2782808 ] ], [ [ 85.8488038, 20.2782808 ], [ 85.8489054, 20.2782598 ] ], [ [ 85.8489054, 20.2782598 ], [ 85.8492043, 20.2782168 ] ], [ [ 85.8492043, 20.2782168 ], [ 85.8496904, 20.2781526 ] ], [ [ 85.8496904, 20.2781526 ], [ 85.8499378, 20.2781173 ] ], [ [ 85.8499378, 20.2781173 ], [ 85.8502432, 20.2780614 ] ], [ [ 85.8502432, 20.2780614 ], [ 85.8503038, 20.2780552 ] ], [ [ 85.8503038, 20.2780552 ], [ 85.8506041, 20.2779873 ], [ 85.8512889, 20.2778945 ], [ 85.851476, 20.2778747 ], [ 85.8516983, 20.2778714 ], [ 85.8518572, 20.2778945 ], [ 85.8520195, 20.2779177 ], [ 85.8520937, 20.277921 ], [ 85.8521748, 20.2779078 ], [ 85.8523796, 20.2778018 ], [ 85.8530318, 20.2774273 ], [ 85.8531094, 20.2773621 ], [ 85.8531655, 20.2772692 ], [ 85.853166124853402, 20.277250616396955 ] ], [ [ 85.853166124853402, 20.277250616396955 ], [ 85.8531682, 20.2771889 ], [ 85.8530612, 20.2769681 ], [ 85.8519098, 20.2749085 ], [ 85.8516205, 20.2743257 ] ], [ [ 85.8516205, 20.2743257 ], [ 85.8516428, 20.2743032 ], [ 85.8516551, 20.2742814 ], [ 85.8516642, 20.2742558 ], [ 85.8516649, 20.2742311 ] ], [ [ 85.8516649, 20.2742311 ], [ 85.851658, 20.2742065 ], [ 85.8516439, 20.2741847 ], [ 85.8516237, 20.2741677 ] ], [ [ 85.8516237, 20.2741677 ], [ 85.8515981, 20.2741564 ], [ 85.8515701, 20.2741528 ], [ 85.8515423, 20.2741571 ], [ 85.851517, 20.274169 ], [ 85.8514967, 20.2741875 ], [ 85.8514831, 20.2742107 ], [ 85.8514752, 20.2742331 ], [ 85.8514707, 20.2742676 ] ], [ [ 85.8514707, 20.2742676 ], [ 85.8514779, 20.2742919 ], [ 85.8514978, 20.2743125 ] ], [ [ 85.8514978, 20.2743125 ], [ 85.8515815, 20.2744494 ], [ 85.8516271, 20.2745291 ] ], [ [ 85.8516271, 20.2745291 ], [ 85.8517063, 20.2746947 ], [ 85.8519813, 20.2752117 ] ], [ [ 85.8519813, 20.2752117 ], [ 85.8523446, 20.2758986 ], [ 85.8524291, 20.2760483 ], [ 85.8528224, 20.2766757 ] ], [ [ 85.8528224, 20.2766757 ], [ 85.8530579, 20.2770515 ], [ 85.853166124853402, 20.277250616396955 ] ], [ [ 85.853166124853402, 20.277250616396955 ], [ 85.8532577, 20.2774191 ], [ 85.8535196, 20.2778401 ] ], [ [ 85.8535196, 20.2778401 ], [ 85.8537881, 20.278325 ], [ 85.8540243, 20.2787204 ], [ 85.8547276, 20.2798683 ] ], [ [ 85.8547276, 20.2798683 ], [ 85.8548254, 20.2800202 ], [ 85.8549756, 20.2802803 ], [ 85.8553024, 20.2808322 ] ], [ [ 85.8553024, 20.2808322 ], [ 85.8553748, 20.2809544 ], [ 85.8558317, 20.2817259 ], [ 85.8559113, 20.2818603 ] ] ] } },
{ "type": "Feature", "properties": { "route_id": "R_SYN045", "stop_id": "SYN045" }, "geometry": { "type": "MultiLineString", "coordinates": [ [ [ 85.7956882, 20.2733904 ], [ 85.7956242, 20.2730836 ], [ 85.7955946, 20.2730307 ], [ 85.7955213, 20.2729733 ], [ 85.7955018, 20.2728997 ], [ 85.7957248, 20.2724912 ] ], [ [ 85.7957248, 20.2724912 ], [ 85.795809, 20.2725261 ], [ 85.7960022, 20.272565 ], [ 85.7961624, 20.2725637 ] ], [ [ 85.7961624, 20.2725637 ], [ 85.7964029, 20.2725288 ], [ 85.7964995, 20.2725038 ], [ 85.7965888, 20.2724875 ], [ 85.7967526, 20.2724499 ], [ 85.7968487, 20.2725038 ], [ 85.7969664, 20.2725134 ], [ 85.7971879, 20.2724894 ] ], [ [ 85.7971879, 20.2724894 ], [ 85.797172, 20.272296 ] ], [ [ 85.797172, 20.272296 ], [ 85.7972477, 20.2717737 ] ], [ [ 85.7972477, 20.2717737 ], [ 85.7972829, 20.2716076 ], [ 85.7973396, 20.2714517 ] ], [ [ 85.7973396, 20.2714517 ], [ 85.7976219, 20.2705684 ] ], [ [ 85.7976219, 20.2705684 ], [ 85.7974156, 20.2701011 ] ], [ [ 85.7974156, 20.2701011 ], [ 85.7976264, 20.2698867 ], [ 85.7978678, 20.2696496 ] ], [ [ 85.7978678, 20.2696496 ], [ 85.7981696, 20.2694607 ] ], [ [ 85.7981696, 20.2694607 ], [ 85.798306, 20.2694218 ], [ 85.7983863, 20.2693967 ] ], [ [ 85.7983863, 20.2693967 ], [ 85.7985011, 20.2693608 ], [ 85.7990672, 20.2692097 ] ], [ [ 85.7990672, 20.2692097 ], [ 85.7990842, 20.269153 ], [ 85.7993499, 20.268549 ], [ 85.7994669, 20.2683272 ], [ 85.7997945, 20.2677534 ] ], [ [ 85.7997945, 20.2677534 ], [ 85.7997838, 20.2676623 ], [ 85.7997625, 20.267567 ] ], [ [ 85.7997625, 20.267567 ], [ 85.7996497, 20.2670635 ] ], [ [ 85.7996497, 20.2670635 ], [ 85.7996283, 20.2668118 ], [ 85.7996832, 20.266337 ] ], [ [ 85.7996832, 20.266337 ], [ 85.7997636, 20.2662554 ] ], [ [ 85.7997636, 20.2662554 ], [ 85.7998433, 20.2661769 ] ], [ [ 85.7998433, 20.2661769 ], [ 85.7998219, 20.2661302 ], [ 85.7997731, 20.2659815 ], [ 85.7995495, 20.2650872 ], [ 85.7994428, 20.2646202 ], [ 85.7994361, 20.2646005 ], [ 85.7993844, 20.2644498 ], [ 85.7993283, 20.264338 ], [ 85.7990645, 20.2638255 ], [ 85.7989991, 20.2636809 ] ], [ [ 85.7989991, 20.2636809 ], [ 85.7989664, 20.2635758 ], [ 85.7989291, 20.2633326 ], [ 85.7988229, 20.2622257 ], [ 85.798782, 20.2616976 ], [ 85.7987784, 20.2610302 ], [ 85.7987652, 20.2603764 ] ], [ [ 85.7987652, 20.2603764 ], [ 85.7987618, 20.2602104 ], [ 85.7987614, 20.2601663 ], [ 85.7987583, 20.2598651 ], [ 85.7987484, 20.2596743 ] ], [ [ 85.7987484, 20.2596743 ], [ 85.798737, 20.2594567 ], [ 85.7987304, 20.2592273 ] ], [ [ 85.7987304, 20.2592273 ], [ 85.7987194, 20.2588491 ], [ 85.7987156, 20.258782 ] ], [ [ 85.7987156, 20.258782 ], [ 85.7986956, 20.2584313 ] ], [ [ 85.7986956, 20.2584313 ], [ 85.7986802, 20.2581606 ] ], [ [ 85.7986802, 20.2581606 ], [ 85.798677, 20.2581052 ], [ 85.7986592, 20.2577932 ], [ 85.7986429, 20.2572478 ] ], [ [ 85.7986429, 20.2572478 ], [ 85.7986412, 20.2571922 ], [ 85.7986358, 20.2570111 ] ], [ [ 85.7986358, 20.2570111 ], [ 85.7986309, 20.2568469 ], [ 85.7985565, 20.2561967 ] ], [ [ 85.7985565, 20.2561967 ], [ 85.7985904, 20.25619 ], [ 85.7990022, 20.2560939 ], [ 85.7997103, 20.255841 ], [ 85.8002923, 20.2555743 ], [ 85.8006477, 20.2553717 ], [ 85.8010796, 20.2551578 ], [ 85.8014779, 20.2549829 ], [ 85.8016395, 20.2549073 ] ], [ [ 85.8016395, 20.2549073 ], [ 85.802139, 20.254681 ], [ 85.8024394, 20.2545463 ], [ 85.8029491, 20.254335 ], [ 85.8033259, 20.254179 ], [ 85.8036277, 20.2540557 ], [ 85.8038533, 20.2540048 ], [ 85.8039568, 20.2539805 ], [ 85.8040628, 20.2539628 ], [ 85.8041581, 20.2539522 ], [ 85.8042776, 20.2539431 ], [ 85.8043639, 20.2539529 ], [ 85.804535, 20.2540091 ], [ 85.8048082, 20.254131 ] ], [ [ 85.8048082, 20.254131 ], [ 85.804842, 20.2541335 ], [ 85.8048748, 20.2541225 ], [ 85.8049279, 20.2540928 ], [ 85.8050325, 20.2540324 ], [ 85.8052526, 20.2538991 ], [ 85.8054686, 20.2537607 ] ], [ [ 85.8054686, 20.2537607 ], [ 85.8054476, 20.2536954 ], [ 85.8054076, 20.253565 ], [ 85.8053903, 20.2534901 ], [ 85.8053643, 20.2534064 ] ], [ [ 85.8053643, 20.2534064 ], [ 85.8053106, 20.2534292 ] ], [ [ 85.8053106, 20.2534292 ], [ 85.8052017, 20.2529761 ], [ 85.8051786, 20.2525787 ], [ 85.8051557, 20.2523338 ] ], [ [ 85.8051557, 20.2523338 ], [ 85.805101, 20.2517499 ] ], [ [ 85.805101, 20.2517499 ], [ 85.8054042, 20.2517238 ] ], [ [ 85.8054042, 20.2517238 ], [ 85.805646, 20.25172 ] ], [ [ 85.805646, 20.25172 ], [ 85.8058244, 20.2517188 ], [ 85.8061047, 20.2517214 ] ], [ [ 85.8061047, 20.2517214 ], [ 85.8060992, 20.2514752 ], [ 85.8060992, 20.2510871 ] ], [ [ 85.8060992, 20.2510871 ], [ 85.8061158, 20.250727 ], [ 85.8061265, 20.2506621 ] ], [ [ 85.8061265, 20.2506621 ], [ 85.8061812, 20.2503303 ] ], [ [ 85.8061812, 20.2503303 ], [ 85.8062018, 20.2502053 ], [ 85.8062945, 20.2496651 ] ], [ [ 85.8062945, 20.2496651 ], [ 85.8063772, 20.2492925 ], [ 85.806425, 20.2490284 ] ], [ [ 85.806425, 20.2490284 ], [ 85.8064857, 20.2486931 ] ], [ [ 85.8064857, 20.2486931 ], [ 85.8065181, 20.2483057 ] ], [ [ 85.8065181, 20.2483057 ], [ 85.8065587, 20.2480964 ] ], [ [ 85.8065587, 20.2480964 ], [ 85.8066175, 20.2477931 ] ], [ [ 85.8066175, 20.2477931 ], [ 85.8066859, 20.2477596 ], [ 85.8067363, 20.2477307 ], [ 85.8068304, 20.2476036 ], [ 85.8068903, 20.2475694 ], [ 85.8069804, 20.2475475 ], [ 85.807037, 20.2475204 ] ], [ [ 85.807037, 20.2475204 ], [ 85.8070574, 20.2474529 ], [ 85.8071028, 20.2471473 ] ], [ [ 85.8071028, 20.2471473 ], [ 85.8071274, 20.2469802 ], [ 85.8071555, 20.2467371 ], [ 85.8071631, 20.2464927 ] ], [ [ 85.8071631, 20.2464927 ], [ 85.807145, 20.2464468 ], [ 85.8071089, 20.2464371 ], [ 85.8068007, 20.2464501 ] ], [ [ 85.8068007, 20.2464501 ], [ 85.8066758, 20.2453254 ] ], [ [ 85.8066758, 20.2453254 ], [ 85.8066703, 20.2452636 ] ], [ [ 85.8066703, 20.2452636 ], [ 85.8066049, 20.2445246 ] ], [ [ 85.8066049, 20.2445246 ], [ 85.806582, 20.2442268 ], [ 85.8065672, 20.2440976 ] ], [ [ 85.8065672, 20.2440976 ], [ 85.8065309, 20.2436813 ] ], [ [ 85.8065309, 20.2436813 ], [ 85.8065098, 20.2434493 ] ], [ [ 85.8065098, 20.2434493 ], [ 85.8064732, 20.2430359 ] ], [ [ 85.8064732, 20.2430359 ], [ 85.8064635, 20.2429266 ], [ 85.8064415, 20.2426315 ] ], [ [ 85.8064415, 20.2426315 ], [ 85.8059812, 20.2426687 ] ], [ [ 85.8059812, 20.2426687 ], [ 85.8059448, 20.2422519 ] ], [ [ 85.8059448, 20.2422519 ], [ 85.8059084, 20.2418348 ] ] ] } },
{ "type": "Feature", "properties": { "route_id": "R_SYN046", "stop_id": "SYN046" }, "geometry": { "type": "MultiLineString", "coordinates": [ [ [ 85.7956882, 20.2733904 ], [ 85.7956242, 20.2730836 ], [ 85.7955946, 20.2730307 ], [ 85.7955213, 20.2729733 ], [ 85.7955018, 20.2728997 ], [ 85.7957248, 20.2724912 ] ], [ [ 85.7957248, 20.2724912 ], [ 85.795809, 20.2725261 ], [ 85.7960022, 20.272565 ], [ 85.7961624, 20.2725637 ] ], [ [ 85.7961624, 20.2725637 ], [ 85.7964029, 20.2725288 ], [ 85.7964995, 20.2725038 ], [ 85.7965888, 20.2724875 ], [ 85.7967526, 20.2724499 ], [ 85.7968487, 20.2725038 ], [ 85.7969664, 20.2725134 ], [ 85.7971879, 20.2724894 ] ], [ [ 85.7971879, 20.2724894 ], [ 85.797172, 20.272296 ] ], [ [ 85.797172, 20.272296 ], [ 85.7973646, 20.2723499 ], [ 85.7975134, 20.2723949 ], [ 85.7976709, 20.2723938 ], [ 85.7978406, 20.2723928 ], [ 85.7979713, 20.2724066 ], [ 85.7980724, 20.2724183 ] ], [ [ 85.7980724, 20.2724183 ], [ 85.7980894, 20.2724889 ], [ 85.7981441, 20.2726138 ] ], [ [ 85.7981441, 20.2726138 ], [ 85.7984022, 20.2729489 ], [ 85.7986636, 20.2734028 ], [ 85.798722, 20.273434 ], [ 85.7989328, 20.2735272 ], [ 85.7991862, 20.2737681 ], [ 85.7995137, 20.2739924 ] ], [ [ 85.7995137, 20.2739924 ], [ 85.799999, 20.2742208 ] ], [ [ 85.799999, 20.2742208 ], [ 85.800016, 20.2742288 ], [ 85.8004007, 20.2743246 ] ], [ [ 85.8004007, 20.2743246 ], [ 85.8005615, 20.2745986 ] ], [ [ 85.8005615, 20.2745986 ], [ 85.8008421, 20.2749758 ], [ 85.8010195, 20.2751889 ] ], [ [ 85.8010195, 20.2751889 ], [ 85.8013269, 20.2751855 ] ], [ [ 85.8013269, 20.2751855 ], [ 85.8015809, 20.27517 ], [ 85.8017735, 20.2751686 ] ], [ [ 85.8017735, 20.2751686 ], [ 85.8019562, 20.2751853 ], [ 85.8021852, 20.2751956 ], [ 85.8023173, 20.2751956 ] ], [ [ 85.8023173, 20.2751956 ], [ 85.802482, 20.2752022 ], [ 85.8027718, 20.2752354 ], [ 85.8029086, 20.2752573 ], [ 85.8030419, 20.2753034 ], [ 85.8031804, 20.2753695 ] ], [ [ 85.8031804, 20.2753695 ], [ 85.8035951, 20.2756 ] ], [ [ 85.8035951, 20.2756 ], [ 85.8036496, 20.2757286 ] ], [ [ 85.8036496, 20.2757286 ], [ 85.8037569, 20.27581 ] ], [ [ 85.8037569, 20.27581 ], [ 85.8038438, 20.2757541 ] ], [ [ 85.8038438, 20.2757541 ], [ 85.8039063, 20.2756908 ] ], [ [ 85.8039063, 20.2756908 ], [ 85.8044447, 20.2761777 ] ], [ [ 85.8044447, 20.2761777 ], [ 85.8048084, 20.2765533 ] ], [ [ 85.8048084, 20.2765533 ], [ 85.8056179, 20.275759 ] ], [ [ 85.8056179, 20.275759 ], [ 85.805879, 20.275993 ] ], [ [ 85.805879, 20.275993 ], [ 85.8059388, 20.2760466 ] ], [ [ 85.8059388, 20.2760466 ], [ 85.8065455, 20.2765904 ] ], [ [ 85.8065455, 20.2765904 ], [ 85.8073129, 20.2757883 ] ], [ [ 85.8073129, 20.2757883 ], [ 85.8077573, 20.2753526 ] ], [ [ 85.8077573, 20.2753526 ], [ 85.8081319, 20.2756639 ] ], [ [ 85.8081319, 20.2756639 ], [ 85.8081981, 20.2757214 ] ], [ [ 85.8081981, 20.2757214 ], [ 85.8084939, 20.2759688 ] ], [ [ 85.8084939, 20.2759688 ], [ 85.8088959, 20.2762977 ] ], [ [ 85.8088959, 20.2762977 ], [ 85.8091192, 20.276064 ] ], [ [ 85.8091192, 20.276064 ], [ 85.8100683, 20.2762165 ] ], [ [ 85.8100683, 20.2762165 ], [ 85.8105283, 20.2762778 ] ], [ [ 85.8105283, 20.2762778 ], [ 85.8106658, 20.2763046 ] ], [ [ 85.8106658, 20.2763046 ], [ 85.8114229, 20.2765126 ], [ 85.8115083, 20.2765819 ] ], [ [ 85.8115083, 20.2765819 ], [ 85.8128183, 20.2754121 ] ], [ [ 85.8128183, 20.2754121 ], [ 85.8132091, 20.2756453 ] ], [ [ 85.8132091, 20.2756453 ], [ 85.8136015, 20.2758795 ] ], [ [ 85.8136015, 20.2758795 ], [ 85.8143482, 20.276407 ] ], [ [ 85.8143482, 20.276407 ], [ 85.8149579, 20.2767224 ] ], [ [ 85.8149579, 20.2767224 ], [ 85.8153627, 20.2763678 ] ], [ [ 85.8153627, 20.2763678 ], [ 85.8157651, 20.2760155 ] ], [ [ 85.8157651, 20.2760155 ], [ 85.8162137, 20.2755945 ] ], [ [ 85.8162137, 20.2755945 ], [ 85.8167131, 20.275172 ] ], [ [ 85.8167131, 20.275172 ], [ 85.8173412, 20.2755346 ], [ 85.8174122, 20.2755751 ], [ 85.8174803, 20.2756295 ] ], [ [ 85.8174803, 20.2756295 ], [ 85.8175385, 20.2757489 ] ], [ [ 85.8175385, 20.2757489 ], [ 85.8175825, 20.2757684 ], [ 85.8176661, 20.2757981 ], [ 85.8177926, 20.2758697 ] ], [ [ 85.8177926, 20.2758697 ], [ 85.8178807, 20.27592 ] ], [ [ 85.8178807, 20.27592 ], [ 85.81819, 20.2760966 ], [ 85.8185332, 20.2762913 ] ], [ [ 85.8185332, 20.2762913 ], [ 85.8186821, 20.2763075 ], [ 85.8188389, 20.2762832 ] ], [ [ 85.8188389, 20.2762832 ], [ 85.81907, 20.2761887 ], [ 85.8197894, 20.2758586 ], [ 85.8200229, 20.2757612 ] ], [ [ 85.8200229, 20.2757612 ], [ 85.8215574, 20.2750943 ], [ 85.8225733, 20.2746647 ], [ 85.8242545, 20.2739543 ] ], [ [ 85.8242545, 20.2739543 ], [ 85.8244339, 20.2739595 ], [ 85.8245941, 20.2739912 ], [ 85.8246927, 20.2740288 ], [ 85.8247773, 20.27408 ] ], [ [ 85.8247773, 20.27408 ], [ 85.8249043, 20.2743395 ], [ 85.8254527, 20.27558 ] ], [ [ 85.8254527, 20.27558 ], [ 85.8254926, 20.2756603 ] ], [ [ 85.8254926, 20.2756603 ], [ 85.8255993, 20.2756213 ] ], [ [ 85.8255993, 20.2756213 ], [ 85.8262084, 20.2753956 ], [ 85.8262749, 20.2753342 ] ], [ [ 85.8262749, 20.2753342 ], [ 85.8266012, 20.2752293 ] ], [ [ 85.8266012, 20.2752293 ], [ 85.8271535, 20.2750434 ], [ 85.8277597, 20.2748216 ] ], [ [ 85.8277597, 20.2748216 ], [ 85.8281088, 20.274699 ], [ 85.8300907, 20.2739921 ], [ 85.830683, 20.2737718 ], [ 85.8308804, 20.2737058 ], [ 85.8312393, 20.2735839 ], [ 85.8319399, 20.2733277 ], [ 85.8321039, 20.2732703 ], [ 85.8323623, 20.2731763 ] ], [ [ 85.8323623, 20.2731763 ], [ 85.8331696, 20.2728469 ] ], [ [ 85.8331696, 20.2728469 ], [ 85.8334232, 20.2727434 ] ], [ [ 85.8334232, 20.2727434 ], [ 85.8334699, 20.2727272 ] ], [ [ 85.8334699, 20.2727272 ], [ 85.8331447, 20.2718755 ] ], [ [ 85.8331447, 20.2718755 ], [ 85.8336014, 20.2716516 ], [ 85.8336983, 20.271587 ] ], [ [ 85.8336983, 20.271587 ], [ 85.8341977, 20.2713769 ], [ 85.8343851, 20.2712981 ] ], [ [ 85.8343851, 20.2712981 ], [ 85.8344071, 20.2713449 ], [ 85.8348107, 20.2722047 ] ], [ [ 85.8348107, 20.2722047 ], [ 85.8349766, 20.2726224 ] ], [ [ 85.8349766, 20.2726224 ], [ 85.8351514, 20.27312 ] ], [ [ 85.8351514, 20.27312 ], [ 85.8353148, 20.2735654 ] ], [ [ 85.8353148, 20.2735654 ], [ 85.8354123, 20.2738506 ] ], [ [ 85.8354123, 20.2738506 ], [ 85.8354782, 20.2740434 ] ], [ [ 85.8354782, 20.2740434 ], [ 85.8356014, 20.2744599 ], [ 85.8356139, 20.2745022 ] ], [ [ 85.8356139, 20.2745022 ], [ 85.8370928, 20.2740745 ] ], [ [ 85.8370928, 20.2740745 ], [ 85.8385918, 20.2736409 ] ], [ [ 85.8385918, 20.2736409 ], [ 85.8399828, 20.2732386 ] ], [ [ 85.8399828, 20.2732386 ], [ 85.8403739, 20.2731254 ] ], [ [ 85.8403739, 20.2731254 ], [ 85.8406759, 20.2730381 ] ], [ [ 85.8406759, 20.2730381 ], [ 85.8411054, 20.2729139 ] ], [ [ 85.8411054, 20.2729139 ], [ 85.8414511, 20.2728139 ] ], [ [ 85.8414511, 20.2728139 ], [ 85.8417296, 20.2738356 ] ], [ [ 85.8417296, 20.2738356 ], [ 85.8427169, 20.2736145 ] ], [ [ 85.8427169, 20.2736145 ], [ 85.8428739, 20.2741255 ], [ 85.8429877, 20.274586 ] ], [ [ 85.8429877, 20.274586 ], [ 85.8430583, 20.274872 ] ], [ [ 85.8430583, 20.274872 ], [ 85.8431919, 20.2748454 ] ], [ [ 85.8431919, 20.2748454 ], [ 85.8433561, 20.274794 ], [ 85.8435537, 20.2747322 ], [ 85.8438218, 20.2746405 ] ], [ [ 85.8438218, 20.2746405 ], [ 85.8439728, 20.2745864 ] ], [ [ 85.8439728, 20.2745864 ], [ 85.8441605, 20.2745245 ], [ 85.8444813, 20.2744079 ] ], [ [ 85.8444813, 20.2744079 ], [ 85.844631, 20.2749256 ] ], [ [ 85.844631, 20.2749256 ], [ 85.8459857, 20.2746976 ] ] ] } },
{ "type": "Feature", "properties": { "route_id": "R_SYN047", "stop_id": "SYN047" }, "geometry": { "type": "MultiLineString", "coordinates": [ [ [ 85.7956882, 20.2733904 ], [ 85.7956242, 20.2730836 ], [ 85.7955946, 20.2730307 ], [ 85.7955213, 20.2729733 ], [ 85.7955018, 20.2728997 ], [ 85.7957248, 20.2724912 ] ], [ [ 85.7957248, 20.2724912 ], [ 85.795809, 20.2725261 ], [ 85.7960022, 20.272565 ], [ 85.7961624, 20.2725637 ] ], [ [ 85.7961624, 20.2725637 ], [ 85.7964029, 20.2725288 ], [ 85.7964995, 20.2725038 ], [ 85.7965888, 20.2724875 ], [ 85.7967526, 20.2724499 ], [ 85.7968487, 20.2725038 ], [ 85.7969664, 20.2725134 ], [ 85.7971879, 20.2724894 ] ], [ [ 85.7971879, 20.2724894 ], [ 85.797172, 20.272296 ] ], [ [ 85.797172, 20.272296 ], [ 85.7973646, 20.2723499 ], [ 85.7975134, 20.2723949 ], [ 85.7976709, 20.2723938 ], [ 85.7978406, 20.2723928 ], [ 85.7979713, 20.2724066 ], [ 85.7980724, 20.2724183 ] ], [ [ 85.7980724, 20.2724183 ], [ 85.7980894, 20.2724889 ], [ 85.7981441, 20.2726138 ] ], [ [ 85.7981441, 20.2726138 ], [ 85.7984022, 20.2729489 ], [ 85.7986636, 20.2734028 ], [ 85.798722, 20.273434 ], [ 85.7989328, 20.2735272 ], [ 85.7991862, 20.2737681 ], [ 85.7995137, 20.2739924 ] ], [ [ 85.7995137, 20.2739924 ], [ 85.799999, 20.2742208 ] ], [ [ 85.799999, 20.2742208 ], [ 85.800016, 20.2742288 ], [ 85.8004007, 20.2743246 ] ], [ [ 85.8004007, 20.2743246 ], [ 85.8005615, 20.2745986 ] ], [ [ 85.8005615, 20.2745986 ], [ 85.8008421, 20.2749758 ], [ 85.8010195, 20.2751889 ] ], [ [ 85.8010195, 20.2751889 ], [ 85.8013269, 20.2751855 ] ], [ [ 85.8013269, 20.2751855 ], [ 85.8015809, 20.27517 ], [ 85.8017735, 20.2751686 ] ], [ [ 85.8017735, 20.2751686 ], [ 85.8019562, 20.2751853 ], [ 85.8021852, 20.2751956 ], [ 85.8023173, 20.2751956 ] ], [ [ 85.8023173, 20.2751956 ], [ 85.802482, 20.2752022 ], [ 85.8027718, 20.2752354 ], [ 85.8029086, 20.2752573 ], [ 85.8030419, 20.2753034 ], [ 85.8031804, 20.2753695 ] ], [ [ 85.8031804, 20.2753695 ], [ 85.8035951, 20.2756 ] ], [ [ 85.8035951, 20.2756 ], [ 85.8036496, 20.2757286 ] ], [ [ 85.8036496, 20.2757286 ], [ 85.8037569, 20.27581 ] ], [ [ 85.8037569, 20.27581 ], [ 85.8040261, 20.2760246 ] ], [ [ 85.8040261, 20.2760246 ], [ 85.8041889, 20.2761741 ], [ 85.8044882, 20.2764697 ] ], [ [ 85.8044882, 20.2764697 ], [ 85.8054861, 20.2774676 ], [ 85.8055858, 20.2775696 ] ], [ [ 85.8055858, 20.2775696 ], [ 85.806398, 20.278396 ], [ 85.8065197, 20.2785206 ] ], [ [ 85.8065197, 20.2785206 ], [ 85.8070385, 20.2790515 ] ], [ [ 85.8070385, 20.2790515 ], [ 85.8079276, 20.2799384 ], [ 85.8084043, 20.2804138 ], [ 85.8090417, 20.2810557 ], [ 85.8101485, 20.2821703 ] ], [ [ 85.8101485, 20.2821703 ], [ 85.8102025, 20.2822247 ] ], [ [ 85.8102025, 20.2822247 ], [ 85.8102759, 20.2821477 ] ], [ [ 85.8102759, 20.2821477 ], [ 85.8108324, 20.2815664 ], [ 85.810883, 20.2815136 ], [ 85.8110574, 20.2813349 ] ], [ [ 85.8110574, 20.2813349 ], [ 85.8116651, 20.2818352 ] ], [ [ 85.8116651, 20.2818352 ], [ 85.81181, 20.28196 ] ], [ [ 85.81181, 20.28196 ], [ 85.812144, 20.282239 ] ], [ [ 85.812144, 20.282239 ], [ 85.8122556, 20.2823323 ] ], [ [ 85.8122556, 20.2823323 ], [ 85.8127159, 20.2827169 ] ], [ [ 85.8127159, 20.2827169 ], [ 85.8128522, 20.282811 ] ], [ [ 85.8128522, 20.282811 ], [ 85.8130507, 20.2829507 ] ], [ [ 85.8130507, 20.2829507 ], [ 85.8130958, 20.2829934 ] ], [ [ 85.8130958, 20.2829934 ], [ 85.8132218, 20.283089 ] ], [ [ 85.8132218, 20.283089 ], [ 85.8133005, 20.2831622 ] ], [ [ 85.8133005, 20.2831622 ], [ 85.8133565, 20.2832067 ], [ 85.813412, 20.2832593 ] ], [ [ 85.813412, 20.2832593 ], [ 85.8134327, 20.283279 ], [ 85.813914, 20.2828911 ] ], [ [ 85.813914, 20.2828911 ], [ 85.8141312, 20.2831911 ], [ 85.8142573, 20.2834314 ], [ 85.8143847, 20.2836289 ], [ 85.8144316, 20.2837106 ], [ 85.8144222, 20.283766 ], [ 85.8143699, 20.283849 ], [ 85.8143243, 20.2839408 ], [ 85.8142157, 20.2841069 ], [ 85.8141486, 20.2841836 ], [ 85.8141483, 20.2842907 ] ], [ [ 85.8141483, 20.2842907 ], [ 85.8142653, 20.2842706 ], [ 85.8144244, 20.2842574 ], [ 85.8145905, 20.284264 ], [ 85.8147984, 20.2842484 ], [ 85.8148748, 20.2842465 ], [ 85.8149546, 20.2842484 ], [ 85.8150116, 20.2842585 ], [ 85.8154234, 20.2843748 ], [ 85.8157459, 20.284449 ], [ 85.815876, 20.2844975 ], [ 85.815933, 20.284527 ], [ 85.8159833, 20.2845597 ], [ 85.8160161, 20.2846019 ], [ 85.8160517, 20.2846604 ] ], [ [ 85.8160517, 20.2846604 ], [ 85.8162523, 20.2850783 ] ], [ [ 85.8162523, 20.2850783 ], [ 85.8165461, 20.2857295 ] ], [ [ 85.8165461, 20.2857295 ], [ 85.8166463, 20.2859356 ] ], [ [ 85.8166463, 20.2859356 ], [ 85.8168517, 20.2863783 ] ], [ [ 85.8168517, 20.2863783 ], [ 85.81702, 20.28684 ] ], [ [ 85.81702, 20.28684 ], [ 85.8170861, 20.2868645 ] ], [ [ 85.8170861, 20.2868645 ], [ 85.8177832, 20.2870298 ] ], [ [ 85.8177832, 20.2870298 ], [ 85.8178247, 20.2870418 ] ], [ [ 85.8178247, 20.2870418 ], [ 85.8180738, 20.2871117 ] ], [ [ 85.8180738, 20.2871117 ], [ 85.8182182, 20.287156 ], [ 85.8184829, 20.2871707 ] ], [ [ 85.8184829, 20.2871707 ], [ 85.8186189, 20.2871146 ], [ 85.8188674, 20.2870341 ], [ 85.8190707, 20.2869875 ], [ 85.8191872, 20.286987 ] ], [ [ 85.8191872, 20.286987 ], [ 85.8193796, 20.2869502 ] ], [ [ 85.8193796, 20.2869502 ], [ 85.8195689, 20.2869044 ], [ 85.81965, 20.2868678 ] ], [ [ 85.81965, 20.2868678 ], [ 85.8201278, 20.2866442 ], [ 85.8201989, 20.2866149 ] ], [ [ 85.8201989, 20.2866149 ], [ 85.8204667, 20.2865044 ], [ 85.820512, 20.2864756 ] ], [ [ 85.820512, 20.2864756 ], [ 85.8207468, 20.2863264 ], [ 85.8209907, 20.2861442 ], [ 85.8213525, 20.2860495 ], [ 85.8216029, 20.2859876 ] ], [ [ 85.8216029, 20.2859876 ], [ 85.8216696, 20.2859737 ], [ 85.8217444, 20.2859582 ] ], [ [ 85.8217444, 20.2859582 ], [ 85.8223874, 20.2858265 ], [ 85.823596, 20.2855938 ], [ 85.8239496, 20.2854829 ] ], [ [ 85.8239496, 20.2854829 ], [ 85.8243687, 20.2854329 ] ], [ [ 85.8243687, 20.2854329 ], [ 85.8246925, 20.2854303 ] ], [ [ 85.8246925, 20.2854303 ], [ 85.8249399, 20.2854393 ] ], [ [ 85.8249399, 20.2854393 ], [ 85.8263015, 20.2855407 ] ], [ [ 85.8263015, 20.2855407 ], [ 85.82666, 20.28557 ], [ 85.8266781, 20.2855713 ] ], [ [ 85.8266781, 20.2855713 ], [ 85.826773, 20.2855779 ] ], [ [ 85.826773, 20.2855779 ], [ 85.8268522, 20.2849868 ] ], [ [ 85.8268522, 20.2849868 ], [ 85.8269524, 20.2842386 ], [ 85.8269758, 20.2839495 ], [ 85.8269804, 20.2837349 ], [ 85.8269738, 20.2834741 ] ], [ [ 85.8269738, 20.2834741 ], [ 85.8269711, 20.2833669 ], [ 85.8269481, 20.2830306 ] ], [ [ 85.8269481, 20.2830306 ], [ 85.82794, 20.28297 ] ], [ [ 85.82794, 20.28297 ], [ 85.8286645, 20.2829566 ] ], [ [ 85.8286645, 20.2829566 ], [ 85.8290281, 20.2829277 ] ], [ [ 85.8290281, 20.2829277 ], [ 85.8296556, 20.2828942 ] ], [ [ 85.8296556, 20.2828942 ], [ 85.82987, 20.28289 ] ], [ [ 85.82987, 20.28289 ], [ 85.8304189, 20.2828583 ] ], [ [ 85.8304189, 20.2828583 ], [ 85.8309134, 20.2828466 ] ], [ [ 85.8309134, 20.2828466 ], [ 85.830904, 20.2830259 ] ], [ [ 85.830904, 20.2830259 ], [ 85.8321046, 20.283154 ] ], [ [ 85.8321046, 20.283154 ], [ 85.8321147, 20.2833312 ], [ 85.8321153, 20.2833428 ] ], [ [ 85.8321153, 20.2833428 ], [ 85.8334002, 20.2833014 ] ], [ [ 85.8334002, 20.2833014 ], [ 85.8351463, 20.2832163 ] ], [ [ 85.8351463, 20.2832163 ], [ 85.8352018, 20.2832272 ] ], [ [ 85.8352018, 20.2832272 ], [ 85.83601, 20.2831659 ] ], [ [ 85.83601, 20.2831659 ], [ 85.8367315, 20.2830842 ] ], [ [ 85.8367315, 20.2830842 ], [ 85.8376032, 20.2830053 ] ], [ [ 85.8376032, 20.2830053 ], [ 85.8387051, 20.2828832 ] ], [ [ 85.8387051, 20.2828832 ], [ 85.8399251, 20.2827401 ] ], [ [ 85.8399251, 20.2827401 ], [ 85.8410324, 20.2825933 ] ], [ [ 85.8410324, 20.2825933 ], [ 85.841127, 20.2825807 ] ], [ [ 85.841127, 20.2825807 ], [ 85.8422641, 20.282452 ] ], [ [ 85.8422641, 20.282452 ], [ 85.8432579, 20.2823489 ], [ 85.8437787, 20.2822948 ] ], [ [ 85.8437787, 20.2822948 ], [ 85.8439109, 20.2823069 ] ], [ [ 85.8439109, 20.2823069 ], [ 85.8439844, 20.2816921 ] ], [ [ 85.8439844, 20.2816921 ], [ 85.8450509, 20.2817894 ] ], [ [ 85.8450509, 20.2817894 ], [ 85.8462267, 20.2819226 ] ], [ [ 85.8462267, 20.2819226 ], [ 85.8471742, 20.2820246 ] ], [ [ 85.8471742, 20.2820246 ], [ 85.8471118, 20.2815666 ] ], [ [ 85.8471118, 20.2815666 ], [ 85.8485158, 20.2814116 ] ] ] } },
{ "type": "Feature", "properties": { "route_id": "R_SYN048", "stop_id": "SYN048" }, "geometry": { "type": "MultiLineString", "coordinates": [ [ [ 85.7956882, 20.2733904 ], [ 85.7956242, 20.2730836 ], [ 85.7955946, 20.2730307 ], [ 85.7955213, 20.2729733 ], [ 85.7955018, 20.2728997 ], [ 85.7957248, 20.2724912 ] ], [ [ 85.7957248, 20.2724912 ], [ 85.795809, 20.2725261 ], [ 85.7960022, 20.272565 ], [ 85.7961624, 20.2725637 ] ], [ [ 85.7961624, 20.2725637 ], [ 85.7964029, 20.2725288 ], [ 85.7964995, 20.2725038 ], [ 85.7965888, 20.2724875 ], [ 85.7967526, 20.2724499 ], [ 85.7968487, 20.2725038 ], [ 85.7969664, 20.2725134 ], [ 85.7971879, 20.2724894 ] ], [ [ 85.7971879, 20.2724894 ], [ 85.797172, 20.272296 ] ], [ [ 85.797172, 20.272296 ], [ 85.7973646, 20.2723499 ], [ 85.7975134, 20.2723949 ], [ 85.7976709, 20.2723938 ], [ 85.7978406, 20.2723928 ], [ 85.7979713, 20.2724066 ], [ 85.7980724, 20.2724183 ] ], [ [ 85.7980724, 20.2724183 ], [ 85.7980894, 20.2724889 ], [ 85.7981441, 20.2726138 ] ], [ [ 85.7981441, 20.2726138 ], [ 85.7984022, 20.2729489 ], [ 85.7986636, 20.2734028 ], [ 85.798722, 20.273434 ], [ 85.7989328, 20.2735272 ], [ 85.7991862, 20.2737681 ], [ 85.7995137, 20.2739924 ] ], [ [ 85.7995137, 20.2739924 ], [ 85.799999, 20.2742208 ] ], [ [ 85.799999, 20.2742208 ], [ 85.800016, 20.2742288 ], [ 85.8004007, 20.2743246 ] ], [ [ 85.8004007, 20.2743246 ], [ 85.8005615, 20.2745986 ] ], [ [ 85.8005615, 20.2745986 ], [ 85.8008421, 20.2749758 ], [ 85.8010195, 20.2751889 ] ], [ [ 85.8010195, 20.2751889 ], [ 85.8013269, 20.2751855 ] ], [ [ 85.8013269, 20.2751855 ], [ 85.8015809, 20.27517 ], [ 85.8017735, 20.2751686 ] ], [ [ 85.8017735, 20.2751686 ], [ 85.8019562, 20.2751853 ], [ 85.8021852, 20.2751956 ], [ 85.8023173, 20.2751956 ] ], [ [ 85.8023173, 20.2751956 ], [ 85.802482, 20.2752022 ], [ 85.8027718, 20.2752354 ], [ 85.8029086, 20.2752573 ], [ 85.8030419, 20.2753034 ], [ 85.8031804, 20.2753695 ] ], [ [ 85.8031804, 20.2753695 ], [ 85.8035951, 20.2756 ] ], [ [ 85.8035951, 20.2756 ], [ 85.8036496, 20.2757286 ] ], [ [ 85.8036496, 20.2757286 ], [ 85.8037569, 20.27581 ] ], [ [ 85.8037569, 20.27581 ], [ 85.8040261, 20.2760246 ] ], [ [ 85.8040261, 20.2760246 ], [ 85.8041889, 20.2761741 ], [ 85.8044882, 20.2764697 ] ], [ [ 85.8044882, 20.2764697 ], [ 85.8054861, 20.2774676 ], [ 85.8055858, 20.2775696 ] ], [ [ 85.8055858, 20.2775696 ], [ 85.806398, 20.278396 ], [ 85.8065197, 20.2785206 ] ], [ [ 85.8065197, 20.2785206 ], [ 85.8070385, 20.2790515 ] ], [ [ 85.8070385, 20.2790515 ], [ 85.8079276, 20.2799384 ], [ 85.8084043, 20.2804138 ], [ 85.8090417, 20.2810557 ], [ 85.8101485, 20.2821703 ] ], [ [ 85.8101485, 20.2821703 ], [ 85.8100801, 20.2822425 ], [ 85.8096838, 20.2827116 ], [ 85.80891, 20.283598 ], [ 85.8088058, 20.2837211 ] ], [ [ 85.8088058, 20.2837211 ], [ 85.8087489, 20.2838052 ] ], [ [ 85.8087489, 20.2838052 ], [ 85.8083563, 20.2842239 ], [ 85.8080659, 20.2845301 ], [ 85.8079704, 20.2846143 ] ], [ [ 85.8079704, 20.2846143 ], [ 85.8078263, 20.2847413 ] ], [ [ 85.8078263, 20.2847413 ], [ 85.8077594, 20.2848166 ], [ 85.807691, 20.2848967 ], [ 85.8075977, 20.28501 ] ], [ [ 85.8075977, 20.28501 ], [ 85.807673, 20.2850486 ] ], [ [ 85.807673, 20.2850486 ], [ 85.808039, 20.2852786 ] ], [ [ 85.808039, 20.2852786 ], [ 85.8081644, 20.2853574 ] ], [ [ 85.8081644, 20.2853574 ], [ 85.8083484, 20.285473 ], [ 85.8098007, 20.2863515 ] ], [ [ 85.8098007, 20.2863515 ], [ 85.8099872, 20.2864643 ], [ 85.8102727, 20.2866269 ] ], [ [ 85.8102727, 20.2866269 ], [ 85.8107166, 20.2868997 ] ], [ [ 85.8107166, 20.2868997 ], [ 85.8107815, 20.2869308 ], [ 85.8119452, 20.2876321 ], [ 85.8129904, 20.2882798 ] ], [ [ 85.8129904, 20.2882798 ], [ 85.8133681, 20.2884959 ], [ 85.8140213, 20.2889173 ], [ 85.8142814, 20.2890851 ], [ 85.8148849, 20.2894531 ], [ 85.8154872, 20.2898326 ] ], [ [ 85.8154872, 20.2898326 ], [ 85.8163308, 20.2903155 ], [ 85.816802, 20.2906055 ], [ 85.817054, 20.2907557 ] ], [ [ 85.817054, 20.2907557 ], [ 85.818041, 20.2913513 ], [ 85.8182813, 20.2913942 ] ], [ [ 85.8182813, 20.2913942 ], [ 85.8186578, 20.2916106 ], [ 85.8190404, 20.2918509 ], [ 85.8191979, 20.2919537 ], [ 85.8193481, 20.2920543 ] ], [ [ 85.8193481, 20.2920543 ], [ 85.8196834, 20.2922581 ], [ 85.8221566, 20.2937097 ] ], [ [ 85.8221566, 20.2937097 ], [ 85.8222417, 20.2937597 ], [ 85.8243158, 20.2950694 ], [ 85.8245453, 20.2952148 ], [ 85.8249465, 20.2954576 ], [ 85.825362, 20.2957046 ], [ 85.8257032, 20.2958928 ], [ 85.8261358, 20.2960876 ], [ 85.8266986, 20.2963387 ], [ 85.8272003, 20.2965412 ], [ 85.8277046, 20.2966993 ], [ 85.8281386, 20.2968289 ], [ 85.8285125, 20.2969213 ], [ 85.8286427, 20.2969509 ] ], [ [ 85.8286427, 20.2969509 ], [ 85.8288892, 20.2970011 ], [ 85.82891, 20.2970053 ], [ 85.8291966, 20.2970568 ], [ 85.8294551, 20.297093 ], [ 85.8297427, 20.2971289 ], [ 85.830021, 20.2971536 ], [ 85.8304398, 20.2971837 ], [ 85.8308107, 20.2971931 ], [ 85.8311379, 20.2971886 ], [ 85.8315914, 20.2971767 ], [ 85.8320992, 20.2971411 ], [ 85.8325918, 20.297106 ], [ 85.8336596, 20.2970163 ], [ 85.8353685, 20.296863 ], [ 85.8364293, 20.2967677 ], [ 85.8375925, 20.2966831 ], [ 85.8387878, 20.2965794 ], [ 85.8399515, 20.2964977 ], [ 85.8404666, 20.2964606 ], [ 85.8419185, 20.2963574 ], [ 85.8420866, 20.2963441 ], [ 85.8432996, 20.2962288 ], [ 85.8448181, 20.2960857 ], [ 85.8467495, 20.2959386 ], [ 85.8472833, 20.2958933 ], [ 85.8476383, 20.2958617 ] ], [ [ 85.8476383, 20.2958617 ], [ 85.8491069, 20.2957312 ], [ 85.8510991, 20.2955873 ] ], [ [ 85.8510991, 20.2955873 ], [ 85.8512054, 20.2956537 ], [ 85.851371, 20.2956806 ], [ 85.851405, 20.2956808 ] ], [ [ 85.851405, 20.2956808 ], [ 85.8515624, 20.2956816 ] ], [ [ 85.8515624, 20.2956816 ], [ 85.8516146, 20.2956818 ], [ 85.8518701, 20.2956611 ], [ 85.8520272, 20.2956497 ], [ 85.8526322, 20.2956177 ], [ 85.852977, 20.2956055 ], [ 85.8541809, 20.295509 ], [ 85.8544951, 20.2954269 ], [ 85.854941, 20.2953675 ], [ 85.8558399, 20.2952638 ], [ 85.8564048, 20.2952344 ], [ 85.8564617, 20.29523 ], [ 85.856616, 20.2952283 ], [ 85.856877, 20.2952473 ], [ 85.8570252, 20.2952723 ], [ 85.8571284, 20.2953015 ], [ 85.8572265, 20.2953409 ] ], [ [ 85.8572265, 20.2953409 ], [ 85.8572378, 20.2953736 ] ], [ [ 85.8572378, 20.2953736 ], [ 85.8572825, 20.2954504 ], [ 85.8573473, 20.2955133 ], [ 85.8574276, 20.2955579 ], [ 85.8575176, 20.295581 ] ], [ [ 85.8575176, 20.295581 ], [ 85.8576148, 20.2955804 ], [ 85.8577081, 20.2955547 ] ], [ [ 85.8577081, 20.2955547 ], [ 85.8577714, 20.2955198 ], [ 85.8578256, 20.2954733 ], [ 85.8578682, 20.2954171 ], [ 85.8578974, 20.2953539 ], [ 85.8579117, 20.2952863 ], [ 85.8579107, 20.2952174 ], [ 85.8578944, 20.2951502 ] ], [ [ 85.8578944, 20.2951502 ], [ 85.8578511, 20.2950698 ], [ 85.8577892, 20.2950049 ] ], [ [ 85.8577892, 20.2950049 ], [ 85.8577228, 20.2948773 ], [ 85.8576966, 20.2948342 ], [ 85.8576407, 20.2947298 ], [ 85.8575817, 20.294621 ], [ 85.8575146, 20.2944866 ], [ 85.8574414, 20.2943159 ], [ 85.8573717, 20.2940142 ], [ 85.8573385, 20.2937673 ], [ 85.857315, 20.2934925 ] ], [ [ 85.857315, 20.2934925 ], [ 85.8573174, 20.2931684 ] ], [ [ 85.8573174, 20.2931684 ], [ 85.8573203, 20.2927637 ], [ 85.8573316, 20.2924096 ], [ 85.8573386, 20.292247 ], [ 85.8573478, 20.2920357 ], [ 85.8573828, 20.2913918 ], [ 85.8574082, 20.291076 ], [ 85.8574369, 20.2906564 ] ], [ [ 85.8574369, 20.2906564 ], [ 85.8574487, 20.2899826 ] ], [ [ 85.8574487, 20.2899826 ], [ 85.8574635, 20.2896601 ], [ 85.8574755, 20.2894135 ] ], [ [ 85.8574755, 20.2894135 ], [ 85.8575018, 20.2884475 ] ], [ [ 85.8575018, 20.2884475 ], [ 85.8575037, 20.2883765 ], [ 85.8575177, 20.2881273 ] ], [ [ 85.8575177, 20.2881273 ], [ 85.8575353, 20.2876796 ], [ 85.857561, 20.2873346 ], [ 85.8575718, 20.2869723 ], [ 85.8575711, 20.286403 ], [ 85.8575642, 20.28576 ] ], [ [ 85.8575642, 20.28576 ], [ 85.8577328, 20.2858598 ], [ 85.8578288, 20.2859247 ], [ 85.8579599, 20.2860439 ], [ 85.858019, 20.2860929 ], [ 85.8580881, 20.2861208 ], [ 85.8581487, 20.2861291 ], [ 85.8583325, 20.2861076 ] ], [ [ 85.8583325, 20.2861076 ], [ 85.8585963, 20.2860538 ], [ 85.8587088, 20.2860307 ] ], [ [ 85.8587088, 20.2860307 ], [ 85.8587969, 20.286028 ], [ 85.8588737, 20.2860244 ], [ 85.8589538, 20.2860316 ] ], [ [ 85.8589538, 20.2860316 ], [ 85.8590673, 20.286083 ], [ 85.8591262, 20.2861307 ], [ 85.8591861, 20.2861804 ], [ 85.8592407, 20.286229 ], [ 85.8593185, 20.2862946 ], [ 85.8593981, 20.2863575 ], [ 85.85944, 20.2864032 ], [ 85.8594624, 20.2864308 ] ], [ [ 85.8594624, 20.2864308 ], [ 85.8594798, 20.2864767 ], [ 85.8594957, 20.2865328 ] ], [ [ 85.8594957, 20.2865328 ], [ 85.8594924, 20.2869248 ] ] ] } },
{ "type": "Feature", "properties": { "route_id": "R_SYN049", "stop_id": "SYN049" }, "geometry": { "type": "MultiLineString", "coordinates": [ [ [ 85.7956882, 20.2733904 ], [ 85.7956242, 20.2730836 ], [ 85.7955946, 20.2730307 ], [ 85.7955213, 20.2729733 ], [ 85.7955018, 20.2728997 ], [ 85.7957248, 20.2724912 ] ], [ [ 85.7957248, 20.2724912 ], [ 85.795809, 20.2725261 ], [ 85.7960022, 20.272565 ], [ 85.7961624, 20.2725637 ] ], [ [ 85.7961624, 20.2725637 ], [ 85.7964029, 20.2725288 ], [ 85.7964995, 20.2725038 ], [ 85.7965888, 20.2724875 ], [ 85.7967526, 20.2724499 ], [ 85.7968487, 20.2725038 ], [ 85.7969664, 20.2725134 ], [ 85.7971879, 20.2724894 ] ], [ [ 85.7971879, 20.2724894 ], [ 85.797172, 20.272296 ] ], [ [ 85.797172, 20.272296 ], [ 85.7973646, 20.2723499 ], [ 85.7975134, 20.2723949 ], [ 85.7976709, 20.2723938 ], [ 85.7978406, 20.2723928 ], [ 85.7979713, 20.2724066 ], [ 85.7980724, 20.2724183 ] ], [ [ 85.7980724, 20.2724183 ], [ 85.7980894, 20.2724889 ], [ 85.7981441, 20.2726138 ] ], [ [ 85.7981441, 20.2726138 ], [ 85.7984022, 20.2729489 ], [ 85.7986636, 20.2734028 ], [ 85.798722, 20.273434 ], [ 85.7989328, 20.2735272 ], [ 85.7991862, 20.2737681 ], [ 85.7995137, 20.2739924 ] ], [ [ 85.7995137, 20.2739924 ], [ 85.799999, 20.2742208 ] ], [ [ 85.799999, 20.2742208 ], [ 85.800016, 20.2742288 ], [ 85.8004007, 20.2743246 ] ], [ [ 85.8004007, 20.2743246 ], [ 85.8005615, 20.2745986 ] ], [ [ 85.8005615, 20.2745986 ], [ 85.8008421, 20.2749758 ], [ 85.8010195, 20.2751889 ] ], [ [ 85.8010195, 20.2751889 ], [ 85.8013269, 20.2751855 ] ], [ [ 85.8013269, 20.2751855 ], [ 85.8015809, 20.27517 ], [ 85.8017735, 20.2751686 ] ], [ [ 85.8017735, 20.2751686 ], [ 85.8019562, 20.2751853 ], [ 85.8021852, 20.2751956 ], [ 85.8023173, 20.2751956 ] ], [ [ 85.8023173, 20.2751956 ], [ 85.802482, 20.2752022 ], [ 85.8027718, 20.2752354 ], [ 85.8029086, 20.2752573 ], [ 85.8030419, 20.2753034 ], [ 85.8031804, 20.2753695 ] ], [ [ 85.8031804, 20.2753695 ], [ 85.8035951, 20.2756 ] ], [ [ 85.8035951, 20.2756 ], [ 85.8036496, 20.2757286 ] ], [ [ 85.8036496, 20.2757286 ], [ 85.8037569, 20.27581 ] ], [ [ 85.8037569, 20.27581 ], [ 85.8040261, 20.2760246 ] ], [ [ 85.8040261, 20.2760246 ], [ 85.8041889, 20.2761741 ], [ 85.8044882, 20.2764697 ] ], [ [ 85.8044882, 20.2764697 ], [ 85.8054861, 20.2774676 ], [ 85.8055858, 20.2775696 ] ], [ [ 85.8055858, 20.2775696 ], [ 85.806398, 20.278396 ], [ 85.8065197, 20.2785206 ] ], [ [ 85.8065197, 20.2785206 ], [ 85.8070385, 20.2790515 ] ], [ [ 85.8070385, 20.2790515 ], [ 85.8079276, 20.2799384 ], [ 85.8084043, 20.2804138 ], [ 85.8090417, 20.2810557 ], [ 85.8101485, 20.2821703 ] ], [ [ 85.8101485, 20.2821703 ], [ 85.8100801, 20.2822425 ], [ 85.8096838, 20.2827116 ], [ 85.80891, 20.283598 ], [ 85.8088058, 20.2837211 ] ], [ [ 85.8088058, 20.2837211 ], [ 85.8087489, 20.2838052 ] ], [ [ 85.8087489, 20.2838052 ], [ 85.8083563, 20.2842239 ], [ 85.8080659, 20.2845301 ], [ 85.8079704, 20.2846143 ] ], [ [ 85.8079704, 20.2846143 ], [ 85.8078263, 20.2847413 ] ], [ [ 85.8078263, 20.2847413 ], [ 85.8077594, 20.2848166 ], [ 85.807691, 20.2848967 ], [ 85.8075977, 20.28501 ] ], [ [ 85.8075977, 20.28501 ], [ 85.807673, 20.2850486 ] ], [ [ 85.807673, 20.2850486 ], [ 85.808039, 20.2852786 ] ], [ [ 85.808039, 20.2852786 ], [ 85.8081644, 20.2853574 ] ], [ [ 85.8081644, 20.2853574 ], [ 85.8083484, 20.285473 ], [ 85.8098007, 20.2863515 ] ], [ [ 85.8098007, 20.2863515 ], [ 85.8099872, 20.2864643 ], [ 85.8102727, 20.2866269 ] ], [ [ 85.8102727, 20.2866269 ], [ 85.8107166, 20.2868997 ] ], [ [ 85.8107166, 20.2868997 ], [ 85.8107815, 20.2869308 ], [ 85.8119452, 20.2876321 ], [ 85.8129904, 20.2882798 ] ], [ [ 85.8129904, 20.2882798 ], [ 85.8133681, 20.2884959 ], [ 85.8140213, 20.2889173 ], [ 85.8142814, 20.2890851 ], [ 85.8148849, 20.2894531 ], [ 85.8154872, 20.2898326 ] ], [ [ 85.8154872, 20.2898326 ], [ 85.8163308, 20.2903155 ], [ 85.816802, 20.2906055 ], [ 85.817054, 20.2907557 ] ], [ [ 85.817054, 20.2907557 ], [ 85.818041, 20.2913513 ], [ 85.8182813, 20.2913942 ] ], [ [ 85.8182813, 20.2913942 ], [ 85.8186578, 20.2916106 ], [ 85.8190404, 20.2918509 ], [ 85.8191979, 20.2919537 ], [ 85.8193481, 20.2920543 ] ], [ [ 85.8193481, 20.2920543 ], [ 85.8194312, 20.2922178 ], [ 85.8194936, 20.2923015 ], [ 85.8196116, 20.2924053 ] ], [ [ 85.8196116, 20.2924053 ], [ 85.8197632, 20.2925053 ], [ 85.8201246, 20.2927137 ], [ 85.8211166, 20.2933258 ], [ 85.8220436, 20.2938827 ] ], [ [ 85.8220436, 20.2938827 ], [ 85.8224319, 20.294116 ], [ 85.8226638, 20.2942545 ] ], [ [ 85.8226638, 20.2942545 ], [ 85.8231079, 20.2945342 ] ], [ [ 85.8231079, 20.2945342 ], [ 85.8234946, 20.2947735 ], [ 85.8240815, 20.2951377 ] ], [ [ 85.8240815, 20.2951377 ], [ 85.8244504, 20.2953703 ], [ 85.8245589, 20.2954372 ], [ 85.8247124, 20.2955303 ] ], [ [ 85.8247124, 20.2955303 ], [ 85.8247025, 20.2955656 ] ], [ [ 85.8247025, 20.2955656 ], [ 85.8246141, 20.2958931 ], [ 85.8245702, 20.2960542 ] ], [ [ 85.8245702, 20.2960542 ], [ 85.8245486, 20.2961056 ], [ 85.8242981, 20.2969703 ] ], [ [ 85.8242981, 20.2969703 ], [ 85.8242557, 20.2971165 ] ], [ [ 85.8242557, 20.2971165 ], [ 85.824194, 20.2973251 ], [ 85.8239658, 20.2980723 ] ], [ [ 85.8239658, 20.2980723 ], [ 85.8236714, 20.2979898 ], [ 85.8235108, 20.2979611 ], [ 85.8233928, 20.2979661 ], [ 85.8232503, 20.2980099 ], [ 85.8231309, 20.2980716 ], [ 85.8230115, 20.2981332 ], [ 85.8222471, 20.2985306 ], [ 85.8218265, 20.2987586 ], [ 85.8214189, 20.2989407 ] ], [ [ 85.8214189, 20.2989407 ], [ 85.8214666, 20.2989853 ] ], [ [ 85.8214666, 20.2989853 ], [ 85.8212473, 20.2992885 ], [ 85.8212388, 20.2993421 ], [ 85.8212671, 20.2994 ], [ 85.8215672, 20.2996158 ], [ 85.8216395, 20.2996633 ] ], [ [ 85.8216395, 20.2996633 ], [ 85.8216268, 20.2997543 ], [ 85.8216225, 20.299793 ], [ 85.821624, 20.2998235 ], [ 85.8216317, 20.2998811 ], [ 85.8216306, 20.2999169 ], [ 85.8215954, 20.3000231 ] ] ] } },
{ "type": "Feature", "properties": { "route_id": "R_SYN050", "stop_id": "SYN050" }, "geometry": { "type": "MultiLineString", "coordinates": [ [ [ 85.7956882, 20.2733904 ], [ 85.7956242, 20.2730836 ], [ 85.7955946, 20.2730307 ], [ 85.7955213, 20.2729733 ], [ 85.7955018, 20.2728997 ], [ 85.7957248, 20.2724912 ] ], [ [ 85.7957248, 20.2724912 ], [ 85.795809, 20.2725261 ], [ 85.7960022, 20.272565 ], [ 85.7961624, 20.2725637 ] ], [ [ 85.7961624, 20.2725637 ], [ 85.7964029, 20.2725288 ], [ 85.7964995, 20.2725038 ], [ 85.7965888, 20.2724875 ], [ 85.7967526, 20.2724499 ], [ 85.7968487, 20.2725038 ], [ 85.7969664, 20.2725134 ], [ 85.7971879, 20.2724894 ] ], [ [ 85.7971879, 20.2724894 ], [ 85.797172, 20.272296 ] ], [ [ 85.797172, 20.272296 ], [ 85.7972477, 20.2717737 ] ], [ [ 85.7972477, 20.2717737 ], [ 85.7972829, 20.2716076 ], [ 85.7973396, 20.2714517 ] ], [ [ 85.7973396, 20.2714517 ], [ 85.7976219, 20.2705684 ] ], [ [ 85.7976219, 20.2705684 ], [ 85.7974156, 20.2701011 ] ], [ [ 85.7974156, 20.2701011 ], [ 85.7976264, 20.2698867 ], [ 85.7978678, 20.2696496 ] ], [ [ 85.7978678, 20.2696496 ], [ 85.7981696, 20.2694607 ] ], [ [ 85.7981696, 20.2694607 ], [ 85.798306, 20.2694218 ], [ 85.7983863, 20.2693967 ] ], [ [ 85.7983863, 20.2693967 ], [ 85.7985011, 20.2693608 ], [ 85.7990672, 20.2692097 ] ], [ [ 85.7990672, 20.2692097 ], [ 85.7990842, 20.269153 ], [ 85.7993499, 20.268549 ], [ 85.7994669, 20.2683272 ], [ 85.7997945, 20.2677534 ] ], [ [ 85.7997945, 20.2677534 ], [ 85.7997838, 20.2676623 ], [ 85.7997625, 20.267567 ] ], [ [ 85.7997625, 20.267567 ], [ 85.7996497, 20.2670635 ] ], [ [ 85.7996497, 20.2670635 ], [ 85.7996283, 20.2668118 ], [ 85.7996832, 20.266337 ] ], [ [ 85.7996832, 20.266337 ], [ 85.7997636, 20.2662554 ] ], [ [ 85.7997636, 20.2662554 ], [ 85.7998433, 20.2661769 ] ], [ [ 85.7998433, 20.2661769 ], [ 85.7998219, 20.2661302 ], [ 85.7997731, 20.2659815 ], [ 85.7995495, 20.2650872 ], [ 85.7994428, 20.2646202 ], [ 85.7994361, 20.2646005 ], [ 85.7993844, 20.2644498 ], [ 85.7993283, 20.264338 ], [ 85.7990645, 20.2638255 ], [ 85.7989991, 20.2636809 ] ], [ [ 85.7989991, 20.2636809 ], [ 85.7989664, 20.2635758 ], [ 85.7989291, 20.2633326 ], [ 85.7988229, 20.2622257 ], [ 85.798782, 20.2616976 ], [ 85.7987784, 20.2610302 ], [ 85.7987652, 20.2603764 ] ], [ [ 85.7987652, 20.2603764 ], [ 85.7987618, 20.2602104 ], [ 85.7987614, 20.2601663 ], [ 85.7987583, 20.2598651 ], [ 85.7987484, 20.2596743 ] ], [ [ 85.7987484, 20.2596743 ], [ 85.798737, 20.2594567 ], [ 85.7987304, 20.2592273 ] ], [ [ 85.7987304, 20.2592273 ], [ 85.7987194, 20.2588491 ], [ 85.7987156, 20.258782 ] ], [ [ 85.7987156, 20.258782 ], [ 85.7986956, 20.2584313 ] ], [ [ 85.7986956, 20.2584313 ], [ 85.7986802, 20.2581606 ] ], [ [ 85.7986802, 20.2581606 ], [ 85.798677, 20.2581052 ], [ 85.7986592, 20.2577932 ], [ 85.7986429, 20.2572478 ] ], [ [ 85.7986429, 20.2572478 ], [ 85.7986412, 20.2571922 ], [ 85.7986358, 20.2570111 ] ], [ [ 85.7986358, 20.2570111 ], [ 85.7986309, 20.2568469 ], [ 85.7985565, 20.2561967 ] ], [ [ 85.7985565, 20.2561967 ], [ 85.7985904, 20.25619 ], [ 85.7990022, 20.2560939 ], [ 85.7997103, 20.255841 ], [ 85.8002923, 20.2555743 ], [ 85.8006477, 20.2553717 ], [ 85.8010796, 20.2551578 ], [ 85.8014779, 20.2549829 ], [ 85.8016395, 20.2549073 ] ], [ [ 85.8016395, 20.2549073 ], [ 85.802139, 20.254681 ], [ 85.8024394, 20.2545463 ], [ 85.8029491, 20.254335 ], [ 85.8033259, 20.254179 ], [ 85.8036277, 20.2540557 ], [ 85.8038533, 20.2540048 ], [ 85.8039568, 20.2539805 ], [ 85.8040628, 20.2539628 ], [ 85.8041581, 20.2539522 ], [ 85.8042776, 20.2539431 ], [ 85.8043639, 20.2539529 ], [ 85.804535, 20.2540091 ], [ 85.8048082, 20.254131 ] ], [ [ 85.8048082, 20.254131 ], [ 85.804842, 20.2541335 ], [ 85.8048748, 20.2541225 ], [ 85.8049279, 20.2540928 ], [ 85.8050325, 20.2540324 ], [ 85.8052526, 20.2538991 ], [ 85.8054686, 20.2537607 ] ], [ [ 85.8054686, 20.2537607 ], [ 85.8054476, 20.2536954 ], [ 85.8054076, 20.253565 ], [ 85.8053903, 20.2534901 ], [ 85.8053643, 20.2534064 ] ], [ [ 85.8053643, 20.2534064 ], [ 85.8053106, 20.2534292 ] ], [ [ 85.8053106, 20.2534292 ], [ 85.8052017, 20.2529761 ], [ 85.8051786, 20.2525787 ], [ 85.8051557, 20.2523338 ] ], [ [ 85.8051557, 20.2523338 ], [ 85.805101, 20.2517499 ] ], [ [ 85.805101, 20.2517499 ], [ 85.8054042, 20.2517238 ] ], [ [ 85.8054042, 20.2517238 ], [ 85.805646, 20.25172 ] ], [ [ 85.805646, 20.25172 ], [ 85.8058244, 20.2517188 ], [ 85.8061047, 20.2517214 ] ], [ [ 85.8061047, 20.2517214 ], [ 85.8060992, 20.2514752 ], [ 85.8060992, 20.2510871 ] ], [ [ 85.8060992, 20.2510871 ], [ 85.8061158, 20.250727 ], [ 85.8061265, 20.2506621 ] ], [ [ 85.8061265, 20.2506621 ], [ 85.8061812, 20.2503303 ] ], [ [ 85.8061812, 20.2503303 ], [ 85.8062018, 20.2502053 ], [ 85.8062945, 20.2496651 ] ], [ [ 85.8062945, 20.2496651 ], [ 85.8063772, 20.2492925 ], [ 85.806425, 20.2490284 ] ], [ [ 85.806425, 20.2490284 ], [ 85.8064857, 20.2486931 ] ], [ [ 85.8064857, 20.2486931 ], [ 85.8065181, 20.2483057 ] ], [ [ 85.8065181, 20.2483057 ], [ 85.8065587, 20.2480964 ] ], [ [ 85.8065587, 20.2480964 ], [ 85.8066175, 20.2477931 ] ], [ [ 85.8066175, 20.2477931 ], [ 85.8066859, 20.2477596 ], [ 85.8067363, 20.2477307 ], [ 85.8068304, 20.2476036 ], [ 85.8068903, 20.2475694 ], [ 85.8069804, 20.2475475 ], [ 85.807037, 20.2475204 ] ], [ [ 85.807037, 20.2475204 ], [ 85.8070574, 20.2474529 ], [ 85.8071028, 20.2471473 ] ], [ [ 85.8071028, 20.2471473 ], [ 85.8071274, 20.2469802 ], [ 85.8071555, 20.2467371 ], [ 85.8071631, 20.2464927 ] ], [ [ 85.8071631, 20.2464927 ], [ 85.8076652, 20.2464969 ] ], [ [ 85.8076652, 20.2464969 ], [ 85.808399, 20.2465011 ] ] ] } },
{ "type": "Feature", "properties": { "route_id": "R_SYN051", "stop_id": "SYN051" }, "geometry": { "type": "MultiLineString", "coordinates": [ [ [ 85.7956882, 20.2733904 ], [ 85.7956242, 20.2730836 ], [ 85.7955946, 20.2730307 ], [ 85.7955213, 20.2729733 ], [ 85.7955018, 20.2728997 ], [ 85.7957248, 20.2724912 ] ], [ [ 85.7957248, 20.2724912 ], [ 85.795809, 20.2725261 ], [ 85.7960022, 20.272565 ], [ 85.7961624, 20.2725637 ] ], [ [ 85.7961624, 20.2725637 ], [ 85.7964029, 20.2725288 ], [ 85.7964995, 20.2725038 ], [ 85.7965888, 20.2724875 ], [ 85.7967526, 20.2724499 ], [ 85.7968487, 20.2725038 ], [ 85.7969664, 20.2725134 ], [ 85.7971879, 20.2724894 ] ], [ [ 85.7971879, 20.2724894 ], [ 85.797172, 20.272296 ] ], [ [ 85.797172, 20.272296 ], [ 85.7972477, 20.2717737 ] ], [ [ 85.7972477, 20.2717737 ], [ 85.7972829, 20.2716076 ], [ 85.7973396, 20.2714517 ] ], [ [ 85.7973396, 20.2714517 ], [ 85.7976219, 20.2705684 ] ], [ [ 85.7976219, 20.2705684 ], [ 85.7974156, 20.2701011 ] ], [ [ 85.7974156, 20.2701011 ], [ 85.7976264, 20.2698867 ], [ 85.7978678, 20.2696496 ] ], [ [ 85.7978678, 20.2696496 ], [ 85.7981696, 20.2694607 ] ], [ [ 85.7981696, 20.2694607 ], [ 85.798306, 20.2694218 ], [ 85.7983863, 20.2693967 ] ], [ [ 85.7983863, 20.2693967 ], [ 85.7985011, 20.2693608 ], [ 85.7990672, 20.2692097 ] ], [ [ 85.7990672, 20.2692097 ], [ 85.7990842, 20.269153 ], [ 85.7993499, 20.268549 ], [ 85.7994669, 20.2683272 ], [ 85.7997945, 20.2677534 ] ], [ [ 85.7997945, 20.2677534 ], [ 85.7997838, 20.2676623 ], [ 85.7997625, 20.267567 ] ], [ [ 85.7997625, 20.267567 ], [ 85.7996497, 20.2670635 ] ], [ [ 85.7996497, 20.2670635 ], [ 85.7996283, 20.2668118 ], [ 85.7996832, 20.266337 ] ], [ [ 85.7996832, 20.266337 ], [ 85.7997636, 20.2662554 ] ], [ [ 85.7997636, 20.2662554 ], [ 85.7998433, 20.2661769 ] ], [ [ 85.7998433, 20.2661769 ], [ 85.7998219, 20.2661302 ], [ 85.7997731, 20.2659815 ], [ 85.7995495, 20.2650872 ], [ 85.7994428, 20.2646202 ], [ 85.7994361, 20.2646005 ], [ 85.7993844, 20.2644498 ], [ 85.7993283, 20.264338 ], [ 85.7990645, 20.2638255 ], [ 85.7989991, 20.2636809 ] ], [ [ 85.7989991, 20.2636809 ], [ 85.7989664, 20.2635758 ], [ 85.7989291, 20.2633326 ], [ 85.7988229, 20.2622257 ], [ 85.798782, 20.2616976 ], [ 85.7987784, 20.2610302 ], [ 85.7987652, 20.2603764 ] ], [ [ 85.7987652, 20.2603764 ], [ 85.7987618, 20.2602104 ], [ 85.7987614, 20.2601663 ], [ 85.7987583, 20.2598651 ], [ 85.7987484, 20.2596743 ] ], [ [ 85.7987484, 20.2596743 ], [ 85.798737, 20.2594567 ], [ 85.7987304, 20.2592273 ] ], [ [ 85.7987304, 20.2592273 ], [ 85.7987194, 20.2588491 ], [ 85.7987156, 20.258782 ] ], [ [ 85.7987156, 20.258782 ], [ 85.7986956, 20.2584313 ] ], [ [ 85.7986956, 20.2584313 ], [ 85.7986802, 20.2581606 ] ], [ [ 85.7986802, 20.2581606 ], [ 85.798677, 20.2581052 ], [ 85.7986592, 20.2577932 ], [ 85.7986429, 20.2572478 ] ], [ [ 85.7986429, 20.2572478 ], [ 85.7986412, 20.2571922 ], [ 85.7986358, 20.2570111 ] ], [ [ 85.7986358, 20.2570111 ], [ 85.7986309, 20.2568469 ], [ 85.7985565, 20.2561967 ] ], [ [ 85.7985565, 20.2561967 ], [ 85.7985904, 20.25619 ], [ 85.7990022, 20.2560939 ], [ 85.7997103, 20.255841 ], [ 85.8002923, 20.2555743 ], [ 85.8006477, 20.2553717 ], [ 85.8010796, 20.2551578 ], [ 85.8014779, 20.2549829 ], [ 85.8016395, 20.2549073 ] ], [ [ 85.8016395, 20.2549073 ], [ 85.802139, 20.254681 ], [ 85.8024394, 20.2545463 ], [ 85.8029491, 20.254335 ], [ 85.8033259, 20.254179 ], [ 85.8036277, 20.2540557 ], [ 85.8038533, 20.2540048 ], [ 85.8039568, 20.2539805 ], [ 85.8040628, 20.2539628 ], [ 85.8041581, 20.2539522 ], [ 85.8042776, 20.2539431 ], [ 85.8043639, 20.2539529 ], [ 85.804535, 20.2540091 ], [ 85.8048082, 20.254131 ] ], [ [ 85.8048082, 20.254131 ], [ 85.804842, 20.2541335 ], [ 85.8048748, 20.2541225 ], [ 85.8049279, 20.2540928 ], [ 85.8050325, 20.2540324 ], [ 85.8052526, 20.2538991 ], [ 85.8054686, 20.2537607 ] ], [ [ 85.8054686, 20.2537607 ], [ 85.8057639, 20.2535792 ], [ 85.806125, 20.2532789 ], [ 85.8062549, 20.2531649 ], [ 85.8066338, 20.2528906 ], [ 85.8069527, 20.2526788 ], [ 85.8069996, 20.2526523 ], [ 85.8071645, 20.2525589 ], [ 85.8072232, 20.2525257 ], [ 85.807761, 20.2522665 ], [ 85.8083305, 20.2519573 ] ], [ [ 85.8083305, 20.2519573 ], [ 85.8084074, 20.2519155 ], [ 85.8085635, 20.2518316 ] ], [ [ 85.8085635, 20.2518316 ], [ 85.8090641, 20.2515613 ] ], [ [ 85.8090641, 20.2515613 ], [ 85.8091959, 20.2514852 ], [ 85.8092348, 20.2514449 ], [ 85.8092751, 20.2513782 ], [ 85.8092983, 20.2513167 ] ], [ [ 85.8092983, 20.2513167 ], [ 85.8093207, 20.2512574 ], [ 85.809499, 20.2506812 ], [ 85.8096008, 20.2503743 ], [ 85.8098088, 20.2497476 ], [ 85.8100583, 20.2489599 ], [ 85.8102809, 20.2482352 ], [ 85.8104056, 20.2478728 ], [ 85.8104458, 20.2477256 ], [ 85.810466, 20.2476136 ], [ 85.8104579, 20.2474639 ], [ 85.8103681, 20.2464724 ], [ 85.8103375, 20.2461714 ] ], [ [ 85.8103375, 20.2461714 ], [ 85.8102645, 20.2454531 ], [ 85.8101803, 20.2449588 ], [ 85.8101602, 20.2446983 ], [ 85.8101407, 20.2443741 ] ], [ [ 85.8101407, 20.2443741 ], [ 85.8101387, 20.2443409 ], [ 85.8101365, 20.2442747 ] ], [ [ 85.8101365, 20.2442747 ], [ 85.8101267, 20.2439748 ], [ 85.8101106, 20.2431531 ], [ 85.8101025, 20.2425404 ], [ 85.8100945, 20.2423755 ], [ 85.8100475, 20.242027 ], [ 85.8099134, 20.2410933 ], [ 85.8098464, 20.2406039 ], [ 85.8098195, 20.2404252 ], [ 85.8098155, 20.2402352 ], [ 85.8098343, 20.2400414 ], [ 85.8099563, 20.2396778 ], [ 85.8101991, 20.2391191 ], [ 85.8106108, 20.2382118 ], [ 85.8108495, 20.2378029 ], [ 85.8109324, 20.2376884 ], [ 85.8111284, 20.2374176 ], [ 85.8111446, 20.2373952 ], [ 85.8111958, 20.2373423 ] ], [ [ 85.8111958, 20.2373423 ], [ 85.8112132, 20.2373517 ], [ 85.8112484, 20.2373572 ], [ 85.8112837, 20.2373512 ], [ 85.8113146, 20.2373342 ], [ 85.8113374, 20.2373083 ] ], [ [ 85.8113374, 20.2373083 ], [ 85.8113494, 20.2372767 ], [ 85.8113491, 20.2372432 ], [ 85.8113367, 20.2372116 ] ], [ [ 85.8113367, 20.2372116 ], [ 85.8114914, 20.2370562 ] ], [ [ 85.8114914, 20.2370562 ], [ 85.8118343, 20.236711 ], [ 85.8123955, 20.236063 ], [ 85.812723, 20.2356688 ], [ 85.8135974, 20.2347427 ], [ 85.8139569, 20.2341236 ], [ 85.8146975, 20.2332087 ], [ 85.814791, 20.2331169 ], [ 85.8148929, 20.233059 ], [ 85.8150555, 20.2330285 ], [ 85.8152077, 20.2330234 ], [ 85.8154665, 20.2330873 ], [ 85.8157103, 20.2331649 ], [ 85.8159541, 20.2332596 ], [ 85.8161244, 20.2333366 ], [ 85.8162982, 20.2334081 ] ], [ [ 85.8162982, 20.2334081 ], [ 85.8162929, 20.2334319 ], [ 85.8162957, 20.2334557 ], [ 85.8163062, 20.2334775 ], [ 85.8163233, 20.2334952 ], [ 85.8163509, 20.233507 ], [ 85.816373, 20.233512 ], [ 85.8164007, 20.2335078 ], [ 85.8164253, 20.2334951 ] ], [ [ 85.8164253, 20.2334951 ], [ 85.8164438, 20.2334754 ] ], [ [ 85.8164438, 20.2334754 ], [ 85.8164552, 20.2334444 ], [ 85.8164518, 20.2334118 ] ], [ [ 85.8164518, 20.2334118 ], [ 85.8164341, 20.2333835 ], [ 85.8164054, 20.2333648 ] ], [ [ 85.8164054, 20.2333648 ], [ 85.8163928, 20.2333272 ], [ 85.8163736, 20.2332957 ], [ 85.8163139, 20.2332388 ], [ 85.8162748, 20.233216 ] ], [ [ 85.8162748, 20.233216 ], [ 85.815016, 20.2327891 ], [ 85.8149855, 20.2327508 ], [ 85.8149732, 20.2326705 ] ], [ [ 85.8149732, 20.2326705 ], [ 85.8149863, 20.2326016 ], [ 85.8150417, 20.23251 ], [ 85.8153511, 20.2319989 ], [ 85.815446, 20.2318042 ], [ 85.8155083, 20.2316446 ] ] ] } },
{ "type": "Feature", "properties": { "route_id": "R_SYN052", "stop_id": "SYN052" }, "geometry": { "type": "MultiLineString", "coordinates": [ [ [ 85.7956882, 20.2733904 ], [ 85.7956242, 20.2730836 ], [ 85.7955946, 20.2730307 ], [ 85.7955213, 20.2729733 ], [ 85.7955018, 20.2728997 ], [ 85.7957248, 20.2724912 ] ], [ [ 85.7957248, 20.2724912 ], [ 85.795809, 20.2725261 ], [ 85.7960022, 20.272565 ], [ 85.7961624, 20.2725637 ] ], [ [ 85.7961624, 20.2725637 ], [ 85.7964029, 20.2725288 ], [ 85.7964995, 20.2725038 ], [ 85.7965888, 20.2724875 ], [ 85.7967526, 20.2724499 ], [ 85.7968487, 20.2725038 ], [ 85.7969664, 20.2725134 ], [ 85.7971879, 20.2724894 ] ], [ [ 85.7971879, 20.2724894 ], [ 85.797172, 20.272296 ] ], [ [ 85.797172, 20.272296 ], [ 85.7972477, 20.2717737 ] ], [ [ 85.7972477, 20.2717737 ], [ 85.7972829, 20.2716076 ], [ 85.7973396, 20.2714517 ] ], [ [ 85.7973396, 20.2714517 ], [ 85.7976219, 20.2705684 ] ], [ [ 85.7976219, 20.2705684 ], [ 85.7974156, 20.2701011 ] ], [ [ 85.7974156, 20.2701011 ], [ 85.7976264, 20.2698867 ], [ 85.7978678, 20.2696496 ] ], [ [ 85.7978678, 20.2696496 ], [ 85.7981696, 20.2694607 ] ], [ [ 85.7981696, 20.2694607 ], [ 85.798306, 20.2694218 ], [ 85.7983863, 20.2693967 ] ], [ [ 85.7983863, 20.2693967 ], [ 85.7985011, 20.2693608 ], [ 85.7990672, 20.2692097 ] ], [ [ 85.7990672, 20.2692097 ], [ 85.7990842, 20.269153 ], [ 85.7993499, 20.268549 ], [ 85.7994669, 20.2683272 ], [ 85.7997945, 20.2677534 ] ], [ [ 85.7997945, 20.2677534 ], [ 85.7997838, 20.2676623 ], [ 85.7997625, 20.267567 ] ], [ [ 85.7997625, 20.267567 ], [ 85.7996497, 20.2670635 ] ], [ [ 85.7996497, 20.2670635 ], [ 85.7996283, 20.2668118 ], [ 85.7996832, 20.266337 ] ], [ [ 85.7996832, 20.266337 ], [ 85.7997636, 20.2662554 ] ], [ [ 85.7997636, 20.2662554 ], [ 85.7998433, 20.2661769 ] ], [ [ 85.7998433, 20.2661769 ], [ 85.7998219, 20.2661302 ], [ 85.7997731, 20.2659815 ], [ 85.7995495, 20.2650872 ], [ 85.7994428, 20.2646202 ], [ 85.7994361, 20.2646005 ], [ 85.7993844, 20.2644498 ], [ 85.7993283, 20.264338 ], [ 85.7990645, 20.2638255 ], [ 85.7989991, 20.2636809 ] ], [ [ 85.7989991, 20.2636809 ], [ 85.7989664, 20.2635758 ], [ 85.7989291, 20.2633326 ], [ 85.7988229, 20.2622257 ], [ 85.798782, 20.2616976 ], [ 85.7987784, 20.2610302 ], [ 85.7987652, 20.2603764 ] ], [ [ 85.7987652, 20.2603764 ], [ 85.7987618, 20.2602104 ], [ 85.7987614, 20.2601663 ], [ 85.7987583, 20.2598651 ], [ 85.7987484, 20.2596743 ] ], [ [ 85.7987484, 20.2596743 ], [ 85.798737, 20.2594567 ], [ 85.7987304, 20.2592273 ] ], [ [ 85.7987304, 20.2592273 ], [ 85.7987194, 20.2588491 ], [ 85.7987156, 20.258782 ] ], [ [ 85.7987156, 20.258782 ], [ 85.7986956, 20.2584313 ] ], [ [ 85.7986956, 20.2584313 ], [ 85.7986802, 20.2581606 ] ], [ [ 85.7986802, 20.2581606 ], [ 85.798677, 20.2581052 ], [ 85.7986592, 20.2577932 ], [ 85.7986429, 20.2572478 ] ], [ [ 85.7986429, 20.2572478 ], [ 85.7986412, 20.2571922 ], [ 85.7986358, 20.2570111 ] ], [ [ 85.7986358, 20.2570111 ], [ 85.7986309, 20.2568469 ], [ 85.7985565, 20.2561967 ] ], [ [ 85.7985565, 20.2561967 ], [ 85.7985904, 20.25619 ], [ 85.7990022, 20.2560939 ], [ 85.7997103, 20.255841 ], [ 85.8002923, 20.2555743 ], [ 85.8006477, 20.2553717 ], [ 85.8010796, 20.2551578 ], [ 85.8014779, 20.2549829 ], [ 85.8016395, 20.2549073 ] ], [ [ 85.8016395, 20.2549073 ], [ 85.802139, 20.254681 ], [ 85.8024394, 20.2545463 ], [ 85.8029491, 20.254335 ], [ 85.8033259, 20.254179 ], [ 85.8036277, 20.2540557 ], [ 85.8038533, 20.2540048 ], [ 85.8039568, 20.2539805 ], [ 85.8040628, 20.2539628 ], [ 85.8041581, 20.2539522 ], [ 85.8042776, 20.2539431 ], [ 85.8043639, 20.2539529 ], [ 85.804535, 20.2540091 ], [ 85.8048082, 20.254131 ] ], [ [ 85.8048082, 20.254131 ], [ 85.804842, 20.2541335 ], [ 85.8048748, 20.2541225 ], [ 85.8049279, 20.2540928 ], [ 85.8050325, 20.2540324 ], [ 85.8052526, 20.2538991 ], [ 85.8054686, 20.2537607 ] ], [ [ 85.8054686, 20.2537607 ], [ 85.8057639, 20.2535792 ], [ 85.806125, 20.2532789 ], [ 85.8062549, 20.2531649 ], [ 85.8066338, 20.2528906 ], [ 85.8069527, 20.2526788 ], [ 85.8069996, 20.2526523 ], [ 85.8071645, 20.2525589 ], [ 85.8072232, 20.2525257 ], [ 85.807761, 20.2522665 ], [ 85.8083305, 20.2519573 ] ], [ [ 85.8083305, 20.2519573 ], [ 85.8084074, 20.2519155 ], [ 85.8085635, 20.2518316 ] ], [ [ 85.8085635, 20.2518316 ], [ 85.8090641, 20.2515613 ] ], [ [ 85.8090641, 20.2515613 ], [ 85.8091959, 20.2514852 ], [ 85.8092348, 20.2514449 ], [ 85.8092751, 20.2513782 ], [ 85.8092983, 20.2513167 ] ], [ [ 85.8092983, 20.2513167 ], [ 85.8093207, 20.2512574 ], [ 85.809499, 20.2506812 ], [ 85.8096008, 20.2503743 ], [ 85.8098088, 20.2497476 ], [ 85.8100583, 20.2489599 ], [ 85.8102809, 20.2482352 ], [ 85.8104056, 20.2478728 ], [ 85.8104458, 20.2477256 ], [ 85.810466, 20.2476136 ], [ 85.8104579, 20.2474639 ], [ 85.8103681, 20.2464724 ], [ 85.8103375, 20.2461714 ] ], [ [ 85.8103375, 20.2461714 ], [ 85.8102645, 20.2454531 ], [ 85.8101803, 20.2449588 ], [ 85.8101602, 20.2446983 ], [ 85.8101407, 20.2443741 ] ], [ [ 85.8101407, 20.2443741 ], [ 85.8101387, 20.2443409 ], [ 85.8101365, 20.2442747 ] ], [ [ 85.8101365, 20.2442747 ], [ 85.8101267, 20.2439748 ], [ 85.8101106, 20.2431531 ], [ 85.8101025, 20.2425404 ], [ 85.8100945, 20.2423755 ], [ 85.8100475, 20.242027 ], [ 85.8099134, 20.2410933 ], [ 85.8098464, 20.2406039 ], [ 85.8098195, 20.2404252 ], [ 85.8098155, 20.2402352 ], [ 85.8098343, 20.2400414 ], [ 85.8099563, 20.2396778 ], [ 85.8101991, 20.2391191 ], [ 85.8106108, 20.2382118 ], [ 85.8108495, 20.2378029 ], [ 85.8109324, 20.2376884 ], [ 85.8111284, 20.2374176 ], [ 85.8111446, 20.2373952 ], [ 85.8111958, 20.2373423 ] ], [ [ 85.8111958, 20.2373423 ], [ 85.8112132, 20.2373517 ], [ 85.8112484, 20.2373572 ], [ 85.8112837, 20.2373512 ], [ 85.8113146, 20.2373342 ], [ 85.8113374, 20.2373083 ] ], [ [ 85.8113374, 20.2373083 ], [ 85.811413, 20.2373548 ] ], [ [ 85.811413, 20.2373548 ], [ 85.8115375, 20.237214 ], [ 85.8123958, 20.2362829 ] ], [ [ 85.8123958, 20.2362829 ], [ 85.8126121, 20.235992 ] ], [ [ 85.8126121, 20.235992 ], [ 85.8128958, 20.2362134 ] ] ] } },
{ "type": "Feature", "properties": { "route_id": "R_SYN053", "stop_id": "SYN053" }, "geometry": { "type": "MultiLineString", "coordinates": [ [ [ 85.7956882, 20.2733904 ], [ 85.7956242, 20.2730836 ], [ 85.7955946, 20.2730307 ], [ 85.7955213, 20.2729733 ], [ 85.7955018, 20.2728997 ], [ 85.7957248, 20.2724912 ] ], [ [ 85.7957248, 20.2724912 ], [ 85.795809, 20.2725261 ], [ 85.7960022, 20.272565 ], [ 85.7961624, 20.2725637 ] ], [ [ 85.7961624, 20.2725637 ], [ 85.7964029, 20.2725288 ], [ 85.7964995, 20.2725038 ], [ 85.7965888, 20.2724875 ], [ 85.7967526, 20.2724499 ], [ 85.7968487, 20.2725038 ], [ 85.7969664, 20.2725134 ], [ 85.7971879, 20.2724894 ] ], [ [ 85.7971879, 20.2724894 ], [ 85.797172, 20.272296 ] ], [ [ 85.797172, 20.272296 ], [ 85.7972477, 20.2717737 ] ], [ [ 85.7972477, 20.2717737 ], [ 85.7975255, 20.2717888 ], [ 85.7977045, 20.2717707 ], [ 85.7978663, 20.2717358 ] ], [ [ 85.7978663, 20.2717358 ], [ 85.7981349, 20.271675 ] ], [ [ 85.7981349, 20.271675 ], [ 85.7983505, 20.2716077 ], [ 85.7984191, 20.2715274 ], [ 85.7984898, 20.2714498 ] ], [ [ 85.7984898, 20.2714498 ], [ 85.7986237, 20.2714557 ], [ 85.798756, 20.2714805 ], [ 85.7989082, 20.271465 ], [ 85.7989942, 20.2714246 ], [ 85.7990505, 20.2712074 ], [ 85.7990802, 20.2710119 ], [ 85.7992192, 20.2709343 ], [ 85.7993081, 20.2708896 ] ], [ [ 85.7993081, 20.2708896 ], [ 85.7994044, 20.2708412 ], [ 85.7995401, 20.2707512 ], [ 85.7996129, 20.2706798 ], [ 85.7999083, 20.2705607 ], [ 85.7997176, 20.2699327 ] ], [ [ 85.7997176, 20.2699327 ], [ 85.799982, 20.2697882 ] ], [ [ 85.799982, 20.2697882 ], [ 85.8001269, 20.2696868 ], [ 85.8005527, 20.2696131 ] ], [ [ 85.8005527, 20.2696131 ], [ 85.800667, 20.2698519 ] ], [ [ 85.800667, 20.2698519 ], [ 85.801248, 20.2693828 ], [ 85.8014922, 20.2691786 ], [ 85.801763, 20.2689876 ], [ 85.8019317, 20.268979 ] ], [ [ 85.8019317, 20.268979 ], [ 85.8023185, 20.2694218 ] ], [ [ 85.8023185, 20.2694218 ], [ 85.8029987, 20.2690059 ], [ 85.8032486, 20.2687671 ] ], [ [ 85.8032486, 20.2687671 ], [ 85.803749, 20.2690569 ], [ 85.8041913, 20.269319 ] ], [ [ 85.8041913, 20.269319 ], [ 85.8052733, 20.2698734 ] ], [ [ 85.8052733, 20.2698734 ], [ 85.8059109, 20.2702311 ], [ 85.8060087, 20.2702905 ], [ 85.8065427, 20.270607 ], [ 85.8067635, 20.2707515 ] ], [ [ 85.8067635, 20.2707515 ], [ 85.8068376, 20.2708031 ] ], [ [ 85.8068376, 20.2708031 ], [ 85.8068528, 20.270789 ], [ 85.8069183, 20.2707315 ] ], [ [ 85.8069183, 20.2707315 ], [ 85.8071166, 20.2705576 ] ], [ [ 85.8071166, 20.2705576 ], [ 85.8074254, 20.2702742 ] ], [ [ 85.8074254, 20.2702742 ], [ 85.80776, 20.2699615 ] ], [ [ 85.80776, 20.2699615 ], [ 85.8084125, 20.2703413 ] ], [ [ 85.8084125, 20.2703413 ], [ 85.8089, 20.270625 ] ], [ [ 85.8089, 20.270625 ], [ 85.80951, 20.27098 ] ], [ [ 85.80951, 20.27098 ], [ 85.8098679, 20.2711882 ] ], [ [ 85.8098679, 20.2711882 ], [ 85.8105547, 20.271588 ] ], [ [ 85.8105547, 20.271588 ], [ 85.8106243, 20.2716285 ] ], [ [ 85.8106243, 20.2716285 ], [ 85.8110956, 20.2719027 ] ], [ [ 85.8110956, 20.2719027 ], [ 85.8116198, 20.271367 ] ], [ [ 85.8116198, 20.271367 ], [ 85.8117746, 20.2712072 ] ], [ [ 85.8117746, 20.2712072 ], [ 85.8123123, 20.2706525 ] ], [ [ 85.8123123, 20.2706525 ], [ 85.812901, 20.2700178 ] ], [ [ 85.812901, 20.2700178 ], [ 85.8130322, 20.2699614 ], [ 85.8131277, 20.2699016 ] ], [ [ 85.8131277, 20.2699016 ], [ 85.8131573, 20.2698958 ], [ 85.8131835, 20.2698818 ], [ 85.8132041, 20.2698611 ] ], [ [ 85.8132041, 20.2698611 ], [ 85.8134551, 20.2697939 ], [ 85.8136952, 20.2697686 ] ], [ [ 85.8136952, 20.2697686 ], [ 85.8143293, 20.269715 ], [ 85.8153826, 20.2696086 ], [ 85.815622, 20.2695632 ] ], [ [ 85.815622, 20.2695632 ], [ 85.8164381, 20.2694086 ], [ 85.816954, 20.2692947 ], [ 85.8179763, 20.2690708 ], [ 85.818406, 20.2690449 ], [ 85.8185577, 20.2690513 ], [ 85.8185965, 20.269053 ], [ 85.819113, 20.2691249 ], [ 85.81964, 20.26924 ], [ 85.8202861, 20.2694656 ], [ 85.8215069, 20.2699828 ], [ 85.821612, 20.2700104 ], [ 85.8217764, 20.2700424 ] ], [ [ 85.8217764, 20.2700424 ], [ 85.8217717, 20.2701022 ], [ 85.8218023, 20.270181 ], [ 85.8218305, 20.270216 ], [ 85.8218772, 20.2702624 ], [ 85.8219201, 20.2702972 ], [ 85.8219814, 20.2703291 ], [ 85.822086, 20.2703517 ] ], [ [ 85.822086, 20.2703517 ], [ 85.8221932, 20.270348 ], [ 85.8223066, 20.270303 ], [ 85.8223552, 20.2702549 ] ], [ [ 85.8223552, 20.2702549 ], [ 85.8223957, 20.2701703 ], [ 85.8224074, 20.2700792 ] ], [ [ 85.8224074, 20.2700792 ], [ 85.8232894, 20.2698099 ], [ 85.8238477, 20.2696265 ], [ 85.8244087, 20.2694282 ], [ 85.8252141, 20.2691155 ], [ 85.8257446, 20.2688778 ], [ 85.8258984, 20.2688089 ], [ 85.8267024, 20.2684109 ], [ 85.8275887, 20.267936 ] ], [ [ 85.8275887, 20.267936 ], [ 85.8285914, 20.2672979 ], [ 85.8290181, 20.2670393 ], [ 85.8294171, 20.2668396 ], [ 85.8296099, 20.2667462 ] ], [ [ 85.8296099, 20.2667462 ], [ 85.8298897, 20.2665874 ] ], [ [ 85.8298897, 20.2665874 ], [ 85.8299778, 20.2665254 ] ], [ [ 85.8299778, 20.2665254 ], [ 85.8301527, 20.2664075 ] ], [ [ 85.8301527, 20.2664075 ], [ 85.8310443, 20.2657526 ] ], [ [ 85.8310443, 20.2657526 ], [ 85.8322518, 20.2648853 ] ], [ [ 85.8322518, 20.2648853 ], [ 85.8336346, 20.2639145 ], [ 85.8341817, 20.2635304 ], [ 85.8346236, 20.2632201 ], [ 85.8346608, 20.2631846 ] ], [ [ 85.8346608, 20.2631846 ], [ 85.8347697, 20.2630895 ], [ 85.8364357, 20.2618925 ], [ 85.8369591, 20.2615165 ], [ 85.8379134, 20.2608309 ], [ 85.8382566, 20.2605708 ], [ 85.8383639, 20.260493 ] ], [ [ 85.8383639, 20.260493 ], [ 85.8385968, 20.2603117 ], [ 85.8388512, 20.2601213 ] ], [ [ 85.8388512, 20.2601213 ], [ 85.8392252, 20.2598843 ], [ 85.841163, 20.258542 ] ], [ [ 85.841163, 20.258542 ], [ 85.8413193, 20.2584337 ] ], [ [ 85.8413193, 20.2584337 ], [ 85.8414362, 20.2584429 ], [ 85.8415236, 20.2584581 ], [ 85.8415642, 20.2584734 ], [ 85.8416568, 20.2585205 ] ], [ [ 85.8416568, 20.2585205 ], [ 85.8419895, 20.2588747 ] ], [ [ 85.8419895, 20.2588747 ], [ 85.8421998, 20.2590901 ] ], [ [ 85.8421998, 20.2590901 ], [ 85.8422393, 20.259133 ] ], [ [ 85.8422393, 20.259133 ], [ 85.8424701, 20.2593625 ] ], [ [ 85.8424701, 20.2593625 ], [ 85.8426447, 20.2595393 ], [ 85.8429275, 20.2598347 ], [ 85.8430795, 20.2600074 ], [ 85.8432164, 20.2601796 ], [ 85.8433198, 20.2603227 ] ], [ [ 85.8433198, 20.2603227 ], [ 85.8435013, 20.2606088 ], [ 85.8436567, 20.2608693 ] ], [ [ 85.8436567, 20.2608693 ], [ 85.8438138, 20.2611128 ] ], [ [ 85.8438138, 20.2611128 ], [ 85.8439539, 20.2613294 ] ], [ [ 85.8439539, 20.2613294 ], [ 85.8440446, 20.2614749 ] ], [ [ 85.8440446, 20.2614749 ], [ 85.8442754, 20.2618786 ] ], [ [ 85.8442754, 20.2618786 ], [ 85.8443867, 20.2620651 ] ], [ [ 85.8443867, 20.2620651 ], [ 85.844454, 20.2620346 ] ], [ [ 85.844454, 20.2620346 ], [ 85.8443481, 20.2618551 ] ], [ [ 85.8443481, 20.2618551 ], [ 85.8444334, 20.2618246 ], [ 85.8445898, 20.2617646 ], [ 85.8447778, 20.2617055 ], [ 85.8449313, 20.2616469 ], [ 85.8450549, 20.2616343 ] ], [ [ 85.8450549, 20.2616343 ], [ 85.8451012, 20.2617971 ] ], [ [ 85.8451012, 20.2617971 ], [ 85.845477, 20.2626508 ] ], [ [ 85.845477, 20.2626508 ], [ 85.8459087, 20.2624028 ], [ 85.8462771, 20.2621978 ], [ 85.846553, 20.2620665 ] ], [ [ 85.846553, 20.2620665 ], [ 85.8468178, 20.2619396 ] ], [ [ 85.8468178, 20.2619396 ], [ 85.846955, 20.261856 ] ], [ [ 85.846955, 20.261856 ], [ 85.8473785, 20.2616181 ] ], [ [ 85.8473785, 20.2616181 ], [ 85.8474876, 20.2615909 ], [ 85.8475595, 20.2615782 ] ], [ [ 85.8475595, 20.2615782 ], [ 85.8477718, 20.2615749 ], [ 85.8478436, 20.2615671 ], [ 85.8479809, 20.2615617 ] ], [ [ 85.8479809, 20.2615617 ], [ 85.8481934, 20.2614628 ], [ 85.8482743, 20.2614254 ] ], [ [ 85.8482743, 20.2614254 ], [ 85.8483554, 20.2613947 ] ], [ [ 85.8483554, 20.2613947 ], [ 85.8484898, 20.2613564 ], [ 85.8486505, 20.2613197 ] ], [ [ 85.8486505, 20.2613197 ], [ 85.8487722, 20.2612982 ] ], [ [ 85.8487722, 20.2612982 ], [ 85.8489139, 20.2612786 ], [ 85.8490701, 20.2612618 ] ], [ [ 85.8490701, 20.2612618 ], [ 85.8492395, 20.2612487 ] ], [ [ 85.8492395, 20.2612487 ], [ 85.8493403, 20.2612461 ], [ 85.8494472, 20.2612433 ], [ 85.8498856, 20.2611774 ] ], [ [ 85.8498856, 20.2611774 ], [ 85.850001, 20.2611621 ], [ 85.8502286, 20.2611319 ] ], [ [ 85.8502286, 20.2611319 ], [ 85.8504724, 20.2610979 ], [ 85.8505751, 20.2610859 ], [ 85.8505979, 20.2610698 ], [ 85.8506024, 20.261037 ], [ 85.8505992, 20.2610014 ] ], [ [ 85.8505992, 20.2610014 ], [ 85.8507312, 20.2609653 ], [ 85.8508305, 20.2608941 ], [ 85.8509569, 20.2608411 ], [ 85.8513909, 20.2606853 ] ], [ [ 85.8513909, 20.2606853 ], [ 85.8515346, 20.2609782 ], [ 85.8515459, 20.2609965 ] ] ] } },
{ "type": "Feature", "properties": { "route_id": "R_SYN054", "stop_id": "SYN054" }, "geometry": { "type": "MultiLineString", "coordinates": [ [ [ 85.7956882, 20.2733904 ], [ 85.7956242, 20.2730836 ], [ 85.7955946, 20.2730307 ], [ 85.7955213, 20.2729733 ], [ 85.7955018, 20.2728997 ], [ 85.7957248, 20.2724912 ] ], [ [ 85.7957248, 20.2724912 ], [ 85.795809, 20.2725261 ], [ 85.7960022, 20.272565 ], [ 85.7961624, 20.2725637 ] ], [ [ 85.7961624, 20.2725637 ], [ 85.7964029, 20.2725288 ], [ 85.7964995, 20.2725038 ], [ 85.7965888, 20.2724875 ], [ 85.7967526, 20.2724499 ], [ 85.7968487, 20.2725038 ], [ 85.7969664, 20.2725134 ], [ 85.7971879, 20.2724894 ] ], [ [ 85.7971879, 20.2724894 ], [ 85.797172, 20.272296 ] ], [ [ 85.797172, 20.272296 ], [ 85.7972477, 20.2717737 ] ], [ [ 85.7972477, 20.2717737 ], [ 85.7975255, 20.2717888 ], [ 85.7977045, 20.2717707 ], [ 85.7978663, 20.2717358 ] ], [ [ 85.7978663, 20.2717358 ], [ 85.7981349, 20.271675 ] ], [ [ 85.7981349, 20.271675 ], [ 85.7983505, 20.2716077 ], [ 85.7984191, 20.2715274 ], [ 85.7984898, 20.2714498 ] ], [ [ 85.7984898, 20.2714498 ], [ 85.7986237, 20.2714557 ], [ 85.798756, 20.2714805 ], [ 85.7989082, 20.271465 ], [ 85.7989942, 20.2714246 ], [ 85.7990505, 20.2712074 ], [ 85.7990802, 20.2710119 ], [ 85.7992192, 20.2709343 ], [ 85.7993081, 20.2708896 ] ], [ [ 85.7993081, 20.2708896 ], [ 85.7994044, 20.2708412 ], [ 85.7995401, 20.2707512 ], [ 85.7996129, 20.2706798 ], [ 85.7999083, 20.2705607 ], [ 85.7997176, 20.2699327 ] ], [ [ 85.7997176, 20.2699327 ], [ 85.799982, 20.2697882 ] ], [ [ 85.799982, 20.2697882 ], [ 85.8001269, 20.2696868 ], [ 85.8005527, 20.2696131 ] ], [ [ 85.8005527, 20.2696131 ], [ 85.800667, 20.2698519 ] ], [ [ 85.800667, 20.2698519 ], [ 85.801248, 20.2693828 ], [ 85.8014922, 20.2691786 ], [ 85.801763, 20.2689876 ], [ 85.8019317, 20.268979 ] ], [ [ 85.8019317, 20.268979 ], [ 85.8023185, 20.2694218 ] ], [ [ 85.8023185, 20.2694218 ], [ 85.8029987, 20.2690059 ], [ 85.8032486, 20.2687671 ] ], [ [ 85.8032486, 20.2687671 ], [ 85.803749, 20.2690569 ], [ 85.8041913, 20.269319 ] ], [ [ 85.8041913, 20.269319 ], [ 85.8052733, 20.2698734 ] ], [ [ 85.8052733, 20.2698734 ], [ 85.8059109, 20.2702311 ], [ 85.8060087, 20.2702905 ], [ 85.8065427, 20.270607 ], [ 85.8067635, 20.2707515 ] ], [ [ 85.8067635, 20.2707515 ], [ 85.8068376, 20.2708031 ] ], [ [ 85.8068376, 20.2708031 ], [ 85.8068528, 20.270789 ], [ 85.8069183, 20.2707315 ] ], [ [ 85.8069183, 20.2707315 ], [ 85.8071166, 20.2705576 ] ], [ [ 85.8071166, 20.2705576 ], [ 85.8074254, 20.2702742 ] ], [ [ 85.8074254, 20.2702742 ], [ 85.80776, 20.2699615 ] ], [ [ 85.80776, 20.2699615 ], [ 85.8091807, 20.2686525 ], [ 85.8095826, 20.2682949 ], [ 85.8097477, 20.2681471 ], [ 85.8100499, 20.2678704 ], [ 85.8107237, 20.2672454 ], [ 85.8108664, 20.2671111 ] ], [ [ 85.8108664, 20.2671111 ], [ 85.8113638, 20.2666499 ], [ 85.8123276, 20.2657389 ], [ 85.8132396, 20.2648859 ], [ 85.8140228, 20.2641764 ], [ 85.8143017, 20.2639273 ] ], [ [ 85.8143017, 20.2639273 ], [ 85.8146504, 20.2636278 ], [ 85.8147825, 20.2635196 ], [ 85.8151144, 20.2632479 ], [ 85.8152191, 20.26319 ], [ 85.8153371, 20.2631523 ], [ 85.8157475, 20.263034 ], [ 85.8159513, 20.262961 ], [ 85.8161444, 20.2628554 ], [ 85.8162571, 20.2627748 ], [ 85.8163965, 20.262644 ], [ 85.8166272, 20.2623873 ], [ 85.8168065, 20.2621608 ] ], [ [ 85.8168065, 20.2621608 ], [ 85.8168364, 20.2621231 ], [ 85.8170215, 20.2619168 ], [ 85.8176304, 20.2612601 ], [ 85.818199, 20.2606562 ], [ 85.8183921, 20.2604725 ], [ 85.8185799, 20.260324 ], [ 85.8187837, 20.260163 ], [ 85.8190314, 20.2599923 ] ], [ [ 85.8190314, 20.2599923 ], [ 85.8195213, 20.2596547 ], [ 85.8204467, 20.2590256 ], [ 85.8205486, 20.2589565 ] ], [ [ 85.8205486, 20.2589565 ], [ 85.8212513, 20.2584846 ], [ 85.8214069, 20.2583915 ], [ 85.8218137, 20.2581376 ] ], [ [ 85.8218137, 20.2581376 ], [ 85.8226644, 20.2576068 ], [ 85.8227994, 20.257528 ] ], [ [ 85.8227994, 20.257528 ], [ 85.8229022, 20.2574603 ] ], [ [ 85.8229022, 20.2574603 ], [ 85.8231006, 20.2572665 ] ], [ [ 85.8231006, 20.2572665 ], [ 85.8231126, 20.2572589 ], [ 85.8243384, 20.2564832 ] ], [ [ 85.8243384, 20.2564832 ], [ 85.8247717, 20.2562338 ] ], [ [ 85.8247717, 20.2562338 ], [ 85.8251583, 20.2560163 ], [ 85.8251975, 20.2559942 ], [ 85.8255094, 20.2558578 ], [ 85.8258399, 20.2557388 ] ], [ [ 85.8258399, 20.2557388 ], [ 85.826009, 20.2556624 ] ], [ [ 85.826009, 20.2556624 ], [ 85.8261192, 20.2556678 ], [ 85.8261665, 20.2556521 ] ], [ [ 85.8261665, 20.2556521 ], [ 85.8262548, 20.2556229 ] ], [ [ 85.8262548, 20.2556229 ], [ 85.8270266, 20.2553676 ], [ 85.8280256, 20.255021 ] ], [ [ 85.8280256, 20.255021 ], [ 85.8282284, 20.2549506 ], [ 85.8295715, 20.2545123 ] ], [ [ 85.8295715, 20.2545123 ], [ 85.8300333, 20.2543955 ] ], [ [ 85.8300333, 20.2543955 ], [ 85.8301847, 20.2543759 ], [ 85.8303481, 20.2543838 ], [ 85.8305528, 20.2544252 ], [ 85.830724, 20.2544748 ], [ 85.8308652, 20.2545228 ], [ 85.8310356, 20.2545988 ], [ 85.8311988, 20.2547065 ], [ 85.8313671, 20.2548522 ] ], [ [ 85.8313671, 20.2548522 ], [ 85.8315215, 20.2549858 ], [ 85.8316413, 20.255126 ], [ 85.8317285, 20.2552445 ] ], [ [ 85.8317285, 20.2552445 ], [ 85.8318428, 20.2553966 ] ], [ [ 85.8318428, 20.2553966 ], [ 85.8319575, 20.2553181 ] ], [ [ 85.8319575, 20.2553181 ], [ 85.8318313, 20.2551453 ] ], [ [ 85.8318313, 20.2551453 ], [ 85.8316513, 20.2549631 ], [ 85.8314507, 20.254798 ] ], [ [ 85.8314507, 20.254798 ], [ 85.8320979, 20.2543031 ] ], [ [ 85.8320979, 20.2543031 ], [ 85.8322515, 20.2544488 ] ] ] } },
{ "type": "Feature", "properties": { "route_id": "R_SYN055", "stop_id": "SYN055" }, "geometry": { "type": "MultiLineString", "coordinates": [ [ [ 85.7956882, 20.2733904 ], [ 85.7956242, 20.2730836 ], [ 85.7955946, 20.2730307 ], [ 85.7955213, 20.2729733 ], [ 85.7955018, 20.2728997 ], [ 85.7957248, 20.2724912 ] ], [ [ 85.7957248, 20.2724912 ], [ 85.795809, 20.2725261 ], [ 85.7960022, 20.272565 ], [ 85.7961624, 20.2725637 ] ], [ [ 85.7961624, 20.2725637 ], [ 85.7964029, 20.2725288 ], [ 85.7964995, 20.2725038 ], [ 85.7965888, 20.2724875 ], [ 85.7967526, 20.2724499 ], [ 85.7968487, 20.2725038 ], [ 85.7969664, 20.2725134 ], [ 85.7971879, 20.2724894 ] ], [ [ 85.7971879, 20.2724894 ], [ 85.797172, 20.272296 ] ], [ [ 85.797172, 20.272296 ], [ 85.7972477, 20.2717737 ] ], [ [ 85.7972477, 20.2717737 ], [ 85.7975255, 20.2717888 ], [ 85.7977045, 20.2717707 ], [ 85.7978663, 20.2717358 ] ], [ [ 85.7978663, 20.2717358 ], [ 85.7981349, 20.271675 ] ], [ [ 85.7981349, 20.271675 ], [ 85.7983505, 20.2716077 ], [ 85.7984191, 20.2715274 ], [ 85.7984898, 20.2714498 ] ], [ [ 85.7984898, 20.2714498 ], [ 85.7986237, 20.2714557 ], [ 85.798756, 20.2714805 ], [ 85.7989082, 20.271465 ], [ 85.7989942, 20.2714246 ], [ 85.7990505, 20.2712074 ], [ 85.7990802, 20.2710119 ], [ 85.7992192, 20.2709343 ], [ 85.7993081, 20.2708896 ] ], [ [ 85.7993081, 20.2708896 ], [ 85.7994044, 20.2708412 ], [ 85.7995401, 20.2707512 ], [ 85.7996129, 20.2706798 ], [ 85.7999083, 20.2705607 ], [ 85.7997176, 20.2699327 ] ], [ [ 85.7997176, 20.2699327 ], [ 85.799982, 20.2697882 ] ], [ [ 85.799982, 20.2697882 ], [ 85.8001269, 20.2696868 ], [ 85.8005527, 20.2696131 ] ], [ [ 85.8005527, 20.2696131 ], [ 85.800667, 20.2698519 ] ], [ [ 85.800667, 20.2698519 ], [ 85.801248, 20.2693828 ], [ 85.8014922, 20.2691786 ], [ 85.801763, 20.2689876 ], [ 85.8019317, 20.268979 ] ], [ [ 85.8019317, 20.268979 ], [ 85.8023185, 20.2694218 ] ], [ [ 85.8023185, 20.2694218 ], [ 85.8029987, 20.2690059 ], [ 85.8032486, 20.2687671 ] ], [ [ 85.8032486, 20.2687671 ], [ 85.803749, 20.2690569 ], [ 85.8041913, 20.269319 ] ], [ [ 85.8041913, 20.269319 ], [ 85.8052733, 20.2698734 ] ], [ [ 85.8052733, 20.2698734 ], [ 85.8059109, 20.2702311 ], [ 85.8060087, 20.2702905 ], [ 85.8065427, 20.270607 ], [ 85.8067635, 20.2707515 ] ], [ [ 85.8067635, 20.2707515 ], [ 85.8068376, 20.2708031 ] ], [ [ 85.8068376, 20.2708031 ], [ 85.8068528, 20.270789 ], [ 85.8069183, 20.2707315 ] ], [ [ 85.8069183, 20.2707315 ], [ 85.8071166, 20.2705576 ] ], [ [ 85.8071166, 20.2705576 ], [ 85.8074254, 20.2702742 ] ], [ [ 85.8074254, 20.2702742 ], [ 85.80776, 20.2699615 ] ], [ [ 85.80776, 20.2699615 ], [ 85.8091807, 20.2686525 ], [ 85.8095826, 20.2682949 ], [ 85.8097477, 20.2681471 ], [ 85.8100499, 20.2678704 ], [ 85.8107237, 20.2672454 ], [ 85.8108664, 20.2671111 ] ], [ [ 85.8108664, 20.2671111 ], [ 85.8113638, 20.2666499 ], [ 85.8123276, 20.2657389 ], [ 85.8132396, 20.2648859 ], [ 85.8140228, 20.2641764 ], [ 85.8143017, 20.2639273 ] ], [ [ 85.8143017, 20.2639273 ], [ 85.8146504, 20.2636278 ], [ 85.8147825, 20.2635196 ], [ 85.8151144, 20.2632479 ], [ 85.8152191, 20.26319 ], [ 85.8153371, 20.2631523 ], [ 85.8157475, 20.263034 ], [ 85.8159513, 20.262961 ], [ 85.8161444, 20.2628554 ], [ 85.8162571, 20.2627748 ], [ 85.8163965, 20.262644 ], [ 85.8166272, 20.2623873 ], [ 85.8168065, 20.2621608 ] ], [ [ 85.8168065, 20.2621608 ], [ 85.8168364, 20.2621231 ], [ 85.8170215, 20.2619168 ], [ 85.8176304, 20.2612601 ], [ 85.818199, 20.2606562 ], [ 85.8183921, 20.2604725 ], [ 85.8185799, 20.260324 ], [ 85.8187837, 20.260163 ], [ 85.8190314, 20.2599923 ] ], [ [ 85.8190314, 20.2599923 ], [ 85.8195213, 20.2596547 ], [ 85.8204467, 20.2590256 ], [ 85.8205486, 20.2589565 ] ], [ [ 85.8205486, 20.2589565 ], [ 85.8212513, 20.2584846 ], [ 85.8214069, 20.2583915 ], [ 85.8218137, 20.2581376 ] ], [ [ 85.8218137, 20.2581376 ], [ 85.8226644, 20.2576068 ], [ 85.8227994, 20.257528 ] ], [ [ 85.8227994, 20.257528 ], [ 85.8229022, 20.2574603 ] ], [ [ 85.8229022, 20.2574603 ], [ 85.8231006, 20.2572665 ] ], [ [ 85.8231006, 20.2572665 ], [ 85.8231126, 20.2572589 ], [ 85.8243384, 20.2564832 ] ], [ [ 85.8243384, 20.2564832 ], [ 85.8247717, 20.2562338 ] ], [ [ 85.8247717, 20.2562338 ], [ 85.8251583, 20.2560163 ], [ 85.8251975, 20.2559942 ], [ 85.8255094, 20.2558578 ], [ 85.8258399, 20.2557388 ] ], [ [ 85.8258399, 20.2557388 ], [ 85.826009, 20.2556624 ] ], [ [ 85.826009, 20.2556624 ], [ 85.8261192, 20.2556678 ], [ 85.8261665, 20.2556521 ] ], [ [ 85.8261665, 20.2556521 ], [ 85.8262548, 20.2556229 ] ], [ [ 85.8262548, 20.2556229 ], [ 85.8270266, 20.2553676 ], [ 85.8280256, 20.255021 ] ], [ [ 85.8280256, 20.255021 ], [ 85.8282284, 20.2549506 ], [ 85.8295715, 20.2545123 ] ], [ [ 85.8295715, 20.2545123 ], [ 85.8300333, 20.2543955 ] ], [ [ 85.8300333, 20.2543955 ], [ 85.8301847, 20.2543759 ], [ 85.8303481, 20.2543838 ], [ 85.8305528, 20.2544252 ], [ 85.830724, 20.2544748 ], [ 85.8308652, 20.2545228 ], [ 85.8310356, 20.2545988 ], [ 85.8311988, 20.2547065 ], [ 85.8313671, 20.2548522 ] ], [ [ 85.8313671, 20.2548522 ], [ 85.8315215, 20.2549858 ], [ 85.8316413, 20.255126 ], [ 85.8317285, 20.2552445 ] ], [ [ 85.8317285, 20.2552445 ], [ 85.8318428, 20.2553966 ] ], [ [ 85.8318428, 20.2553966 ], [ 85.8319575, 20.2553181 ] ], [ [ 85.8319575, 20.2553181 ], [ 85.8318313, 20.2551453 ] ], [ [ 85.8318313, 20.2551453 ], [ 85.832043, 20.2549714 ], [ 85.8323944, 20.2547388 ], [ 85.8325821, 20.2546583 ], [ 85.8328163, 20.2545124 ], [ 85.8338679, 20.2537592 ], [ 85.834613, 20.2532294 ], [ 85.834798, 20.2531219 ], [ 85.8350014, 20.2530289 ], [ 85.8357905, 20.2527619 ], [ 85.8358819, 20.252737 ], [ 85.8359534, 20.2527176 ], [ 85.8360802, 20.252694 ], [ 85.8361731, 20.2526742 ] ], [ [ 85.8361731, 20.2526742 ], [ 85.8362326, 20.2526789 ] ], [ [ 85.8362326, 20.2526789 ], [ 85.8362975, 20.2527072 ] ], [ [ 85.8362975, 20.2527072 ], [ 85.8363182, 20.2527126 ], [ 85.8363619, 20.2526991 ], [ 85.8363849, 20.2526883 ], [ 85.8363958, 20.2526608 ], [ 85.8363969, 20.252628 ], [ 85.8363768, 20.252601 ] ], [ [ 85.8363768, 20.252601 ], [ 85.8363908, 20.2525209 ] ], [ [ 85.8363908, 20.2525209 ], [ 85.8372638, 20.252311 ] ] ] } },
{ "type": "Feature", "properties": { "route_id": "R_SYN056", "stop_id": "SYN056" }, "geometry": { "type": "MultiLineString", "coordinates": [ [ [ 85.7956882, 20.2733904 ], [ 85.7956242, 20.2730836 ], [ 85.7955946, 20.2730307 ], [ 85.7955213, 20.2729733 ], [ 85.7955018, 20.2728997 ], [ 85.7957248, 20.2724912 ] ], [ [ 85.7957248, 20.2724912 ], [ 85.7955718, 20.2724278 ], [ 85.7954738, 20.2723002 ], [ 85.7954366, 20.2722518 ], [ 85.7952148, 20.2720054 ] ], [ [ 85.7952148, 20.2720054 ], [ 85.7951966, 20.2719852 ], [ 85.7949362, 20.2717168 ] ], [ [ 85.7949362, 20.2717168 ], [ 85.794791, 20.2717447 ], [ 85.7945393, 20.2717996 ], [ 85.7942273, 20.2719166 ] ], [ [ 85.7942273, 20.2719166 ], [ 85.7941032, 20.2719631 ] ], [ [ 85.7941032, 20.2719631 ], [ 85.7940706, 20.2718488 ], [ 85.7939437, 20.2714805 ] ], [ [ 85.7939437, 20.2714805 ], [ 85.7935793, 20.2716123 ] ], [ [ 85.7935793, 20.2716123 ], [ 85.7933762, 20.2711256 ] ], [ [ 85.7933762, 20.2711256 ], [ 85.7932996, 20.270933 ], [ 85.7925371, 20.2687271 ], [ 85.7919851, 20.2671421 ], [ 85.7918075, 20.2666166 ], [ 85.7916877, 20.2662623 ] ], [ [ 85.7916877, 20.2662623 ], [ 85.7910534, 20.2667021 ], [ 85.7904419, 20.2671248 ], [ 85.7900395, 20.2673965 ], [ 85.7896801, 20.2676482 ], [ 85.7893609, 20.2678746 ], [ 85.7891952, 20.2679989 ], [ 85.789093, 20.2680787 ] ], [ [ 85.789093, 20.2680787 ], [ 85.7890027, 20.2681101 ], [ 85.7882588, 20.2686176 ], [ 85.7879324, 20.2688131 ], [ 85.7874149, 20.2690741 ], [ 85.7872152, 20.269178 ], [ 85.7868595, 20.2693362 ], [ 85.7868034, 20.2693552 ], [ 85.7867588, 20.269424 ] ], [ [ 85.7867588, 20.269424 ], [ 85.7866993, 20.2694259 ], [ 85.786642, 20.2694352 ], [ 85.7864558, 20.2694596 ] ], [ [ 85.7864558, 20.2694596 ], [ 85.7862764, 20.2694842 ], [ 85.7860726, 20.2695382 ], [ 85.7858968, 20.2695847 ] ], [ [ 85.7858968, 20.2695847 ], [ 85.7854784, 20.2696336 ], [ 85.7844692, 20.2699171 ] ], [ [ 85.7844692, 20.2699171 ], [ 85.7841848, 20.2700141 ] ], [ [ 85.7841848, 20.2700141 ], [ 85.7840961, 20.2700084 ] ], [ [ 85.7840961, 20.2700084 ], [ 85.7840497, 20.2703888 ] ], [ [ 85.7840497, 20.2703888 ], [ 85.7839657, 20.2709487 ] ], [ [ 85.7839657, 20.2709487 ], [ 85.7839232, 20.2712838 ] ], [ [ 85.7839232, 20.2712838 ], [ 85.7839165, 20.2714884 ] ], [ [ 85.7839165, 20.2714884 ], [ 85.7837065, 20.272492 ] ], [ [ 85.7837065, 20.272492 ], [ 85.7827243, 20.2724275 ], [ 85.7820467, 20.2724012 ], [ 85.7818589, 20.2723908 ], [ 85.7814939, 20.2723692 ] ], [ [ 85.7814939, 20.2723692 ], [ 85.7814548, 20.2723707 ], [ 85.7809659, 20.2723558 ] ], [ [ 85.7809659, 20.2723558 ], [ 85.7809053, 20.2723285 ], [ 85.779871, 20.2723168 ] ], [ [ 85.779871, 20.2723168 ], [ 85.7790209, 20.272331 ] ], [ [ 85.7790209, 20.272331 ], [ 85.7785514, 20.2723389 ] ], [ [ 85.7785514, 20.2723389 ], [ 85.7785016, 20.2723397 ], [ 85.7781706, 20.2723383 ] ], [ [ 85.7781706, 20.2723383 ], [ 85.7770495, 20.2723336 ], [ 85.775734, 20.2723132 ], [ 85.7754972, 20.2722956 ] ], [ [ 85.7754972, 20.2722956 ], [ 85.7752285, 20.2722757 ], [ 85.7749817, 20.2722796 ] ], [ [ 85.7749817, 20.2722796 ], [ 85.7749392, 20.2722803 ], [ 85.7748663, 20.2722878 ] ], [ [ 85.7748663, 20.2722878 ], [ 85.7747224, 20.2723025 ], [ 85.7743562, 20.2723263 ], [ 85.7732072, 20.272385 ], [ 85.7731679, 20.272387 ] ], [ [ 85.7731679, 20.272387 ], [ 85.7730715, 20.2723919 ] ], [ [ 85.7730715, 20.2723919 ], [ 85.7727793, 20.2724068 ], [ 85.7727099, 20.2724111 ] ], [ [ 85.7727099, 20.2724111 ], [ 85.7711617, 20.2725073 ], [ 85.7707109, 20.2725073 ], [ 85.7706013, 20.2724794 ] ], [ [ 85.7706013, 20.2724794 ], [ 85.7703842, 20.2724243 ], [ 85.7697067, 20.2723095 ], [ 85.7692636, 20.272233 ] ], [ [ 85.7692636, 20.272233 ], [ 85.7687057, 20.2722054 ], [ 85.768003, 20.2721269 ] ], [ [ 85.768003, 20.2721269 ], [ 85.7676947, 20.2721594 ] ], [ [ 85.7676947, 20.2721594 ], [ 85.7676135, 20.2722315 ] ], [ [ 85.7676135, 20.2722315 ], [ 85.7673026, 20.2724125 ] ], [ [ 85.7673026, 20.2724125 ], [ 85.767136, 20.2724781 ], [ 85.7667605, 20.2727649 ], [ 85.766385, 20.2732178 ], [ 85.7651488, 20.2746077 ] ], [ [ 85.7651488, 20.2746077 ], [ 85.7643093, 20.2755122 ], [ 85.7638908, 20.2759953 ], [ 85.76351, 20.276418 ], [ 85.7632739, 20.2766394 ], [ 85.7631752, 20.2767295 ] ], [ [ 85.7631752, 20.2767295 ], [ 85.7635575, 20.2753611 ] ], [ [ 85.7635575, 20.2753611 ], [ 85.7636274, 20.2751108 ], [ 85.763778, 20.2745716 ], [ 85.7637929, 20.2745203 ], [ 85.7638198, 20.2744275 ] ], [ [ 85.7638198, 20.2744275 ], [ 85.7639534, 20.2744654 ], [ 85.763998, 20.274478 ], [ 85.7640412, 20.2744903 ] ] ] } },
{ "type": "Feature", "properties": { "route_id": "R_SYN057", "stop_id": "SYN057" }, "geometry": { "type": "MultiLineString", "coordinates": [ [ [ 85.7956882, 20.2733904 ], [ 85.7956242, 20.2730836 ], [ 85.7955946, 20.2730307 ], [ 85.7955213, 20.2729733 ], [ 85.7955018, 20.2728997 ], [ 85.7957248, 20.2724912 ] ], [ [ 85.7957248, 20.2724912 ], [ 85.795809, 20.2725261 ], [ 85.7960022, 20.272565 ], [ 85.7961624, 20.2725637 ] ], [ [ 85.7961624, 20.2725637 ], [ 85.7964029, 20.2725288 ], [ 85.7964995, 20.2725038 ], [ 85.7965888, 20.2724875 ], [ 85.7967526, 20.2724499 ], [ 85.7968487, 20.2725038 ], [ 85.7969664, 20.2725134 ], [ 85.7971879, 20.2724894 ] ], [ [ 85.7971879, 20.2724894 ], [ 85.797172, 20.272296 ] ], [ [ 85.797172, 20.272296 ], [ 85.7973646, 20.2723499 ], [ 85.7975134, 20.2723949 ], [ 85.7976709, 20.2723938 ], [ 85.7978406, 20.2723928 ], [ 85.7979713, 20.2724066 ], [ 85.7980724, 20.2724183 ] ], [ [ 85.7980724, 20.2724183 ], [ 85.7980894, 20.2724889 ], [ 85.7981441, 20.2726138 ] ], [ [ 85.7981441, 20.2726138 ], [ 85.7984022, 20.2729489 ], [ 85.7986636, 20.2734028 ], [ 85.798722, 20.273434 ], [ 85.7989328, 20.2735272 ], [ 85.7991862, 20.2737681 ], [ 85.7995137, 20.2739924 ] ], [ [ 85.7995137, 20.2739924 ], [ 85.799999, 20.2742208 ] ], [ [ 85.799999, 20.2742208 ], [ 85.800016, 20.2742288 ], [ 85.8004007, 20.2743246 ] ], [ [ 85.8004007, 20.2743246 ], [ 85.8005615, 20.2745986 ] ], [ [ 85.8005615, 20.2745986 ], [ 85.8008421, 20.2749758 ], [ 85.8010195, 20.2751889 ] ], [ [ 85.8010195, 20.2751889 ], [ 85.8013269, 20.2751855 ] ], [ [ 85.8013269, 20.2751855 ], [ 85.8015809, 20.27517 ], [ 85.8017735, 20.2751686 ] ], [ [ 85.8017735, 20.2751686 ], [ 85.8019562, 20.2751853 ], [ 85.8021852, 20.2751956 ], [ 85.8023173, 20.2751956 ] ], [ [ 85.8023173, 20.2751956 ], [ 85.802482, 20.2752022 ], [ 85.8027718, 20.2752354 ], [ 85.8029086, 20.2752573 ], [ 85.8030419, 20.2753034 ], [ 85.8031804, 20.2753695 ] ], [ [ 85.8031804, 20.2753695 ], [ 85.8035951, 20.2756 ] ], [ [ 85.8035951, 20.2756 ], [ 85.8036496, 20.2757286 ] ], [ [ 85.8036496, 20.2757286 ], [ 85.8037569, 20.27581 ] ], [ [ 85.8037569, 20.27581 ], [ 85.8040261, 20.2760246 ] ], [ [ 85.8040261, 20.2760246 ], [ 85.8041889, 20.2761741 ], [ 85.8044882, 20.2764697 ] ], [ [ 85.8044882, 20.2764697 ], [ 85.8054861, 20.2774676 ], [ 85.8055858, 20.2775696 ] ], [ [ 85.8055858, 20.2775696 ], [ 85.806398, 20.278396 ], [ 85.8065197, 20.2785206 ] ], [ [ 85.8065197, 20.2785206 ], [ 85.8070385, 20.2790515 ] ], [ [ 85.8070385, 20.2790515 ], [ 85.8079276, 20.2799384 ], [ 85.8084043, 20.2804138 ], [ 85.8090417, 20.2810557 ], [ 85.8101485, 20.2821703 ] ], [ [ 85.8101485, 20.2821703 ], [ 85.8100801, 20.2822425 ], [ 85.8096838, 20.2827116 ], [ 85.80891, 20.283598 ], [ 85.8088058, 20.2837211 ] ], [ [ 85.8088058, 20.2837211 ], [ 85.8087489, 20.2838052 ] ], [ [ 85.8087489, 20.2838052 ], [ 85.8083563, 20.2842239 ], [ 85.8080659, 20.2845301 ], [ 85.8079704, 20.2846143 ] ], [ [ 85.8079704, 20.2846143 ], [ 85.8078263, 20.2847413 ] ], [ [ 85.8078263, 20.2847413 ], [ 85.8077594, 20.2848166 ], [ 85.807691, 20.2848967 ], [ 85.8075977, 20.28501 ] ], [ [ 85.8075977, 20.28501 ], [ 85.807673, 20.2850486 ] ], [ [ 85.807673, 20.2850486 ], [ 85.808039, 20.2852786 ] ], [ [ 85.808039, 20.2852786 ], [ 85.8081644, 20.2853574 ] ], [ [ 85.8081644, 20.2853574 ], [ 85.8083484, 20.285473 ], [ 85.8098007, 20.2863515 ] ], [ [ 85.8098007, 20.2863515 ], [ 85.8099872, 20.2864643 ], [ 85.8102727, 20.2866269 ] ], [ [ 85.8102727, 20.2866269 ], [ 85.8107166, 20.2868997 ] ], [ [ 85.8107166, 20.2868997 ], [ 85.8107815, 20.2869308 ], [ 85.8119452, 20.2876321 ], [ 85.8129904, 20.2882798 ] ], [ [ 85.8129904, 20.2882798 ], [ 85.8133681, 20.2884959 ], [ 85.8140213, 20.2889173 ], [ 85.8142814, 20.2890851 ], [ 85.8148849, 20.2894531 ], [ 85.8154872, 20.2898326 ] ], [ [ 85.8154872, 20.2898326 ], [ 85.8163308, 20.2903155 ], [ 85.816802, 20.2906055 ], [ 85.817054, 20.2907557 ] ], [ [ 85.817054, 20.2907557 ], [ 85.818041, 20.2913513 ], [ 85.8182813, 20.2913942 ] ], [ [ 85.8182813, 20.2913942 ], [ 85.8186578, 20.2916106 ], [ 85.8190404, 20.2918509 ], [ 85.8191979, 20.2919537 ], [ 85.8193481, 20.2920543 ] ], [ [ 85.8193481, 20.2920543 ], [ 85.8194312, 20.2922178 ], [ 85.8194936, 20.2923015 ], [ 85.8196116, 20.2924053 ] ], [ [ 85.8196116, 20.2924053 ], [ 85.8197632, 20.2925053 ], [ 85.8201246, 20.2927137 ], [ 85.8211166, 20.2933258 ], [ 85.8220436, 20.2938827 ] ], [ [ 85.8220436, 20.2938827 ], [ 85.8224319, 20.294116 ], [ 85.8226638, 20.2942545 ] ], [ [ 85.8226638, 20.2942545 ], [ 85.8231079, 20.2945342 ] ], [ [ 85.8231079, 20.2945342 ], [ 85.8234946, 20.2947735 ], [ 85.8240815, 20.2951377 ] ], [ [ 85.8240815, 20.2951377 ], [ 85.8244504, 20.2953703 ], [ 85.8245589, 20.2954372 ], [ 85.8247124, 20.2955303 ] ], [ [ 85.8247124, 20.2955303 ], [ 85.8247025, 20.2955656 ] ], [ [ 85.8247025, 20.2955656 ], [ 85.8246141, 20.2958931 ], [ 85.8245702, 20.2960542 ] ], [ [ 85.8245702, 20.2960542 ], [ 85.8245486, 20.2961056 ], [ 85.8242981, 20.2969703 ] ], [ [ 85.8242981, 20.2969703 ], [ 85.8242557, 20.2971165 ] ], [ [ 85.8242557, 20.2971165 ], [ 85.824194, 20.2973251 ], [ 85.8239658, 20.2980723 ] ], [ [ 85.8239658, 20.2980723 ], [ 85.823863, 20.2984064 ], [ 85.8238226, 20.298541 ], [ 85.8236657, 20.2990395 ], [ 85.8235865, 20.2993139 ] ], [ [ 85.8235865, 20.2993139 ], [ 85.8234345, 20.2998032 ] ], [ [ 85.8234345, 20.2998032 ], [ 85.8228764, 20.3015996 ] ], [ [ 85.8228764, 20.3015996 ], [ 85.8227502, 20.3020402 ], [ 85.8226004, 20.3025285 ], [ 85.8222291, 20.3037905 ], [ 85.82202, 20.30449 ], [ 85.8219453, 20.304701 ], [ 85.8218668, 20.3049595 ], [ 85.8217533, 20.3052942 ], [ 85.82161, 20.30561 ], [ 85.8212043, 20.3061952 ], [ 85.8210089, 20.306477 ], [ 85.8208928, 20.3066437 ] ], [ [ 85.8208928, 20.3066437 ], [ 85.8208678, 20.3066735 ], [ 85.8205799, 20.3071006 ], [ 85.8204073, 20.3074258 ], [ 85.8202784, 20.3077002 ], [ 85.8202201, 20.3078278 ] ], [ [ 85.8202201, 20.3078278 ], [ 85.8201813, 20.3079128 ] ], [ [ 85.8201813, 20.3079128 ], [ 85.8200831, 20.3082094 ], [ 85.8200192, 20.3084887 ], [ 85.8200045, 20.3087096 ], [ 85.8200258, 20.3090499 ], [ 85.8200307, 20.3092353 ], [ 85.8200299, 20.309461 ], [ 85.8201037, 20.3099903 ], [ 85.8201079, 20.3100643 ], [ 85.8201242, 20.3107297 ] ], [ [ 85.8201242, 20.3107297 ], [ 85.8201265, 20.3108238 ] ], [ [ 85.8201265, 20.3108238 ], [ 85.820147, 20.3116432 ], [ 85.820163, 20.3122847 ] ], [ [ 85.820163, 20.3122847 ], [ 85.8201712, 20.3126123 ] ], [ [ 85.8201712, 20.3126123 ], [ 85.8201777, 20.312915 ], [ 85.8201964, 20.3137928 ], [ 85.8202, 20.31396 ], [ 85.8201968, 20.3146496 ] ], [ [ 85.8201968, 20.3146496 ], [ 85.82022, 20.31475 ] ], [ [ 85.82022, 20.31475 ], [ 85.8202727, 20.3160629 ], [ 85.8202909, 20.3164666 ], [ 85.8203154, 20.3170605 ], [ 85.8203244, 20.3172774 ] ], [ [ 85.8203244, 20.3172774 ], [ 85.8203287, 20.3178233 ], [ 85.8203179, 20.3187092 ] ], [ [ 85.8203179, 20.3187092 ], [ 85.8203525, 20.3200262 ], [ 85.8203619, 20.3207918 ], [ 85.820378, 20.3211475 ] ], [ [ 85.820378, 20.3211475 ], [ 85.8203921, 20.3213831 ] ], [ [ 85.8203921, 20.3213831 ], [ 85.8204062, 20.3220417 ] ], [ [ 85.8204062, 20.3220417 ], [ 85.8204604, 20.3233013 ] ], [ [ 85.8204604, 20.3233013 ], [ 85.8204751, 20.3238366 ], [ 85.8204811, 20.3241943 ] ], [ [ 85.8204811, 20.3241943 ], [ 85.8204921, 20.3243546 ], [ 85.820497, 20.3245184 ] ], [ [ 85.820497, 20.3245184 ], [ 85.8204997, 20.3248842 ], [ 85.820579, 20.3256258 ] ], [ [ 85.820579, 20.3256258 ], [ 85.8205942, 20.3257289 ], [ 85.8206553, 20.3261424 ], [ 85.8206715, 20.3262524 ] ], [ [ 85.8206715, 20.3262524 ], [ 85.8206777, 20.3263088 ] ], [ [ 85.8206777, 20.3263088 ], [ 85.8207794, 20.3271587 ] ], [ [ 85.8207794, 20.3271587 ], [ 85.8208801, 20.3279576 ] ], [ [ 85.8208801, 20.3279576 ], [ 85.8208808, 20.3279632 ], [ 85.8209122, 20.3282125 ] ], [ [ 85.8209122, 20.3282125 ], [ 85.8209184, 20.3282619 ], [ 85.8210487, 20.3292017 ] ], [ [ 85.8210487, 20.3292017 ], [ 85.8211207, 20.3297623 ], [ 85.8212013, 20.3303799 ] ], [ [ 85.8212013, 20.3303799 ], [ 85.8212301, 20.3305999 ] ], [ [ 85.8212301, 20.3305999 ], [ 85.821314, 20.3312412 ] ], [ [ 85.821314, 20.3312412 ], [ 85.8213715, 20.3316459 ] ], [ [ 85.8213715, 20.3316459 ], [ 85.821435, 20.3322111 ], [ 85.8214541, 20.3324387 ] ], [ [ 85.8214541, 20.3324387 ], [ 85.8215748, 20.3332709 ], [ 85.8216385, 20.3337508 ] ], [ [ 85.8216385, 20.3337508 ], [ 85.8216525, 20.3338756 ], [ 85.8217145, 20.3343445 ], [ 85.8217351, 20.3345269 ], [ 85.8217657, 20.3347103 ], [ 85.8218079, 20.3350799 ] ], [ [ 85.8218079, 20.3350799 ], [ 85.8218377, 20.3353498 ], [ 85.8218683, 20.3356516 ], [ 85.821926, 20.3360703 ], [ 85.8220102, 20.3367127 ], [ 85.8221056, 20.3374114 ] ], [ [ 85.8221056, 20.3374114 ], [ 85.8221716, 20.3379778 ], [ 85.8222664, 20.33859 ], [ 85.8223254, 20.339022 ] ], [ [ 85.8223254, 20.339022 ], [ 85.8226093, 20.3411023 ] ], [ [ 85.8226093, 20.3411023 ], [ 85.8227322, 20.3420027 ] ], [ [ 85.8227322, 20.3420027 ], [ 85.8227982, 20.3423328 ] ], [ [ 85.8227982, 20.3423328 ], [ 85.8228334, 20.3424736 ] ], [ [ 85.8228334, 20.3424736 ], [ 85.8229917, 20.3429522 ], [ 85.8230567, 20.3431863 ] ], [ [ 85.8230567, 20.3431863 ], [ 85.8231832, 20.3435329 ] ], [ [ 85.8231832, 20.3435329 ], [ 85.8232681, 20.3437902 ], [ 85.8232876, 20.3438419 ] ], [ [ 85.8232876, 20.3438419 ], [ 85.8234523, 20.3443053 ] ], [ [ 85.8234523, 20.3443053 ], [ 85.823635, 20.3448162 ] ], [ [ 85.823635, 20.3448162 ], [ 85.8237281, 20.3450767 ] ], [ [ 85.8237281, 20.3450767 ], [ 85.8238619, 20.3454702 ] ], [ [ 85.8238619, 20.3454702 ], [ 85.8243012, 20.3467394 ] ], [ [ 85.8243012, 20.3467394 ], [ 85.8245736, 20.3474755 ], [ 85.8246157, 20.3476079 ], [ 85.8247418, 20.3479937 ], [ 85.8247811, 20.3481175 ], [ 85.8248194, 20.3482297 ] ], [ [ 85.8248194, 20.3482297 ], [ 85.8248952, 20.3484517 ], [ 85.8249581, 20.3486362 ], [ 85.8250868, 20.3490118 ] ], [ [ 85.8250868, 20.3490118 ], [ 85.8252016, 20.3493542 ], [ 85.8253299, 20.3497041 ], [ 85.8253776, 20.3498476 ] ], [ [ 85.8253776, 20.3498476 ], [ 85.825393, 20.349894 ], [ 85.8254495, 20.3500577 ], [ 85.8255099, 20.3502475 ], [ 85.8257201, 20.3508392 ], [ 85.8262826, 20.3524845 ] ], [ [ 85.8262826, 20.3524845 ], [ 85.826468, 20.3530227 ] ], [ [ 85.826468, 20.3530227 ], [ 85.8265299, 20.3531938 ] ], [ [ 85.8265299, 20.3531938 ], [ 85.8265555, 20.3532687 ] ], [ [ 85.8265555, 20.3532687 ], [ 85.8266456, 20.3534882 ] ], [ [ 85.8266456, 20.3534882 ], [ 85.8267272, 20.353735 ] ], [ [ 85.8267272, 20.353735 ], [ 85.826924, 20.3542569 ] ], [ [ 85.826924, 20.3542569 ], [ 85.8270877, 20.3547035 ] ], [ [ 85.8270877, 20.3547035 ], [ 85.8272175, 20.3550935 ] ], [ [ 85.8272175, 20.3550935 ], [ 85.8273003, 20.355327 ] ], [ [ 85.8273003, 20.355327 ], [ 85.8273308, 20.3554224 ] ], [ [ 85.8273308, 20.3554224 ], [ 85.8273647, 20.3555282 ] ], [ [ 85.8273647, 20.3555282 ], [ 85.8273989, 20.3556421 ], [ 85.82741, 20.35571 ], [ 85.8275247, 20.3563659 ], [ 85.8275693, 20.3567043 ], [ 85.8276194, 20.356981 ], [ 85.8276674, 20.3573249 ] ], [ [ 85.8276674, 20.3573249 ], [ 85.8277202, 20.3576042 ], [ 85.8277493, 20.3577799 ], [ 85.8277764, 20.3579684 ], [ 85.8278099, 20.3581636 ], [ 85.8278549, 20.3584536 ] ], [ [ 85.8278549, 20.3584536 ], [ 85.8279205, 20.3587673 ], [ 85.8280107, 20.3593383 ] ], [ [ 85.8280107, 20.3593383 ], [ 85.828181, 20.3604172 ], [ 85.8283962, 20.3617507 ] ], [ [ 85.8283962, 20.3617507 ], [ 85.8282055, 20.3618297 ], [ 85.8280787, 20.3619056 ], [ 85.8279395, 20.3620093 ] ], [ [ 85.8279395, 20.3620093 ], [ 85.8278269, 20.3620984 ], [ 85.8277707, 20.3621191 ], [ 85.8275672, 20.3621183 ], [ 85.8275132, 20.3621307 ], [ 85.8274836, 20.3621577 ], [ 85.827377, 20.362327 ], [ 85.8272992, 20.3623854 ], [ 85.8271349, 20.3624733 ] ], [ [ 85.8271349, 20.3624733 ], [ 85.8269111, 20.362593 ] ], [ [ 85.8269111, 20.362593 ], [ 85.8267122, 20.362767 ] ], [ [ 85.8267122, 20.362767 ], [ 85.8266642, 20.3628104 ], [ 85.8264135, 20.3630729 ], [ 85.8261222, 20.363318 ], [ 85.8260239, 20.3634104 ] ] ] } },
{ "type": "Feature", "properties": { "route_id": "R_SYN058", "stop_id": "SYN058" }, "geometry": { "type": "MultiLineString", "coordinates": [ [ [ 85.7956882, 20.2733904 ], [ 85.7956242, 20.2730836 ], [ 85.7955946, 20.2730307 ], [ 85.7955213, 20.2729733 ], [ 85.7955018, 20.2728997 ], [ 85.7957248, 20.2724912 ] ], [ [ 85.7957248, 20.2724912 ], [ 85.795809, 20.2725261 ], [ 85.7960022, 20.272565 ], [ 85.7961624, 20.2725637 ] ], [ [ 85.7961624, 20.2725637 ], [ 85.7964029, 20.2725288 ], [ 85.7964995, 20.2725038 ], [ 85.7965888, 20.2724875 ], [ 85.7967526, 20.2724499 ], [ 85.7968487, 20.2725038 ], [ 85.7969664, 20.2725134 ], [ 85.7971879, 20.2724894 ] ], [ [ 85.7971879, 20.2724894 ], [ 85.797172, 20.272296 ] ], [ [ 85.797172, 20.272296 ], [ 85.7972477, 20.2717737 ] ], [ [ 85.7972477, 20.2717737 ], [ 85.7975255, 20.2717888 ], [ 85.7977045, 20.2717707 ], [ 85.7978663, 20.2717358 ] ], [ [ 85.7978663, 20.2717358 ], [ 85.7981349, 20.271675 ] ], [ [ 85.7981349, 20.271675 ], [ 85.7983505, 20.2716077 ], [ 85.7984191, 20.2715274 ], [ 85.7984898, 20.2714498 ] ], [ [ 85.7984898, 20.2714498 ], [ 85.7986237, 20.2714557 ], [ 85.798756, 20.2714805 ], [ 85.7989082, 20.271465 ], [ 85.7989942, 20.2714246 ], [ 85.7990505, 20.2712074 ], [ 85.7990802, 20.2710119 ], [ 85.7992192, 20.2709343 ], [ 85.7993081, 20.2708896 ] ], [ [ 85.7993081, 20.2708896 ], [ 85.7994044, 20.2708412 ], [ 85.7995401, 20.2707512 ], [ 85.7996129, 20.2706798 ], [ 85.7999083, 20.2705607 ], [ 85.7997176, 20.2699327 ] ], [ [ 85.7997176, 20.2699327 ], [ 85.799982, 20.2697882 ] ], [ [ 85.799982, 20.2697882 ], [ 85.8001269, 20.2696868 ], [ 85.8005527, 20.2696131 ] ], [ [ 85.8005527, 20.2696131 ], [ 85.800667, 20.2698519 ] ], [ [ 85.800667, 20.2698519 ], [ 85.801248, 20.2693828 ], [ 85.8014922, 20.2691786 ], [ 85.801763, 20.2689876 ], [ 85.8019317, 20.268979 ] ], [ [ 85.8019317, 20.268979 ], [ 85.8023185, 20.2694218 ] ], [ [ 85.8023185, 20.2694218 ], [ 85.8029987, 20.2690059 ], [ 85.8032486, 20.2687671 ] ], [ [ 85.8032486, 20.2687671 ], [ 85.803749, 20.2690569 ], [ 85.8041913, 20.269319 ] ], [ [ 85.8041913, 20.269319 ], [ 85.8052733, 20.2698734 ] ], [ [ 85.8052733, 20.2698734 ], [ 85.8059109, 20.2702311 ], [ 85.8060087, 20.2702905 ], [ 85.8065427, 20.270607 ], [ 85.8067635, 20.2707515 ] ], [ [ 85.8067635, 20.2707515 ], [ 85.8068376, 20.2708031 ] ], [ [ 85.8068376, 20.2708031 ], [ 85.8068528, 20.270789 ], [ 85.8069183, 20.2707315 ] ], [ [ 85.8069183, 20.2707315 ], [ 85.8071166, 20.2705576 ] ], [ [ 85.8071166, 20.2705576 ], [ 85.8074254, 20.2702742 ] ], [ [ 85.8074254, 20.2702742 ], [ 85.80776, 20.2699615 ] ], [ [ 85.80776, 20.2699615 ], [ 85.8091807, 20.2686525 ], [ 85.8095826, 20.2682949 ], [ 85.8097477, 20.2681471 ], [ 85.8100499, 20.2678704 ], [ 85.8107237, 20.2672454 ], [ 85.8108664, 20.2671111 ] ], [ [ 85.8108664, 20.2671111 ], [ 85.8108121, 20.2670091 ] ], [ [ 85.8108121, 20.2670091 ], [ 85.8105891, 20.2663864 ] ], [ [ 85.8105891, 20.2663864 ], [ 85.8105059, 20.2659967 ], [ 85.8104194, 20.2655918 ], [ 85.8102914, 20.2650364 ], [ 85.8102703, 20.2649214 ] ], [ [ 85.8102703, 20.2649214 ], [ 85.8099614, 20.2634066 ] ], [ [ 85.8099614, 20.2634066 ], [ 85.8105253, 20.2632451 ], [ 85.8114712, 20.2629743 ], [ 85.81215, 20.26278 ], [ 85.8122359, 20.262762 ] ] ] } },
{ "type": "Feature", "properties": { "route_id": "R_SYN059", "stop_id": "SYN059" }, "geometry": { "type": "MultiLineString", "coordinates": [ [ [ 85.7956882, 20.2733904 ], [ 85.7956242, 20.2730836 ], [ 85.7955946, 20.2730307 ], [ 85.7955213, 20.2729733 ], [ 85.7955018, 20.2728997 ], [ 85.7957248, 20.2724912 ] ], [ [ 85.7957248, 20.2724912 ], [ 85.7955718, 20.2724278 ], [ 85.7954738, 20.2723002 ], [ 85.7954366, 20.2722518 ], [ 85.7952148, 20.2720054 ] ], [ [ 85.7952148, 20.2720054 ], [ 85.7951966, 20.2719852 ], [ 85.7949362, 20.2717168 ] ], [ [ 85.7949362, 20.2717168 ], [ 85.794791, 20.2717447 ], [ 85.7945393, 20.2717996 ], [ 85.7942273, 20.2719166 ] ], [ [ 85.7942273, 20.2719166 ], [ 85.7941032, 20.2719631 ] ], [ [ 85.7941032, 20.2719631 ], [ 85.7940706, 20.2718488 ], [ 85.7939437, 20.2714805 ] ], [ [ 85.7939437, 20.2714805 ], [ 85.7935793, 20.2716123 ] ], [ [ 85.7935793, 20.2716123 ], [ 85.7933762, 20.2711256 ] ], [ [ 85.7933762, 20.2711256 ], [ 85.7932996, 20.270933 ], [ 85.7925371, 20.2687271 ], [ 85.7919851, 20.2671421 ], [ 85.7918075, 20.2666166 ], [ 85.7916877, 20.2662623 ] ], [ [ 85.7916877, 20.2662623 ], [ 85.7910534, 20.2667021 ], [ 85.7904419, 20.2671248 ], [ 85.7900395, 20.2673965 ], [ 85.7896801, 20.2676482 ], [ 85.7893609, 20.2678746 ], [ 85.7891952, 20.2679989 ], [ 85.789093, 20.2680787 ] ], [ [ 85.789093, 20.2680787 ], [ 85.7890027, 20.2681101 ], [ 85.7882588, 20.2686176 ], [ 85.7879324, 20.2688131 ], [ 85.7874149, 20.2690741 ], [ 85.7872152, 20.269178 ], [ 85.7868595, 20.2693362 ], [ 85.7868034, 20.2693552 ], [ 85.7867588, 20.269424 ] ], [ [ 85.7867588, 20.269424 ], [ 85.7866993, 20.2694259 ], [ 85.786642, 20.2694352 ], [ 85.7864558, 20.2694596 ] ], [ [ 85.7864558, 20.2694596 ], [ 85.7862764, 20.2694842 ], [ 85.7860726, 20.2695382 ], [ 85.7858968, 20.2695847 ] ], [ [ 85.7858968, 20.2695847 ], [ 85.7854784, 20.2696336 ], [ 85.7844692, 20.2699171 ] ], [ [ 85.7844692, 20.2699171 ], [ 85.7841848, 20.2700141 ] ], [ [ 85.7841848, 20.2700141 ], [ 85.7840961, 20.2700084 ] ], [ [ 85.7840961, 20.2700084 ], [ 85.7840497, 20.2703888 ] ], [ [ 85.7840497, 20.2703888 ], [ 85.7839657, 20.2709487 ] ], [ [ 85.7839657, 20.2709487 ], [ 85.7839232, 20.2712838 ] ], [ [ 85.7839232, 20.2712838 ], [ 85.7839165, 20.2714884 ] ], [ [ 85.7839165, 20.2714884 ], [ 85.7837065, 20.272492 ] ], [ [ 85.7837065, 20.272492 ], [ 85.7827243, 20.2724275 ], [ 85.7820467, 20.2724012 ], [ 85.7818589, 20.2723908 ], [ 85.7814939, 20.2723692 ] ] ] } },
{ "type": "Feature", "properties": { "route_id": "R_SYN060", "stop_id": "SYN060" }, "geometry": { "type": "MultiLineString", "coordinates": [ [ [ 85.7956882, 20.2733904 ], [ 85.7956242, 20.2730836 ], [ 85.7955946, 20.2730307 ], [ 85.7955213, 20.2729733 ], [ 85.7955018, 20.2728997 ], [ 85.7957248, 20.2724912 ] ], [ [ 85.7957248, 20.2724912 ], [ 85.7955718, 20.2724278 ], [ 85.7954738, 20.2723002 ], [ 85.7954366, 20.2722518 ], [ 85.7952148, 20.2720054 ] ], [ [ 85.7952148, 20.2720054 ], [ 85.7951966, 20.2719852 ], [ 85.7949362, 20.2717168 ] ], [ [ 85.7949362, 20.2717168 ], [ 85.794791, 20.2717447 ], [ 85.7945393, 20.2717996 ], [ 85.7942273, 20.2719166 ] ], [ [ 85.7942273, 20.2719166 ], [ 85.7941032, 20.2719631 ] ], [ [ 85.7941032, 20.2719631 ], [ 85.7940706, 20.2718488 ], [ 85.7939437, 20.2714805 ] ], [ [ 85.7939437, 20.2714805 ], [ 85.7935793, 20.2716123 ] ], [ [ 85.7935793, 20.2716123 ], [ 85.7933762, 20.2711256 ] ], [ [ 85.7933762, 20.2711256 ], [ 85.7932996, 20.270933 ], [ 85.7925371, 20.2687271 ], [ 85.7919851, 20.2671421 ], [ 85.7918075, 20.2666166 ], [ 85.7916877, 20.2662623 ] ], [ [ 85.7916877, 20.2662623 ], [ 85.7910534, 20.2667021 ], [ 85.7904419, 20.2671248 ], [ 85.7900395, 20.2673965 ], [ 85.7896801, 20.2676482 ], [ 85.7893609, 20.2678746 ], [ 85.7891952, 20.2679989 ], [ 85.789093, 20.2680787 ] ], [ [ 85.789093, 20.2680787 ], [ 85.7890027, 20.2681101 ], [ 85.7882588, 20.2686176 ], [ 85.7879324, 20.2688131 ], [ 85.7874149, 20.2690741 ], [ 85.7872152, 20.269178 ], [ 85.7868595, 20.2693362 ], [ 85.7868034, 20.2693552 ], [ 85.7867588, 20.269424 ] ], [ [ 85.7867588, 20.269424 ], [ 85.7866993, 20.2694259 ], [ 85.786642, 20.2694352 ], [ 85.7864558, 20.2694596 ] ], [ [ 85.7864558, 20.2694596 ], [ 85.7862764, 20.2694842 ], [ 85.7860726, 20.2695382 ], [ 85.7858968, 20.2695847 ] ], [ [ 85.7858968, 20.2695847 ], [ 85.7854784, 20.2696336 ], [ 85.7844692, 20.2699171 ] ], [ [ 85.7844692, 20.2699171 ], [ 85.7841848, 20.2700141 ] ], [ [ 85.7841848, 20.2700141 ], [ 85.7840961, 20.2700084 ] ], [ [ 85.7840961, 20.2700084 ], [ 85.7840497, 20.2703888 ] ], [ [ 85.7840497, 20.2703888 ], [ 85.7839657, 20.2709487 ] ], [ [ 85.7839657, 20.2709487 ], [ 85.7839232, 20.2712838 ] ], [ [ 85.7839232, 20.2712838 ], [ 85.7839165, 20.2714884 ] ], [ [ 85.7839165, 20.2714884 ], [ 85.7837065, 20.272492 ] ], [ [ 85.7837065, 20.272492 ], [ 85.7827243, 20.2724275 ], [ 85.7820467, 20.2724012 ], [ 85.7818589, 20.2723908 ], [ 85.7814939, 20.2723692 ] ], [ [ 85.7814939, 20.2723692 ], [ 85.7814548, 20.2723707 ], [ 85.7809659, 20.2723558 ] ], [ [ 85.7809659, 20.2723558 ], [ 85.7809053, 20.2723285 ], [ 85.779871, 20.2723168 ] ], [ [ 85.779871, 20.2723168 ], [ 85.7790209, 20.272331 ] ], [ [ 85.7790209, 20.272331 ], [ 85.7785514, 20.2723389 ] ], [ [ 85.7785514, 20.2723389 ], [ 85.7785016, 20.2723397 ], [ 85.7781706, 20.2723383 ] ], [ [ 85.7781706, 20.2723383 ], [ 85.7770495, 20.2723336 ], [ 85.775734, 20.2723132 ], [ 85.7754972, 20.2722956 ] ], [ [ 85.7754972, 20.2722956 ], [ 85.7752285, 20.2722757 ], [ 85.7749817, 20.2722796 ] ], [ [ 85.7749817, 20.2722796 ], [ 85.7749392, 20.2722803 ], [ 85.7748663, 20.2722878 ] ], [ [ 85.7748663, 20.2722878 ], [ 85.7747224, 20.2723025 ], [ 85.7743562, 20.2723263 ], [ 85.7732072, 20.272385 ], [ 85.7731679, 20.272387 ] ], [ [ 85.7731679, 20.272387 ], [ 85.7730715, 20.2723919 ] ], [ [ 85.7730715, 20.2723919 ], [ 85.7727793, 20.2724068 ], [ 85.7727099, 20.2724111 ] ], [ [ 85.7727099, 20.2724111 ], [ 85.7727098, 20.2724979 ] ], [ [ 85.7727098, 20.2724979 ], [ 85.772551, 20.2739374 ], [ 85.7724095, 20.2751179 ] ], [ [ 85.7724095, 20.2751179 ], [ 85.7723721, 20.2754295 ], [ 85.7723647, 20.2754897 ] ], [ [ 85.7723647, 20.2754897 ], [ 85.772301, 20.2760035 ] ], [ [ 85.772301, 20.2760035 ], [ 85.7728585, 20.2760636 ] ], [ [ 85.7728585, 20.2760636 ], [ 85.7727951, 20.2765617 ] ], [ [ 85.7727951, 20.2765617 ], [ 85.7735406, 20.2766568 ] ], [ [ 85.7735406, 20.2766568 ], [ 85.774067, 20.2767201 ] ] ] } },
{ "type": "Feature", "properties": { "route_id": "R_SYN061", "stop_id": "SYN061" }, "geometry": { "type": "MultiLineString", "coordinates": [ [ [ 85.7956882, 20.2733904 ], [ 85.7956242, 20.2730836 ], [ 85.7955946, 20.2730307 ], [ 85.7955213, 20.2729733 ], [ 85.7955018, 20.2728997 ], [ 85.7957248, 20.2724912 ] ], [ [ 85.7957248, 20.2724912 ], [ 85.7955718, 20.2724278 ], [ 85.7954738, 20.2723002 ], [ 85.7954366, 20.2722518 ], [ 85.7952148, 20.2720054 ] ], [ [ 85.7952148, 20.2720054 ], [ 85.7951966, 20.2719852 ], [ 85.7949362, 20.2717168 ] ], [ [ 85.7949362, 20.2717168 ], [ 85.794791, 20.2717447 ], [ 85.7945393, 20.2717996 ], [ 85.7942273, 20.2719166 ] ], [ [ 85.7942273, 20.2719166 ], [ 85.7941032, 20.2719631 ] ], [ [ 85.7941032, 20.2719631 ], [ 85.7940706, 20.2718488 ], [ 85.7939437, 20.2714805 ] ], [ [ 85.7939437, 20.2714805 ], [ 85.7938778, 20.2712955 ], [ 85.7938188, 20.2711182 ] ], [ [ 85.7938188, 20.2711182 ], [ 85.7937598, 20.2709508 ], [ 85.7936351, 20.2705583 ], [ 85.7934943, 20.2701538 ] ], [ [ 85.7934943, 20.2701538 ], [ 85.793382, 20.2698115 ], [ 85.7930373, 20.2688759 ], [ 85.7927537, 20.2680633 ], [ 85.7923572, 20.2669103 ], [ 85.7920319, 20.265977 ] ], [ [ 85.7920319, 20.265977 ], [ 85.7919973, 20.2658689 ], [ 85.7919839, 20.2658314 ], [ 85.7918189, 20.2653697 ], [ 85.7916588, 20.2649218 ], [ 85.7913477, 20.2640664 ], [ 85.7910216, 20.2630947 ], [ 85.7909187, 20.2628079 ], [ 85.7909052, 20.2627733 ] ], [ [ 85.7909052, 20.2627733 ], [ 85.7905816, 20.2618686 ], [ 85.7903358, 20.261286 ], [ 85.7899126, 20.2604686 ], [ 85.7895572, 20.2598294 ] ], [ [ 85.7895572, 20.2598294 ], [ 85.7894871, 20.2597034 ], [ 85.7893415, 20.2594416 ] ], [ [ 85.7893415, 20.2594416 ], [ 85.7892584, 20.2592922 ] ], [ [ 85.7892584, 20.2592922 ], [ 85.7892076, 20.2592129 ] ], [ [ 85.7892076, 20.2592129 ], [ 85.7890722, 20.259284 ], [ 85.7888451, 20.2594022 ] ], [ [ 85.7888451, 20.2594022 ], [ 85.788589, 20.2595374 ] ], [ [ 85.788589, 20.2595374 ], [ 85.7881312, 20.2598013 ] ], [ [ 85.7881312, 20.2598013 ], [ 85.7878427, 20.259983 ], [ 85.7877833, 20.2600722 ] ], [ [ 85.7877833, 20.2600722 ], [ 85.7868958, 20.258282 ] ], [ [ 85.7868958, 20.258282 ], [ 85.7865107, 20.258359 ], [ 85.7851634, 20.2587156 ] ], [ [ 85.7851634, 20.2587156 ], [ 85.7851444, 20.2586668 ], [ 85.7849808, 20.2582718 ], [ 85.784749, 20.2576898 ], [ 85.7847072, 20.2575848 ], [ 85.784549, 20.2571571 ], [ 85.7844916, 20.2569787 ] ], [ [ 85.7844916, 20.2569787 ], [ 85.7838302, 20.2569326 ] ], [ [ 85.7838302, 20.2569326 ], [ 85.7833652, 20.256903 ] ], [ [ 85.7833652, 20.256903 ], [ 85.7828799, 20.2568725 ] ], [ [ 85.7828799, 20.2568725 ], [ 85.7818668, 20.2568089 ], [ 85.7818107, 20.2566333 ] ], [ [ 85.7818107, 20.2566333 ], [ 85.7800019, 20.2564416 ] ], [ [ 85.7800019, 20.2564416 ], [ 85.7799169, 20.2566061 ], [ 85.779873, 20.2566328 ], [ 85.7797818, 20.2566228 ], [ 85.7793981, 20.2565667 ] ], [ [ 85.7793981, 20.2565667 ], [ 85.7794274, 20.2564771 ], [ 85.7795105, 20.2562942 ] ], [ [ 85.7795105, 20.2562942 ], [ 85.7794394, 20.2562606 ] ], [ [ 85.7794394, 20.2562606 ], [ 85.7793527, 20.2564515 ] ], [ [ 85.7793527, 20.2564515 ], [ 85.7792928, 20.2566347 ], [ 85.7792491, 20.25686 ] ], [ [ 85.7792491, 20.25686 ], [ 85.779218, 20.2570206 ], [ 85.779113, 20.2576594 ], [ 85.7790194, 20.2581869 ] ], [ [ 85.7790194, 20.2581869 ], [ 85.7788248, 20.2592829 ] ], [ [ 85.7788248, 20.2592829 ], [ 85.7788151, 20.2593377 ], [ 85.7787625, 20.2596401 ] ], [ [ 85.7787625, 20.2596401 ], [ 85.7781653, 20.2596355 ] ] ] } },
{ "type": "Feature", "properties": { "route_id": "R_SYN062", "stop_id": "SYN062" }, "geometry": { "type": "MultiLineString", "coordinates": [ [ [ 85.7956882, 20.2733904 ], [ 85.7956242, 20.2730836 ], [ 85.7955946, 20.2730307 ], [ 85.7955213, 20.2729733 ], [ 85.7955018, 20.2728997 ], [ 85.7957248, 20.2724912 ] ], [ [ 85.7957248, 20.2724912 ], [ 85.7955718, 20.2724278 ], [ 85.7954738, 20.2723002 ], [ 85.7954366, 20.2722518 ], [ 85.7952148, 20.2720054 ] ], [ [ 85.7952148, 20.2720054 ], [ 85.7951966, 20.2719852 ], [ 85.7949362, 20.2717168 ] ], [ [ 85.7949362, 20.2717168 ], [ 85.794791, 20.2717447 ], [ 85.7945393, 20.2717996 ], [ 85.7942273, 20.2719166 ] ], [ [ 85.7942273, 20.2719166 ], [ 85.7941032, 20.2719631 ] ], [ [ 85.7941032, 20.2719631 ], [ 85.7940706, 20.2718488 ], [ 85.7939437, 20.2714805 ] ], [ [ 85.7939437, 20.2714805 ], [ 85.7935793, 20.2716123 ] ], [ [ 85.7935793, 20.2716123 ], [ 85.7933762, 20.2711256 ] ], [ [ 85.7933762, 20.2711256 ], [ 85.7932996, 20.270933 ], [ 85.7925371, 20.2687271 ], [ 85.7919851, 20.2671421 ], [ 85.7918075, 20.2666166 ], [ 85.7916877, 20.2662623 ] ], [ [ 85.7916877, 20.2662623 ], [ 85.7910534, 20.2667021 ], [ 85.7904419, 20.2671248 ], [ 85.7900395, 20.2673965 ], [ 85.7896801, 20.2676482 ], [ 85.7893609, 20.2678746 ], [ 85.7891952, 20.2679989 ], [ 85.789093, 20.2680787 ] ], [ [ 85.789093, 20.2680787 ], [ 85.7890027, 20.2681101 ], [ 85.7882588, 20.2686176 ], [ 85.7879324, 20.2688131 ], [ 85.7874149, 20.2690741 ], [ 85.7872152, 20.269178 ], [ 85.7868595, 20.2693362 ], [ 85.7868034, 20.2693552 ], [ 85.7867588, 20.269424 ] ], [ [ 85.7867588, 20.269424 ], [ 85.7866993, 20.2694259 ], [ 85.786642, 20.2694352 ], [ 85.7864558, 20.2694596 ] ], [ [ 85.7864558, 20.2694596 ], [ 85.7862764, 20.2694842 ], [ 85.7860726, 20.2695382 ], [ 85.7858968, 20.2695847 ] ], [ [ 85.7858968, 20.2695847 ], [ 85.7854784, 20.2696336 ], [ 85.7844692, 20.2699171 ] ], [ [ 85.7844692, 20.2699171 ], [ 85.7841848, 20.2700141 ] ], [ [ 85.7841848, 20.2700141 ], [ 85.7843323, 20.2689893 ] ], [ [ 85.7843323, 20.2689893 ], [ 85.7843558, 20.2688261 ], [ 85.7844526, 20.2679667 ], [ 85.7845121, 20.2675291 ], [ 85.7847248, 20.2659296 ], [ 85.7847274, 20.2658555 ], [ 85.784729, 20.2657291 ] ], [ [ 85.784729, 20.2657291 ], [ 85.7847338, 20.2656414 ] ] ] } },
{ "type": "Feature", "properties": { "route_id": "R_SYN063", "stop_id": "SYN063" }, "geometry": { "type": "MultiLineString", "coordinates": [ [ [ 85.7956882, 20.2733904 ], [ 85.7956242, 20.2730836 ], [ 85.7955946, 20.2730307 ], [ 85.7955213, 20.2729733 ], [ 85.7955018, 20.2728997 ], [ 85.7957248, 20.2724912 ] ], [ [ 85.7957248, 20.2724912 ], [ 85.795809, 20.2725261 ], [ 85.7960022, 20.272565 ], [ 85.7961624, 20.2725637 ] ], [ [ 85.7961624, 20.2725637 ], [ 85.7964029, 20.2725288 ], [ 85.7964995, 20.2725038 ], [ 85.7965888, 20.2724875 ], [ 85.7967526, 20.2724499 ], [ 85.7968487, 20.2725038 ], [ 85.7969664, 20.2725134 ], [ 85.7971879, 20.2724894 ] ], [ [ 85.7971879, 20.2724894 ], [ 85.797172, 20.272296 ] ], [ [ 85.797172, 20.272296 ], [ 85.7972477, 20.2717737 ] ], [ [ 85.7972477, 20.2717737 ], [ 85.7975255, 20.2717888 ], [ 85.7977045, 20.2717707 ], [ 85.7978663, 20.2717358 ] ], [ [ 85.7978663, 20.2717358 ], [ 85.7981349, 20.271675 ] ], [ [ 85.7981349, 20.271675 ], [ 85.7983505, 20.2716077 ], [ 85.7984191, 20.2715274 ], [ 85.7984898, 20.2714498 ] ], [ [ 85.7984898, 20.2714498 ], [ 85.7986237, 20.2714557 ], [ 85.798756, 20.2714805 ], [ 85.7989082, 20.271465 ], [ 85.7989942, 20.2714246 ], [ 85.7990505, 20.2712074 ], [ 85.7990802, 20.2710119 ], [ 85.7992192, 20.2709343 ], [ 85.7993081, 20.2708896 ] ], [ [ 85.7993081, 20.2708896 ], [ 85.7994044, 20.2708412 ], [ 85.7995401, 20.2707512 ], [ 85.7996129, 20.2706798 ], [ 85.7999083, 20.2705607 ], [ 85.7997176, 20.2699327 ] ], [ [ 85.7997176, 20.2699327 ], [ 85.799982, 20.2697882 ] ], [ [ 85.799982, 20.2697882 ], [ 85.8001269, 20.2696868 ], [ 85.8005527, 20.2696131 ] ], [ [ 85.8005527, 20.2696131 ], [ 85.800667, 20.2698519 ] ], [ [ 85.800667, 20.2698519 ], [ 85.801248, 20.2693828 ], [ 85.8014922, 20.2691786 ], [ 85.801763, 20.2689876 ], [ 85.8019317, 20.268979 ] ], [ [ 85.8019317, 20.268979 ], [ 85.8023185, 20.2694218 ] ], [ [ 85.8023185, 20.2694218 ], [ 85.8029987, 20.2690059 ], [ 85.8032486, 20.2687671 ] ], [ [ 85.8032486, 20.2687671 ], [ 85.803749, 20.2690569 ], [ 85.8041913, 20.269319 ] ], [ [ 85.8041913, 20.269319 ], [ 85.8052733, 20.2698734 ] ], [ [ 85.8052733, 20.2698734 ], [ 85.8059109, 20.2702311 ], [ 85.8060087, 20.2702905 ], [ 85.8065427, 20.270607 ], [ 85.8067635, 20.2707515 ] ], [ [ 85.8067635, 20.2707515 ], [ 85.8068376, 20.2708031 ] ], [ [ 85.8068376, 20.2708031 ], [ 85.8068528, 20.270789 ], [ 85.8069183, 20.2707315 ] ], [ [ 85.8069183, 20.2707315 ], [ 85.8071166, 20.2705576 ] ], [ [ 85.8071166, 20.2705576 ], [ 85.8074254, 20.2702742 ] ], [ [ 85.8074254, 20.2702742 ], [ 85.80776, 20.2699615 ] ], [ [ 85.80776, 20.2699615 ], [ 85.8091807, 20.2686525 ], [ 85.8095826, 20.2682949 ], [ 85.8097477, 20.2681471 ], [ 85.8100499, 20.2678704 ], [ 85.8107237, 20.2672454 ], [ 85.8108664, 20.2671111 ] ], [ [ 85.8108664, 20.2671111 ], [ 85.8113638, 20.2666499 ], [ 85.8123276, 20.2657389 ], [ 85.8132396, 20.2648859 ], [ 85.8140228, 20.2641764 ], [ 85.8143017, 20.2639273 ] ], [ [ 85.8143017, 20.2639273 ], [ 85.8146504, 20.2636278 ], [ 85.8147825, 20.2635196 ], [ 85.8151144, 20.2632479 ], [ 85.8152191, 20.26319 ], [ 85.8153371, 20.2631523 ], [ 85.8157475, 20.263034 ], [ 85.8159513, 20.262961 ], [ 85.8161444, 20.2628554 ], [ 85.8162571, 20.2627748 ], [ 85.8163965, 20.262644 ], [ 85.8166272, 20.2623873 ], [ 85.8168065, 20.2621608 ] ], [ [ 85.8168065, 20.2621608 ], [ 85.8168364, 20.2621231 ], [ 85.8170215, 20.2619168 ], [ 85.8176304, 20.2612601 ], [ 85.818199, 20.2606562 ], [ 85.8183921, 20.2604725 ], [ 85.8185799, 20.260324 ], [ 85.8187837, 20.260163 ], [ 85.8190314, 20.2599923 ] ], [ [ 85.8190314, 20.2599923 ], [ 85.8192682, 20.2602835 ] ], [ [ 85.8192682, 20.2602835 ], [ 85.819425, 20.2604671 ] ], [ [ 85.819425, 20.2604671 ], [ 85.8201716, 20.259958 ], [ 85.8209337, 20.2594739 ] ], [ [ 85.8209337, 20.2594739 ], [ 85.8212493, 20.2598751 ] ], [ [ 85.8212493, 20.2598751 ], [ 85.821951, 20.2594662 ], [ 85.8221861, 20.2597338 ] ] ] } },
{ "type": "Feature", "properties": { "route_id": "R_SYN064", "stop_id": "SYN064" }, "geometry": { "type": "MultiLineString", "coordinates": [ [ [ 85.7956882, 20.2733904 ], [ 85.7956242, 20.2730836 ], [ 85.7955946, 20.2730307 ], [ 85.7955213, 20.2729733 ], [ 85.7955018, 20.2728997 ], [ 85.7957248, 20.2724912 ] ], [ [ 85.7957248, 20.2724912 ], [ 85.795809, 20.2725261 ], [ 85.7960022, 20.272565 ], [ 85.7961624, 20.2725637 ] ], [ [ 85.7961624, 20.2725637 ], [ 85.7964029, 20.2725288 ], [ 85.7964995, 20.2725038 ], [ 85.7965888, 20.2724875 ], [ 85.7967526, 20.2724499 ], [ 85.7968487, 20.2725038 ], [ 85.7969664, 20.2725134 ], [ 85.7971879, 20.2724894 ] ], [ [ 85.7971879, 20.2724894 ], [ 85.797172, 20.272296 ] ], [ [ 85.797172, 20.272296 ], [ 85.7973646, 20.2723499 ], [ 85.7975134, 20.2723949 ], [ 85.7976709, 20.2723938 ], [ 85.7978406, 20.2723928 ], [ 85.7979713, 20.2724066 ], [ 85.7980724, 20.2724183 ] ], [ [ 85.7980724, 20.2724183 ], [ 85.7980894, 20.2724889 ], [ 85.7981441, 20.2726138 ] ], [ [ 85.7981441, 20.2726138 ], [ 85.7984022, 20.2729489 ], [ 85.7986636, 20.2734028 ], [ 85.798722, 20.273434 ], [ 85.7989328, 20.2735272 ], [ 85.7991862, 20.2737681 ], [ 85.7995137, 20.2739924 ] ], [ [ 85.7995137, 20.2739924 ], [ 85.799999, 20.2742208 ] ], [ [ 85.799999, 20.2742208 ], [ 85.800016, 20.2742288 ], [ 85.8004007, 20.2743246 ] ], [ [ 85.8004007, 20.2743246 ], [ 85.8005615, 20.2745986 ] ], [ [ 85.8005615, 20.2745986 ], [ 85.8008421, 20.2749758 ], [ 85.8010195, 20.2751889 ] ], [ [ 85.8010195, 20.2751889 ], [ 85.8013269, 20.2751855 ] ], [ [ 85.8013269, 20.2751855 ], [ 85.8015809, 20.27517 ], [ 85.8017735, 20.2751686 ] ], [ [ 85.8017735, 20.2751686 ], [ 85.8019562, 20.2751853 ], [ 85.8021852, 20.2751956 ], [ 85.8023173, 20.2751956 ] ], [ [ 85.8023173, 20.2751956 ], [ 85.802482, 20.2752022 ], [ 85.8027718, 20.2752354 ], [ 85.8029086, 20.2752573 ], [ 85.8030419, 20.2753034 ], [ 85.8031804, 20.2753695 ] ], [ [ 85.8031804, 20.2753695 ], [ 85.8035951, 20.2756 ] ], [ [ 85.8035951, 20.2756 ], [ 85.8036496, 20.2757286 ] ], [ [ 85.8036496, 20.2757286 ], [ 85.8037569, 20.27581 ] ], [ [ 85.8037569, 20.27581 ], [ 85.8040261, 20.2760246 ] ], [ [ 85.8040261, 20.2760246 ], [ 85.8041889, 20.2761741 ], [ 85.8044882, 20.2764697 ] ], [ [ 85.8044882, 20.2764697 ], [ 85.8054861, 20.2774676 ], [ 85.8055858, 20.2775696 ] ], [ [ 85.8055858, 20.2775696 ], [ 85.806398, 20.278396 ], [ 85.8065197, 20.2785206 ] ], [ [ 85.8065197, 20.2785206 ], [ 85.8070385, 20.2790515 ] ], [ [ 85.8070385, 20.2790515 ], [ 85.8079276, 20.2799384 ], [ 85.8084043, 20.2804138 ], [ 85.8090417, 20.2810557 ], [ 85.8101485, 20.2821703 ] ], [ [ 85.8101485, 20.2821703 ], [ 85.8100801, 20.2822425 ], [ 85.8096838, 20.2827116 ], [ 85.80891, 20.283598 ], [ 85.8088058, 20.2837211 ] ], [ [ 85.8088058, 20.2837211 ], [ 85.8087489, 20.2838052 ] ], [ [ 85.8087489, 20.2838052 ], [ 85.8083563, 20.2842239 ], [ 85.8080659, 20.2845301 ], [ 85.8079704, 20.2846143 ] ], [ [ 85.8079704, 20.2846143 ], [ 85.8078263, 20.2847413 ] ], [ [ 85.8078263, 20.2847413 ], [ 85.8077594, 20.2848166 ], [ 85.807691, 20.2848967 ], [ 85.8075977, 20.28501 ] ], [ [ 85.8075977, 20.28501 ], [ 85.807673, 20.2850486 ] ], [ [ 85.807673, 20.2850486 ], [ 85.808039, 20.2852786 ] ], [ [ 85.808039, 20.2852786 ], [ 85.8081644, 20.2853574 ] ], [ [ 85.8081644, 20.2853574 ], [ 85.8083484, 20.285473 ], [ 85.8098007, 20.2863515 ] ], [ [ 85.8098007, 20.2863515 ], [ 85.8099872, 20.2864643 ], [ 85.8102727, 20.2866269 ] ], [ [ 85.8102727, 20.2866269 ], [ 85.8107166, 20.2868997 ] ], [ [ 85.8107166, 20.2868997 ], [ 85.8107815, 20.2869308 ], [ 85.8119452, 20.2876321 ], [ 85.8129904, 20.2882798 ] ], [ [ 85.8129904, 20.2882798 ], [ 85.8133681, 20.2884959 ], [ 85.8140213, 20.2889173 ], [ 85.8142814, 20.2890851 ], [ 85.8148849, 20.2894531 ], [ 85.8154872, 20.2898326 ] ], [ [ 85.8154872, 20.2898326 ], [ 85.8163308, 20.2903155 ], [ 85.816802, 20.2906055 ], [ 85.817054, 20.2907557 ] ], [ [ 85.817054, 20.2907557 ], [ 85.818041, 20.2913513 ], [ 85.8182813, 20.2913942 ] ], [ [ 85.8182813, 20.2913942 ], [ 85.8186578, 20.2916106 ], [ 85.8190404, 20.2918509 ], [ 85.8191979, 20.2919537 ], [ 85.8193481, 20.2920543 ] ], [ [ 85.8193481, 20.2920543 ], [ 85.8196834, 20.2922581 ], [ 85.8221566, 20.2937097 ] ], [ [ 85.8221566, 20.2937097 ], [ 85.8222417, 20.2937597 ], [ 85.8243158, 20.2950694 ], [ 85.8245453, 20.2952148 ], [ 85.8249465, 20.2954576 ], [ 85.825362, 20.2957046 ], [ 85.8257032, 20.2958928 ], [ 85.8261358, 20.2960876 ], [ 85.8266986, 20.2963387 ], [ 85.8272003, 20.2965412 ], [ 85.8277046, 20.2966993 ], [ 85.8281386, 20.2968289 ], [ 85.8285125, 20.2969213 ], [ 85.8286427, 20.2969509 ] ], [ [ 85.8286427, 20.2969509 ], [ 85.8288195, 20.2971168 ] ], [ [ 85.8288195, 20.2971168 ], [ 85.8290498, 20.2971578 ], [ 85.8294584, 20.2972036 ], [ 85.829799, 20.29725 ], [ 85.8298799, 20.2972583 ], [ 85.8306616, 20.2972869 ], [ 85.8313992, 20.2972693 ], [ 85.8320603, 20.2972469 ], [ 85.8325207, 20.2972064 ], [ 85.832963, 20.2971715 ] ], [ [ 85.832963, 20.2971715 ], [ 85.8331414, 20.2971574 ] ], [ [ 85.8331414, 20.2971574 ], [ 85.8332654, 20.2971506 ] ], [ [ 85.8332654, 20.2971506 ], [ 85.8334246, 20.2971306 ] ], [ [ 85.8334246, 20.2971306 ], [ 85.8338033, 20.2970972 ], [ 85.8346879, 20.2970252 ], [ 85.8362838, 20.2968894 ], [ 85.8373901, 20.2968005 ], [ 85.8377239, 20.2967737 ], [ 85.8393976, 20.2966328 ], [ 85.840399, 20.2965881 ], [ 85.8405271, 20.2965824 ], [ 85.8408559, 20.2965505 ], [ 85.8410238, 20.2965418 ], [ 85.8417664, 20.296469 ] ], [ [ 85.8417664, 20.296469 ], [ 85.8419985, 20.2964463 ] ], [ [ 85.8419985, 20.2964463 ], [ 85.8421632, 20.2964391 ] ], [ [ 85.8421632, 20.2964391 ], [ 85.8437642, 20.2963209 ], [ 85.8449014, 20.296211 ], [ 85.8455345, 20.2961498 ], [ 85.8458285, 20.2961255 ], [ 85.8464367, 20.2960699 ] ], [ [ 85.8464367, 20.2960699 ], [ 85.8473262, 20.2960067 ] ], [ [ 85.8473262, 20.2960067 ], [ 85.8477902, 20.2959737 ] ], [ [ 85.8477902, 20.2959737 ], [ 85.8478117, 20.2968719 ] ], [ [ 85.8478117, 20.2968719 ], [ 85.8488222, 20.2968959 ], [ 85.8490781, 20.2968983 ], [ 85.8490134, 20.2978781 ] ], [ [ 85.8490134, 20.2978781 ], [ 85.8494075, 20.2978661 ] ], [ [ 85.8494075, 20.2978661 ], [ 85.8495911, 20.2978586 ] ], [ [ 85.8495911, 20.2978586 ], [ 85.8495753, 20.2981017 ], [ 85.8495658, 20.2982261 ], [ 85.8495564, 20.2983178 ], [ 85.8495311, 20.2984274 ], [ 85.8493762, 20.2988947 ] ], [ [ 85.8493762, 20.2988947 ], [ 85.8496573, 20.298965 ] ], [ [ 85.8496573, 20.298965 ], [ 85.8499399, 20.2990358 ] ], [ [ 85.8499399, 20.2990358 ], [ 85.8498395, 20.2993796 ], [ 85.8497665, 20.299603 ], [ 85.8497358, 20.2996768 ], [ 85.849709, 20.2997378 ], [ 85.8496877, 20.2997723 ], [ 85.8496647, 20.2997993 ], [ 85.8496359, 20.2998227 ], [ 85.849584, 20.2998587 ], [ 85.8495495, 20.2998965 ], [ 85.8495207, 20.2999416 ], [ 85.8494957, 20.2999992 ], [ 85.8494458, 20.3001091 ] ], [ [ 85.8494458, 20.3001091 ], [ 85.8495745, 20.3001943 ], [ 85.8498253, 20.3003712 ] ], [ [ 85.8498253, 20.3003712 ], [ 85.8492779, 20.3015635 ], [ 85.8492248, 20.3016797 ], [ 85.8491492, 20.3018662 ] ], [ [ 85.8491492, 20.3018662 ], [ 85.8490373, 20.3021137 ] ], [ [ 85.8490373, 20.3021137 ], [ 85.8489434, 20.3023213 ], [ 85.8487344, 20.3027836 ], [ 85.8487879, 20.3030004 ] ], [ [ 85.8487879, 20.3030004 ], [ 85.8486432, 20.3031005 ], [ 85.8486029, 20.3032025 ], [ 85.8484206, 20.303573 ], [ 85.8482763, 20.3038868 ], [ 85.848166, 20.3041262 ] ], [ [ 85.848166, 20.3041262 ], [ 85.8481342, 20.3041778 ], [ 85.8479661, 20.3044039 ] ], [ [ 85.8479661, 20.3044039 ], [ 85.84781, 20.3045406 ] ], [ [ 85.84781, 20.3045406 ], [ 85.8475894, 20.3046198 ], [ 85.8473443, 20.304722 ], [ 85.84714, 20.3047884 ], [ 85.8469744, 20.304833 ] ], [ [ 85.8469744, 20.304833 ], [ 85.846903, 20.3048522 ], [ 85.8466905, 20.3048701 ], [ 85.8464154, 20.304888 ], [ 85.8459878, 20.3049008 ], [ 85.845931, 20.304849 ], [ 85.8457766, 20.3048306 ], [ 85.8455755, 20.3047985 ], [ 85.8453524, 20.3047778 ], [ 85.8452054, 20.3047295 ] ], [ [ 85.8452054, 20.3047295 ], [ 85.8450012, 20.305113 ] ], [ [ 85.8450012, 20.305113 ], [ 85.8446182, 20.3051624 ] ], [ [ 85.8446182, 20.3051624 ], [ 85.8442605, 20.3052085 ], [ 85.8441049, 20.3052488 ], [ 85.8440749, 20.3052605 ] ], [ [ 85.8440749, 20.3052605 ], [ 85.8438531, 20.3053472 ] ], [ [ 85.8438531, 20.3053472 ], [ 85.8436719, 20.3048302 ] ] ] } },
{ "type": "Feature", "properties": { "route_id": "R_SYN065", "stop_id": "SYN065" }, "geometry": { "type": "MultiLineString", "coordinates": [ [ [ 85.7956882, 20.2733904 ], [ 85.7956242, 20.2730836 ], [ 85.7955946, 20.2730307 ], [ 85.7955213, 20.2729733 ], [ 85.7955018, 20.2728997 ], [ 85.7957248, 20.2724912 ] ], [ [ 85.7957248, 20.2724912 ], [ 85.795809, 20.2725261 ], [ 85.7960022, 20.272565 ], [ 85.7961624, 20.2725637 ] ], [ [ 85.7961624, 20.2725637 ], [ 85.7964029, 20.2725288 ], [ 85.7964995, 20.2725038 ], [ 85.7965888, 20.2724875 ], [ 85.7967526, 20.2724499 ], [ 85.7968487, 20.2725038 ], [ 85.7969664, 20.2725134 ], [ 85.7971879, 20.2724894 ] ], [ [ 85.7971879, 20.2724894 ], [ 85.797172, 20.272296 ] ], [ [ 85.797172, 20.272296 ], [ 85.7973646, 20.2723499 ], [ 85.7975134, 20.2723949 ], [ 85.7976709, 20.2723938 ], [ 85.7978406, 20.2723928 ], [ 85.7979713, 20.2724066 ], [ 85.7980724, 20.2724183 ] ], [ [ 85.7980724, 20.2724183 ], [ 85.7980894, 20.2724889 ], [ 85.7981441, 20.2726138 ] ], [ [ 85.7981441, 20.2726138 ], [ 85.7984022, 20.2729489 ], [ 85.7986636, 20.2734028 ], [ 85.798722, 20.273434 ], [ 85.7989328, 20.2735272 ], [ 85.7991862, 20.2737681 ], [ 85.7995137, 20.2739924 ] ], [ [ 85.7995137, 20.2739924 ], [ 85.799999, 20.2742208 ] ], [ [ 85.799999, 20.2742208 ], [ 85.800016, 20.2742288 ], [ 85.8004007, 20.2743246 ] ], [ [ 85.8004007, 20.2743246 ], [ 85.8005615, 20.2745986 ] ], [ [ 85.8005615, 20.2745986 ], [ 85.8008421, 20.2749758 ], [ 85.8010195, 20.2751889 ] ], [ [ 85.8010195, 20.2751889 ], [ 85.8013269, 20.2751855 ] ], [ [ 85.8013269, 20.2751855 ], [ 85.8015809, 20.27517 ], [ 85.8017735, 20.2751686 ] ], [ [ 85.8017735, 20.2751686 ], [ 85.8019562, 20.2751853 ], [ 85.8021852, 20.2751956 ], [ 85.8023173, 20.2751956 ] ], [ [ 85.8023173, 20.2751956 ], [ 85.802482, 20.2752022 ], [ 85.8027718, 20.2752354 ], [ 85.8029086, 20.2752573 ], [ 85.8030419, 20.2753034 ], [ 85.8031804, 20.2753695 ] ], [ [ 85.8031804, 20.2753695 ], [ 85.8035951, 20.2756 ] ], [ [ 85.8035951, 20.2756 ], [ 85.8036496, 20.2757286 ] ], [ [ 85.8036496, 20.2757286 ], [ 85.8037569, 20.27581 ] ], [ [ 85.8037569, 20.27581 ], [ 85.8040261, 20.2760246 ] ], [ [ 85.8040261, 20.2760246 ], [ 85.8041889, 20.2761741 ], [ 85.8044882, 20.2764697 ] ], [ [ 85.8044882, 20.2764697 ], [ 85.8054861, 20.2774676 ], [ 85.8055858, 20.2775696 ] ], [ [ 85.8055858, 20.2775696 ], [ 85.806398, 20.278396 ], [ 85.8065197, 20.2785206 ] ], [ [ 85.8065197, 20.2785206 ], [ 85.8070385, 20.2790515 ] ], [ [ 85.8070385, 20.2790515 ], [ 85.8079276, 20.2799384 ], [ 85.8084043, 20.2804138 ], [ 85.8090417, 20.2810557 ], [ 85.8101485, 20.2821703 ] ], [ [ 85.8101485, 20.2821703 ], [ 85.8100801, 20.2822425 ], [ 85.8096838, 20.2827116 ], [ 85.80891, 20.283598 ], [ 85.8088058, 20.2837211 ] ], [ [ 85.8088058, 20.2837211 ], [ 85.8087489, 20.2838052 ] ], [ [ 85.8087489, 20.2838052 ], [ 85.8083563, 20.2842239 ], [ 85.8080659, 20.2845301 ], [ 85.8079704, 20.2846143 ] ], [ [ 85.8079704, 20.2846143 ], [ 85.8078263, 20.2847413 ] ], [ [ 85.8078263, 20.2847413 ], [ 85.8077594, 20.2848166 ], [ 85.807691, 20.2848967 ], [ 85.8075977, 20.28501 ] ], [ [ 85.8075977, 20.28501 ], [ 85.807673, 20.2850486 ] ], [ [ 85.807673, 20.2850486 ], [ 85.808039, 20.2852786 ] ], [ [ 85.808039, 20.2852786 ], [ 85.8081644, 20.2853574 ] ], [ [ 85.8081644, 20.2853574 ], [ 85.8083484, 20.285473 ], [ 85.8098007, 20.2863515 ] ], [ [ 85.8098007, 20.2863515 ], [ 85.8099872, 20.2864643 ], [ 85.8102727, 20.2866269 ] ], [ [ 85.8102727, 20.2866269 ], [ 85.8107166, 20.2868997 ] ], [ [ 85.8107166, 20.2868997 ], [ 85.8107815, 20.2869308 ], [ 85.8119452, 20.2876321 ], [ 85.8129904, 20.2882798 ] ], [ [ 85.8129904, 20.2882798 ], [ 85.8133681, 20.2884959 ], [ 85.8140213, 20.2889173 ], [ 85.8142814, 20.2890851 ], [ 85.8148849, 20.2894531 ], [ 85.8154872, 20.2898326 ] ], [ [ 85.8154872, 20.2898326 ], [ 85.8163308, 20.2903155 ], [ 85.816802, 20.2906055 ], [ 85.817054, 20.2907557 ] ], [ [ 85.817054, 20.2907557 ], [ 85.818041, 20.2913513 ], [ 85.8182813, 20.2913942 ] ], [ [ 85.8182813, 20.2913942 ], [ 85.8186578, 20.2916106 ], [ 85.8190404, 20.2918509 ], [ 85.8191979, 20.2919537 ], [ 85.8193481, 20.2920543 ] ], [ [ 85.8193481, 20.2920543 ], [ 85.8194312, 20.2922178 ], [ 85.8194936, 20.2923015 ], [ 85.8196116, 20.2924053 ] ], [ [ 85.8196116, 20.2924053 ], [ 85.8197632, 20.2925053 ], [ 85.8201246, 20.2927137 ], [ 85.8211166, 20.2933258 ], [ 85.8220436, 20.2938827 ] ], [ [ 85.8220436, 20.2938827 ], [ 85.8224319, 20.294116 ], [ 85.8226638, 20.2942545 ] ], [ [ 85.8226638, 20.2942545 ], [ 85.8231079, 20.2945342 ] ], [ [ 85.8231079, 20.2945342 ], [ 85.8234946, 20.2947735 ], [ 85.8240815, 20.2951377 ] ], [ [ 85.8240815, 20.2951377 ], [ 85.8244504, 20.2953703 ], [ 85.8245589, 20.2954372 ], [ 85.8247124, 20.2955303 ] ], [ [ 85.8247124, 20.2955303 ], [ 85.8247025, 20.2955656 ] ], [ [ 85.8247025, 20.2955656 ], [ 85.8246141, 20.2958931 ], [ 85.8245702, 20.2960542 ] ], [ [ 85.8245702, 20.2960542 ], [ 85.8245486, 20.2961056 ], [ 85.8242981, 20.2969703 ] ], [ [ 85.8242981, 20.2969703 ], [ 85.8242557, 20.2971165 ] ], [ [ 85.8242557, 20.2971165 ], [ 85.824194, 20.2973251 ], [ 85.8239658, 20.2980723 ] ], [ [ 85.8239658, 20.2980723 ], [ 85.823863, 20.2984064 ], [ 85.8238226, 20.298541 ], [ 85.8236657, 20.2990395 ], [ 85.8235865, 20.2993139 ] ], [ [ 85.8235865, 20.2993139 ], [ 85.8234345, 20.2998032 ] ], [ [ 85.8234345, 20.2998032 ], [ 85.8228764, 20.3015996 ] ], [ [ 85.8228764, 20.3015996 ], [ 85.8227502, 20.3020402 ], [ 85.8226004, 20.3025285 ], [ 85.8222291, 20.3037905 ], [ 85.82202, 20.30449 ], [ 85.8219453, 20.304701 ], [ 85.8218668, 20.3049595 ], [ 85.8217533, 20.3052942 ], [ 85.82161, 20.30561 ], [ 85.8212043, 20.3061952 ], [ 85.8210089, 20.306477 ], [ 85.8208928, 20.3066437 ] ], [ [ 85.8208928, 20.3066437 ], [ 85.8208678, 20.3066735 ], [ 85.8205799, 20.3071006 ], [ 85.8204073, 20.3074258 ], [ 85.8202784, 20.3077002 ], [ 85.8202201, 20.3078278 ] ], [ [ 85.8202201, 20.3078278 ], [ 85.8201813, 20.3079128 ] ], [ [ 85.8201813, 20.3079128 ], [ 85.8203033, 20.3079584 ] ], [ [ 85.8203033, 20.3079584 ], [ 85.8203333, 20.3078812 ] ], [ [ 85.8203333, 20.3078812 ], [ 85.8204613, 20.3075379 ], [ 85.8206249, 20.307231 ], [ 85.8207698, 20.3069945 ], [ 85.8208321, 20.3069047 ], [ 85.8211076, 20.3065075 ] ], [ [ 85.8211076, 20.3065075 ], [ 85.8211702, 20.306415 ] ], [ [ 85.8211702, 20.306415 ], [ 85.821279, 20.3062545 ], [ 85.8214076, 20.3060648 ], [ 85.8216147, 20.3057745 ], [ 85.8217595, 20.3055456 ], [ 85.8218346, 20.3053821 ], [ 85.8218756, 20.3052658 ], [ 85.8219526, 20.3050475 ], [ 85.8221066, 20.3045197 ] ], [ [ 85.8221066, 20.3045197 ], [ 85.822129, 20.3044484 ] ], [ [ 85.822129, 20.3044484 ], [ 85.8223389, 20.3037797 ], [ 85.8224901, 20.3032615 ], [ 85.8226339, 20.3027684 ], [ 85.8228623, 20.3020106 ] ], [ [ 85.8228623, 20.3020106 ], [ 85.8245135, 20.3025811 ] ] ] } },
{ "type": "Feature", "properties": { "route_id": "R_SYN066", "stop_id": "SYN066" }, "geometry": { "type": "MultiLineString", "coordinates": [ [ [ 85.7956882, 20.2733904 ], [ 85.7956242, 20.2730836 ], [ 85.7955946, 20.2730307 ], [ 85.7955213, 20.2729733 ], [ 85.7955018, 20.2728997 ], [ 85.7957248, 20.2724912 ] ], [ [ 85.7957248, 20.2724912 ], [ 85.7955718, 20.2724278 ], [ 85.7954738, 20.2723002 ], [ 85.7954366, 20.2722518 ], [ 85.7952148, 20.2720054 ] ], [ [ 85.7952148, 20.2720054 ], [ 85.7951966, 20.2719852 ], [ 85.7949362, 20.2717168 ] ], [ [ 85.7949362, 20.2717168 ], [ 85.794791, 20.2717447 ], [ 85.7945393, 20.2717996 ], [ 85.7942273, 20.2719166 ] ], [ [ 85.7942273, 20.2719166 ], [ 85.7941032, 20.2719631 ] ], [ [ 85.7941032, 20.2719631 ], [ 85.7940706, 20.2718488 ], [ 85.7939437, 20.2714805 ] ], [ [ 85.7939437, 20.2714805 ], [ 85.7938778, 20.2712955 ], [ 85.7938188, 20.2711182 ] ], [ [ 85.7938188, 20.2711182 ], [ 85.7937598, 20.2709508 ], [ 85.7936351, 20.2705583 ], [ 85.7934943, 20.2701538 ] ], [ [ 85.7934943, 20.2701538 ], [ 85.793382, 20.2698115 ], [ 85.7930373, 20.2688759 ], [ 85.7927537, 20.2680633 ], [ 85.7923572, 20.2669103 ], [ 85.7920319, 20.265977 ] ], [ [ 85.7920319, 20.265977 ], [ 85.7919973, 20.2658689 ], [ 85.7919839, 20.2658314 ], [ 85.7918189, 20.2653697 ], [ 85.7916588, 20.2649218 ], [ 85.7913477, 20.2640664 ], [ 85.7910216, 20.2630947 ], [ 85.7909187, 20.2628079 ], [ 85.7909052, 20.2627733 ] ], [ [ 85.7909052, 20.2627733 ], [ 85.7905816, 20.2618686 ], [ 85.7903358, 20.261286 ], [ 85.7899126, 20.2604686 ], [ 85.7895572, 20.2598294 ] ], [ [ 85.7895572, 20.2598294 ], [ 85.7894871, 20.2597034 ], [ 85.7893415, 20.2594416 ] ], [ [ 85.7893415, 20.2594416 ], [ 85.7892584, 20.2592922 ] ], [ [ 85.7892584, 20.2592922 ], [ 85.7892076, 20.2592129 ] ], [ [ 85.7892076, 20.2592129 ], [ 85.7891074, 20.2590151 ] ], [ [ 85.7891074, 20.2590151 ], [ 85.7887825, 20.2584232 ], [ 85.7887763, 20.2584118 ] ], [ [ 85.7887763, 20.2584118 ], [ 85.7887049, 20.2582818 ], [ 85.7885828, 20.2580594 ], [ 85.7881167, 20.2572126 ] ], [ [ 85.7881167, 20.2572126 ], [ 85.787863, 20.2567518 ] ], [ [ 85.787863, 20.2567518 ], [ 85.7875605, 20.2562172 ] ], [ [ 85.7875605, 20.2562172 ], [ 85.7872347, 20.2556416 ], [ 85.7871223, 20.2554519 ] ], [ [ 85.7871223, 20.2554519 ], [ 85.7870442, 20.2553201 ], [ 85.7869625, 20.2551822 ], [ 85.7868347, 20.2549664 ], [ 85.7866431, 20.254643 ], [ 85.7865565, 20.2544823 ] ], [ [ 85.7865565, 20.2544823 ], [ 85.7862431, 20.2539006 ] ], [ [ 85.7862431, 20.2539006 ], [ 85.7861054, 20.253645 ], [ 85.7860819, 20.2536015 ], [ 85.7860729, 20.2535854 ] ], [ [ 85.7860729, 20.2535854 ], [ 85.7860284, 20.2535058 ], [ 85.7860071, 20.2534678 ] ], [ [ 85.7860071, 20.2534678 ], [ 85.7857018, 20.2529216 ], [ 85.7853602, 20.2522921 ], [ 85.7845097, 20.2506632 ] ], [ [ 85.7845097, 20.2506632 ], [ 85.7844822, 20.2506056 ], [ 85.7842018, 20.2500421 ] ], [ [ 85.7842018, 20.2500421 ], [ 85.7841731, 20.2499805 ], [ 85.7837688, 20.2492701 ], [ 85.7836741, 20.2490967 ] ], [ [ 85.7836741, 20.2490967 ], [ 85.7836271, 20.2490108 ], [ 85.7836133, 20.2489843 ] ], [ [ 85.7836133, 20.2489843 ], [ 85.7833015, 20.2483863 ], [ 85.7828618, 20.2475523 ], [ 85.7827381, 20.2473218 ] ], [ [ 85.7827381, 20.2473218 ], [ 85.7826985, 20.2472567 ] ], [ [ 85.7826985, 20.2472567 ], [ 85.7824505, 20.2469253 ], [ 85.782377, 20.2468735 ], [ 85.7822221, 20.2466938 ], [ 85.7820804, 20.2465293 ], [ 85.7818822, 20.2463004 ], [ 85.7814744, 20.24595 ] ], [ [ 85.7814744, 20.24595 ], [ 85.7814484, 20.2458723 ], [ 85.7814072, 20.2457991 ] ], [ [ 85.7814072, 20.2457991 ], [ 85.7817354, 20.2455413 ], [ 85.7819043, 20.2453777 ], [ 85.7836691, 20.2441587 ] ], [ [ 85.7836691, 20.2441587 ], [ 85.7834656, 20.2438956 ] ], [ [ 85.7834656, 20.2438956 ], [ 85.7831648, 20.2434551 ], [ 85.7830226, 20.2432469 ], [ 85.7829464, 20.2431109 ], [ 85.7829124, 20.2429561 ], [ 85.7828703, 20.2428113 ] ], [ [ 85.7828703, 20.2428113 ], [ 85.7828086, 20.2425987 ], [ 85.7827828, 20.2423108 ], [ 85.7828496, 20.2420267 ] ] ] } },
{ "type": "Feature", "properties": { "route_id": "R_SYN067", "stop_id": "SYN067" }, "geometry": { "type": "MultiLineString", "coordinates": [ [ [ 85.7956882, 20.2733904 ], [ 85.7956242, 20.2730836 ], [ 85.7955946, 20.2730307 ], [ 85.7955213, 20.2729733 ], [ 85.7955018, 20.2728997 ], [ 85.7957248, 20.2724912 ] ], [ [ 85.7957248, 20.2724912 ], [ 85.795809, 20.2725261 ], [ 85.7960022, 20.272565 ], [ 85.7961624, 20.2725637 ] ], [ [ 85.7961624, 20.2725637 ], [ 85.7964029, 20.2725288 ], [ 85.7964995, 20.2725038 ], [ 85.7965888, 20.2724875 ], [ 85.7967526, 20.2724499 ], [ 85.7968487, 20.2725038 ], [ 85.7969664, 20.2725134 ], [ 85.7971879, 20.2724894 ] ], [ [ 85.7971879, 20.2724894 ], [ 85.797172, 20.272296 ] ], [ [ 85.797172, 20.272296 ], [ 85.7973646, 20.2723499 ], [ 85.7975134, 20.2723949 ], [ 85.7976709, 20.2723938 ], [ 85.7978406, 20.2723928 ], [ 85.7979713, 20.2724066 ], [ 85.7980724, 20.2724183 ] ], [ [ 85.7980724, 20.2724183 ], [ 85.7980894, 20.2724889 ], [ 85.7981441, 20.2726138 ] ], [ [ 85.7981441, 20.2726138 ], [ 85.7984022, 20.2729489 ], [ 85.7986636, 20.2734028 ], [ 85.798722, 20.273434 ], [ 85.7989328, 20.2735272 ], [ 85.7991862, 20.2737681 ], [ 85.7995137, 20.2739924 ] ], [ [ 85.7995137, 20.2739924 ], [ 85.799999, 20.2742208 ] ], [ [ 85.799999, 20.2742208 ], [ 85.800016, 20.2742288 ], [ 85.8004007, 20.2743246 ] ], [ [ 85.8004007, 20.2743246 ], [ 85.8005615, 20.2745986 ] ], [ [ 85.8005615, 20.2745986 ], [ 85.8008421, 20.2749758 ], [ 85.8010195, 20.2751889 ] ], [ [ 85.8010195, 20.2751889 ], [ 85.8013269, 20.2751855 ] ], [ [ 85.8013269, 20.2751855 ], [ 85.8015809, 20.27517 ], [ 85.8017735, 20.2751686 ] ], [ [ 85.8017735, 20.2751686 ], [ 85.8019562, 20.2751853 ], [ 85.8021852, 20.2751956 ], [ 85.8023173, 20.2751956 ] ], [ [ 85.8023173, 20.2751956 ], [ 85.802482, 20.2752022 ], [ 85.8027718, 20.2752354 ], [ 85.8029086, 20.2752573 ], [ 85.8030419, 20.2753034 ], [ 85.8031804, 20.2753695 ] ], [ [ 85.8031804, 20.2753695 ], [ 85.8035951, 20.2756 ] ], [ [ 85.8035951, 20.2756 ], [ 85.8036496, 20.2757286 ] ], [ [ 85.8036496, 20.2757286 ], [ 85.8037569, 20.27581 ] ], [ [ 85.8037569, 20.27581 ], [ 85.8040261, 20.2760246 ] ], [ [ 85.8040261, 20.2760246 ], [ 85.8041889, 20.2761741 ], [ 85.8044882, 20.2764697 ] ], [ [ 85.8044882, 20.2764697 ], [ 85.8054861, 20.2774676 ], [ 85.8055858, 20.2775696 ] ], [ [ 85.8055858, 20.2775696 ], [ 85.806398, 20.278396 ], [ 85.8065197, 20.2785206 ] ], [ [ 85.8065197, 20.2785206 ], [ 85.8070385, 20.2790515 ] ], [ [ 85.8070385, 20.2790515 ], [ 85.8079276, 20.2799384 ], [ 85.8084043, 20.2804138 ], [ 85.8090417, 20.2810557 ], [ 85.8101485, 20.2821703 ] ], [ [ 85.8101485, 20.2821703 ], [ 85.8102025, 20.2822247 ] ], [ [ 85.8102025, 20.2822247 ], [ 85.8102759, 20.2821477 ] ], [ [ 85.8102759, 20.2821477 ], [ 85.8108324, 20.2815664 ], [ 85.810883, 20.2815136 ], [ 85.8110574, 20.2813349 ] ], [ [ 85.8110574, 20.2813349 ], [ 85.8116651, 20.2818352 ] ], [ [ 85.8116651, 20.2818352 ], [ 85.81181, 20.28196 ] ], [ [ 85.81181, 20.28196 ], [ 85.812144, 20.282239 ] ], [ [ 85.812144, 20.282239 ], [ 85.8122556, 20.2823323 ] ], [ [ 85.8122556, 20.2823323 ], [ 85.8127159, 20.2827169 ] ], [ [ 85.8127159, 20.2827169 ], [ 85.8128522, 20.282811 ] ], [ [ 85.8128522, 20.282811 ], [ 85.8130507, 20.2829507 ] ], [ [ 85.8130507, 20.2829507 ], [ 85.8130958, 20.2829934 ] ], [ [ 85.8130958, 20.2829934 ], [ 85.8132218, 20.283089 ] ], [ [ 85.8132218, 20.283089 ], [ 85.8133005, 20.2831622 ] ], [ [ 85.8133005, 20.2831622 ], [ 85.8133565, 20.2832067 ], [ 85.813412, 20.2832593 ] ], [ [ 85.813412, 20.2832593 ], [ 85.8134327, 20.283279 ], [ 85.813914, 20.2828911 ] ], [ [ 85.813914, 20.2828911 ], [ 85.8139292, 20.2828723 ], [ 85.8141574, 20.2827598 ] ], [ [ 85.8141574, 20.2827598 ], [ 85.8143915, 20.2826192 ] ], [ [ 85.8143915, 20.2826192 ], [ 85.8147478, 20.2824708 ] ], [ [ 85.8147478, 20.2824708 ], [ 85.8150012, 20.2823998 ], [ 85.8151145, 20.2823678 ] ], [ [ 85.8151145, 20.2823678 ], [ 85.8152494, 20.2823632 ], [ 85.8161409, 20.2823071 ] ], [ [ 85.8161409, 20.2823071 ], [ 85.8165084, 20.2831708 ], [ 85.8165508, 20.2832185 ], [ 85.8166055, 20.2832546 ], [ 85.8168499, 20.2833652 ] ], [ [ 85.8168499, 20.2833652 ], [ 85.816868, 20.2832067 ], [ 85.8169007, 20.2831251 ] ], [ [ 85.8169007, 20.2831251 ], [ 85.8170887, 20.2827635 ], [ 85.8172056, 20.2825995 ], [ 85.8173675, 20.2824109 ], [ 85.8174656, 20.2823219 ], [ 85.8175334, 20.2822792 ], [ 85.8176537, 20.2822453 ], [ 85.8177794, 20.2822509 ] ], [ [ 85.8177794, 20.2822509 ], [ 85.8178563, 20.2822425 ], [ 85.8179081, 20.2822228 ], [ 85.8179748, 20.282175 ], [ 85.8180801, 20.2820563 ] ], [ [ 85.8180801, 20.2820563 ], [ 85.8181696, 20.2819762 ], [ 85.8182778, 20.2819103 ] ], [ [ 85.8182778, 20.2819103 ], [ 85.8184323, 20.2818524 ], [ 85.818508, 20.2818116 ], [ 85.8185838, 20.2817532 ], [ 85.8186996, 20.2816502 ] ], [ [ 85.8186996, 20.2816502 ], [ 85.8187939, 20.2815665 ], [ 85.8190019, 20.2814099 ], [ 85.8191862, 20.2811888 ] ], [ [ 85.8191862, 20.2811888 ], [ 85.8194772, 20.2809916 ] ], [ [ 85.8194772, 20.2809916 ], [ 85.8194761, 20.2811097 ] ], [ [ 85.8194761, 20.2811097 ], [ 85.8195088, 20.2819335 ], [ 85.819541, 20.2821549 ], [ 85.8195609, 20.282198 ], [ 85.8195847, 20.2822364 ] ], [ [ 85.8195847, 20.2822364 ], [ 85.819616, 20.2822647 ], [ 85.8196491, 20.2822864 ], [ 85.8198149, 20.2823829 ], [ 85.8200087, 20.2824623 ], [ 85.8201046, 20.2824762 ], [ 85.8202023, 20.2824846 ], [ 85.8203035, 20.2824906 ] ], [ [ 85.8203035, 20.2824906 ], [ 85.8204851, 20.2825273 ], [ 85.8207927, 20.2826138 ], [ 85.8210135, 20.2826787 ], [ 85.8213542, 20.2827688 ], [ 85.8214775, 20.2827622 ] ], [ [ 85.8214775, 20.2827622 ], [ 85.8217657, 20.2827455 ], [ 85.8222855, 20.2826951 ], [ 85.8226002, 20.2826557 ] ], [ [ 85.8226002, 20.2826557 ], [ 85.8232508, 20.2825885 ] ], [ [ 85.8232508, 20.2825885 ], [ 85.8232665, 20.2821923 ] ], [ [ 85.8232665, 20.2821923 ], [ 85.8232702, 20.281808 ] ], [ [ 85.8232702, 20.281808 ], [ 85.8232753, 20.2814903 ] ], [ [ 85.8232753, 20.2814903 ], [ 85.823285, 20.2811625 ] ], [ [ 85.823285, 20.2811625 ], [ 85.8233335, 20.2808339 ] ], [ [ 85.8233335, 20.2808339 ], [ 85.8233859, 20.2808312 ], [ 85.8241897, 20.2808001 ] ], [ [ 85.8241897, 20.2808001 ], [ 85.8245566, 20.2807345 ] ], [ [ 85.8245566, 20.2807345 ], [ 85.8248643, 20.2806835 ] ], [ [ 85.8248643, 20.2806835 ], [ 85.8251739, 20.2806322 ] ], [ [ 85.8251739, 20.2806322 ], [ 85.8256067, 20.2805606 ] ], [ [ 85.8256067, 20.2805606 ], [ 85.826087, 20.2805236 ], [ 85.8261105, 20.280522 ] ], [ [ 85.8261105, 20.280522 ], [ 85.8266429, 20.2804832 ] ] ] } },
{ "type": "Feature", "properties": { "route_id": "R_SYN068", "stop_id": "SYN068" }, "geometry": { "type": "MultiLineString", "coordinates": [ [ [ 85.7956882, 20.2733904 ], [ 85.7956242, 20.2730836 ], [ 85.7955946, 20.2730307 ], [ 85.7955213, 20.2729733 ], [ 85.7955018, 20.2728997 ], [ 85.7957248, 20.2724912 ] ], [ [ 85.7957248, 20.2724912 ], [ 85.795809, 20.2725261 ], [ 85.7960022, 20.272565 ], [ 85.7961624, 20.2725637 ] ], [ [ 85.7961624, 20.2725637 ], [ 85.7964029, 20.2725288 ], [ 85.7964995, 20.2725038 ], [ 85.7965888, 20.2724875 ], [ 85.7967526, 20.2724499 ], [ 85.7968487, 20.2725038 ], [ 85.7969664, 20.2725134 ], [ 85.7971879, 20.2724894 ] ], [ [ 85.7971879, 20.2724894 ], [ 85.797172, 20.272296 ] ], [ [ 85.797172, 20.272296 ], [ 85.7973646, 20.2723499 ], [ 85.7975134, 20.2723949 ], [ 85.7976709, 20.2723938 ], [ 85.7978406, 20.2723928 ], [ 85.7979713, 20.2724066 ], [ 85.7980724, 20.2724183 ] ], [ [ 85.7980724, 20.2724183 ], [ 85.7980894, 20.2724889 ], [ 85.7981441, 20.2726138 ] ], [ [ 85.7981441, 20.2726138 ], [ 85.7984022, 20.2729489 ], [ 85.7986636, 20.2734028 ], [ 85.798722, 20.273434 ], [ 85.7989328, 20.2735272 ], [ 85.7991862, 20.2737681 ], [ 85.7995137, 20.2739924 ] ], [ [ 85.7995137, 20.2739924 ], [ 85.799999, 20.2742208 ] ], [ [ 85.799999, 20.2742208 ], [ 85.800016, 20.2742288 ], [ 85.8004007, 20.2743246 ] ], [ [ 85.8004007, 20.2743246 ], [ 85.8005615, 20.2745986 ] ], [ [ 85.8005615, 20.2745986 ], [ 85.8008421, 20.2749758 ], [ 85.8010195, 20.2751889 ] ], [ [ 85.8010195, 20.2751889 ], [ 85.8013269, 20.2751855 ] ], [ [ 85.8013269, 20.2751855 ], [ 85.8015809, 20.27517 ], [ 85.8017735, 20.2751686 ] ], [ [ 85.8017735, 20.2751686 ], [ 85.8019562, 20.2751853 ], [ 85.8021852, 20.2751956 ], [ 85.8023173, 20.2751956 ] ], [ [ 85.8023173, 20.2751956 ], [ 85.802482, 20.2752022 ], [ 85.8027718, 20.2752354 ], [ 85.8029086, 20.2752573 ], [ 85.8030419, 20.2753034 ], [ 85.8031804, 20.2753695 ] ], [ [ 85.8031804, 20.2753695 ], [ 85.8035951, 20.2756 ] ], [ [ 85.8035951, 20.2756 ], [ 85.8036496, 20.2757286 ] ], [ [ 85.8036496, 20.2757286 ], [ 85.8037569, 20.27581 ] ], [ [ 85.8037569, 20.27581 ], [ 85.8040261, 20.2760246 ] ], [ [ 85.8040261, 20.2760246 ], [ 85.8041889, 20.2761741 ], [ 85.8044882, 20.2764697 ] ], [ [ 85.8044882, 20.2764697 ], [ 85.8054861, 20.2774676 ], [ 85.8055858, 20.2775696 ] ], [ [ 85.8055858, 20.2775696 ], [ 85.806398, 20.278396 ], [ 85.8065197, 20.2785206 ] ], [ [ 85.8065197, 20.2785206 ], [ 85.8070385, 20.2790515 ] ], [ [ 85.8070385, 20.2790515 ], [ 85.8079276, 20.2799384 ], [ 85.8084043, 20.2804138 ], [ 85.8090417, 20.2810557 ], [ 85.8101485, 20.2821703 ] ], [ [ 85.8101485, 20.2821703 ], [ 85.8102025, 20.2822247 ] ], [ [ 85.8102025, 20.2822247 ], [ 85.8102759, 20.2821477 ] ], [ [ 85.8102759, 20.2821477 ], [ 85.8108324, 20.2815664 ], [ 85.810883, 20.2815136 ], [ 85.8110574, 20.2813349 ] ], [ [ 85.8110574, 20.2813349 ], [ 85.8116651, 20.2818352 ] ], [ [ 85.8116651, 20.2818352 ], [ 85.81181, 20.28196 ] ], [ [ 85.81181, 20.28196 ], [ 85.812144, 20.282239 ] ], [ [ 85.812144, 20.282239 ], [ 85.8122556, 20.2823323 ] ], [ [ 85.8122556, 20.2823323 ], [ 85.8127159, 20.2827169 ] ], [ [ 85.8127159, 20.2827169 ], [ 85.8128522, 20.282811 ] ], [ [ 85.8128522, 20.282811 ], [ 85.8130507, 20.2829507 ] ], [ [ 85.8130507, 20.2829507 ], [ 85.8130958, 20.2829934 ] ], [ [ 85.8130958, 20.2829934 ], [ 85.8132218, 20.283089 ] ], [ [ 85.8132218, 20.283089 ], [ 85.8133005, 20.2831622 ] ], [ [ 85.8133005, 20.2831622 ], [ 85.8133565, 20.2832067 ], [ 85.813412, 20.2832593 ] ], [ [ 85.813412, 20.2832593 ], [ 85.8134327, 20.283279 ], [ 85.813914, 20.2828911 ] ], [ [ 85.813914, 20.2828911 ], [ 85.8141312, 20.2831911 ], [ 85.8142573, 20.2834314 ], [ 85.8143847, 20.2836289 ], [ 85.8144316, 20.2837106 ], [ 85.8144222, 20.283766 ], [ 85.8143699, 20.283849 ], [ 85.8143243, 20.2839408 ], [ 85.8142157, 20.2841069 ], [ 85.8141486, 20.2841836 ], [ 85.8141483, 20.2842907 ] ], [ [ 85.8141483, 20.2842907 ], [ 85.8142653, 20.2842706 ], [ 85.8144244, 20.2842574 ], [ 85.8145905, 20.284264 ], [ 85.8147984, 20.2842484 ], [ 85.8148748, 20.2842465 ], [ 85.8149546, 20.2842484 ], [ 85.8150116, 20.2842585 ], [ 85.8154234, 20.2843748 ], [ 85.8157459, 20.284449 ], [ 85.815876, 20.2844975 ], [ 85.815933, 20.284527 ], [ 85.8159833, 20.2845597 ], [ 85.8160161, 20.2846019 ], [ 85.8160517, 20.2846604 ] ], [ [ 85.8160517, 20.2846604 ], [ 85.8162523, 20.2850783 ] ], [ [ 85.8162523, 20.2850783 ], [ 85.8165461, 20.2857295 ] ], [ [ 85.8165461, 20.2857295 ], [ 85.8166463, 20.2859356 ] ], [ [ 85.8166463, 20.2859356 ], [ 85.8168517, 20.2863783 ] ], [ [ 85.8168517, 20.2863783 ], [ 85.81702, 20.28684 ] ], [ [ 85.81702, 20.28684 ], [ 85.8170861, 20.2868645 ] ], [ [ 85.8170861, 20.2868645 ], [ 85.8177832, 20.2870298 ] ], [ [ 85.8177832, 20.2870298 ], [ 85.8178247, 20.2870418 ] ], [ [ 85.8178247, 20.2870418 ], [ 85.8180738, 20.2871117 ] ], [ [ 85.8180738, 20.2871117 ], [ 85.8182182, 20.287156 ], [ 85.8184829, 20.2871707 ] ], [ [ 85.8184829, 20.2871707 ], [ 85.8186189, 20.2871146 ], [ 85.8188674, 20.2870341 ], [ 85.8190707, 20.2869875 ], [ 85.8191872, 20.286987 ] ], [ [ 85.8191872, 20.286987 ], [ 85.8193796, 20.2869502 ] ], [ [ 85.8193796, 20.2869502 ], [ 85.8195689, 20.2869044 ], [ 85.81965, 20.2868678 ] ], [ [ 85.81965, 20.2868678 ], [ 85.8201278, 20.2866442 ], [ 85.8201989, 20.2866149 ] ], [ [ 85.8201989, 20.2866149 ], [ 85.8204667, 20.2865044 ], [ 85.820512, 20.2864756 ] ], [ [ 85.820512, 20.2864756 ], [ 85.8207468, 20.2863264 ], [ 85.8209907, 20.2861442 ], [ 85.8213525, 20.2860495 ], [ 85.8216029, 20.2859876 ] ], [ [ 85.8216029, 20.2859876 ], [ 85.8216696, 20.2859737 ], [ 85.8217444, 20.2859582 ] ], [ [ 85.8217444, 20.2859582 ], [ 85.8223874, 20.2858265 ], [ 85.823596, 20.2855938 ], [ 85.8239496, 20.2854829 ] ], [ [ 85.8239496, 20.2854829 ], [ 85.8243687, 20.2854329 ] ], [ [ 85.8243687, 20.2854329 ], [ 85.8246925, 20.2854303 ] ], [ [ 85.8246925, 20.2854303 ], [ 85.8249399, 20.2854393 ] ], [ [ 85.8249399, 20.2854393 ], [ 85.8263015, 20.2855407 ] ], [ [ 85.8263015, 20.2855407 ], [ 85.8263017, 20.2854 ], [ 85.826295, 20.2853044 ], [ 85.8262789, 20.2852327 ], [ 85.8262199, 20.2850139 ], [ 85.8262051, 20.2849143 ] ] ] } },
{ "type": "Feature", "properties": { "route_id": "R_SYN069", "stop_id": "SYN069" }, "geometry": { "type": "MultiLineString", "coordinates": [ [ [ 85.7956882, 20.2733904 ], [ 85.7956242, 20.2730836 ], [ 85.7955946, 20.2730307 ], [ 85.7955213, 20.2729733 ], [ 85.7955018, 20.2728997 ], [ 85.7957248, 20.2724912 ] ], [ [ 85.7957248, 20.2724912 ], [ 85.795809, 20.2725261 ], [ 85.7960022, 20.272565 ], [ 85.7961624, 20.2725637 ] ], [ [ 85.7961624, 20.2725637 ], [ 85.7964029, 20.2725288 ], [ 85.7964995, 20.2725038 ], [ 85.7965888, 20.2724875 ], [ 85.7967526, 20.2724499 ], [ 85.7968487, 20.2725038 ], [ 85.7969664, 20.2725134 ], [ 85.7971879, 20.2724894 ] ], [ [ 85.7971879, 20.2724894 ], [ 85.797172, 20.272296 ] ], [ [ 85.797172, 20.272296 ], [ 85.7972477, 20.2717737 ] ], [ [ 85.7972477, 20.2717737 ], [ 85.7975255, 20.2717888 ], [ 85.7977045, 20.2717707 ], [ 85.7978663, 20.2717358 ] ], [ [ 85.7978663, 20.2717358 ], [ 85.7981349, 20.271675 ] ], [ [ 85.7981349, 20.271675 ], [ 85.7983505, 20.2716077 ], [ 85.7984191, 20.2715274 ], [ 85.7984898, 20.2714498 ] ], [ [ 85.7984898, 20.2714498 ], [ 85.7986237, 20.2714557 ], [ 85.798756, 20.2714805 ], [ 85.7989082, 20.271465 ], [ 85.7989942, 20.2714246 ], [ 85.7990505, 20.2712074 ], [ 85.7990802, 20.2710119 ], [ 85.7992192, 20.2709343 ], [ 85.7993081, 20.2708896 ] ], [ [ 85.7993081, 20.2708896 ], [ 85.7994044, 20.2708412 ], [ 85.7995401, 20.2707512 ], [ 85.7996129, 20.2706798 ], [ 85.7999083, 20.2705607 ], [ 85.7997176, 20.2699327 ] ], [ [ 85.7997176, 20.2699327 ], [ 85.799982, 20.2697882 ] ], [ [ 85.799982, 20.2697882 ], [ 85.8001269, 20.2696868 ], [ 85.8005527, 20.2696131 ] ], [ [ 85.8005527, 20.2696131 ], [ 85.800667, 20.2698519 ] ], [ [ 85.800667, 20.2698519 ], [ 85.801248, 20.2693828 ], [ 85.8014922, 20.2691786 ], [ 85.801763, 20.2689876 ], [ 85.8019317, 20.268979 ] ], [ [ 85.8019317, 20.268979 ], [ 85.8023185, 20.2694218 ] ], [ [ 85.8023185, 20.2694218 ], [ 85.8029987, 20.2690059 ], [ 85.8032486, 20.2687671 ] ], [ [ 85.8032486, 20.2687671 ], [ 85.803749, 20.2690569 ], [ 85.8041913, 20.269319 ] ], [ [ 85.8041913, 20.269319 ], [ 85.8052733, 20.2698734 ] ], [ [ 85.8052733, 20.2698734 ], [ 85.8059109, 20.2702311 ], [ 85.8060087, 20.2702905 ], [ 85.8065427, 20.270607 ], [ 85.8067635, 20.2707515 ] ], [ [ 85.8067635, 20.2707515 ], [ 85.8068376, 20.2708031 ] ], [ [ 85.8068376, 20.2708031 ], [ 85.8068528, 20.270789 ], [ 85.8069183, 20.2707315 ] ], [ [ 85.8069183, 20.2707315 ], [ 85.8071166, 20.2705576 ] ], [ [ 85.8071166, 20.2705576 ], [ 85.8074254, 20.2702742 ] ], [ [ 85.8074254, 20.2702742 ], [ 85.80776, 20.2699615 ] ], [ [ 85.80776, 20.2699615 ], [ 85.8091807, 20.2686525 ], [ 85.8095826, 20.2682949 ], [ 85.8097477, 20.2681471 ], [ 85.8100499, 20.2678704 ], [ 85.8107237, 20.2672454 ], [ 85.8108664, 20.2671111 ] ], [ [ 85.8108664, 20.2671111 ], [ 85.8113638, 20.2666499 ], [ 85.8123276, 20.2657389 ], [ 85.8132396, 20.2648859 ], [ 85.8140228, 20.2641764 ], [ 85.8143017, 20.2639273 ] ], [ [ 85.8143017, 20.2639273 ], [ 85.8146504, 20.2636278 ], [ 85.8147825, 20.2635196 ], [ 85.8151144, 20.2632479 ], [ 85.8152191, 20.26319 ], [ 85.8153371, 20.2631523 ], [ 85.8157475, 20.263034 ], [ 85.8159513, 20.262961 ], [ 85.8161444, 20.2628554 ], [ 85.8162571, 20.2627748 ], [ 85.8163965, 20.262644 ], [ 85.8166272, 20.2623873 ], [ 85.8168065, 20.2621608 ] ], [ [ 85.8168065, 20.2621608 ], [ 85.8168364, 20.2621231 ], [ 85.8170215, 20.2619168 ], [ 85.8176304, 20.2612601 ], [ 85.818199, 20.2606562 ], [ 85.8183921, 20.2604725 ], [ 85.8185799, 20.260324 ], [ 85.8187837, 20.260163 ], [ 85.8190314, 20.2599923 ] ], [ [ 85.8190314, 20.2599923 ], [ 85.8195213, 20.2596547 ], [ 85.8204467, 20.2590256 ], [ 85.8205486, 20.2589565 ] ], [ [ 85.8205486, 20.2589565 ], [ 85.8212513, 20.2584846 ], [ 85.8214069, 20.2583915 ], [ 85.8218137, 20.2581376 ] ], [ [ 85.8218137, 20.2581376 ], [ 85.8226644, 20.2576068 ], [ 85.8227994, 20.257528 ] ], [ [ 85.8227994, 20.257528 ], [ 85.8229022, 20.2574603 ] ], [ [ 85.8229022, 20.2574603 ], [ 85.8231006, 20.2572665 ] ], [ [ 85.8231006, 20.2572665 ], [ 85.8231126, 20.2572589 ], [ 85.8243384, 20.2564832 ] ], [ [ 85.8243384, 20.2564832 ], [ 85.8247717, 20.2562338 ] ], [ [ 85.8247717, 20.2562338 ], [ 85.8251583, 20.2560163 ], [ 85.8251975, 20.2559942 ], [ 85.8255094, 20.2558578 ], [ 85.8258399, 20.2557388 ] ], [ [ 85.8258399, 20.2557388 ], [ 85.826009, 20.2556624 ] ], [ [ 85.826009, 20.2556624 ], [ 85.8261192, 20.2556678 ], [ 85.8261665, 20.2556521 ] ], [ [ 85.8261665, 20.2556521 ], [ 85.8262548, 20.2556229 ] ], [ [ 85.8262548, 20.2556229 ], [ 85.8270266, 20.2553676 ], [ 85.8280256, 20.255021 ] ], [ [ 85.8280256, 20.255021 ], [ 85.8282284, 20.2549506 ], [ 85.8295715, 20.2545123 ] ], [ [ 85.8295715, 20.2545123 ], [ 85.8300333, 20.2543955 ] ], [ [ 85.8300333, 20.2543955 ], [ 85.8301847, 20.2543759 ], [ 85.8303481, 20.2543838 ], [ 85.8305528, 20.2544252 ], [ 85.830724, 20.2544748 ], [ 85.8308652, 20.2545228 ], [ 85.8310356, 20.2545988 ], [ 85.8311988, 20.2547065 ], [ 85.8313671, 20.2548522 ] ], [ [ 85.8313671, 20.2548522 ], [ 85.8315215, 20.2549858 ], [ 85.8316413, 20.255126 ], [ 85.8317285, 20.2552445 ] ], [ [ 85.8317285, 20.2552445 ], [ 85.8318428, 20.2553966 ] ], [ [ 85.8318428, 20.2553966 ], [ 85.8319575, 20.2553181 ] ], [ [ 85.8319575, 20.2553181 ], [ 85.8318313, 20.2551453 ] ], [ [ 85.8318313, 20.2551453 ], [ 85.832043, 20.2549714 ], [ 85.8323944, 20.2547388 ], [ 85.8325821, 20.2546583 ], [ 85.8328163, 20.2545124 ], [ 85.8338679, 20.2537592 ], [ 85.834613, 20.2532294 ], [ 85.834798, 20.2531219 ], [ 85.8350014, 20.2530289 ], [ 85.8357905, 20.2527619 ], [ 85.8358819, 20.252737 ], [ 85.8359534, 20.2527176 ], [ 85.8360802, 20.252694 ], [ 85.8361731, 20.2526742 ] ], [ [ 85.8361731, 20.2526742 ], [ 85.8362326, 20.2526789 ] ], [ [ 85.8362326, 20.2526789 ], [ 85.83629, 20.252969 ], [ 85.836276, 20.2533011 ], [ 85.8363403, 20.25361 ] ], [ [ 85.8363403, 20.25361 ], [ 85.8366725, 20.2538854 ] ], [ [ 85.8366725, 20.2538854 ], [ 85.8369679, 20.2540246 ], [ 85.837456, 20.2542435 ] ], [ [ 85.837456, 20.2542435 ], [ 85.8379703, 20.2544608 ], [ 85.8380699, 20.2545046 ], [ 85.8381016, 20.2545186 ] ], [ [ 85.8381016, 20.2545186 ], [ 85.8382895, 20.2546013 ], [ 85.8385364, 20.2547356 ] ], [ [ 85.8385364, 20.2547356 ], [ 85.8387428, 20.2548585 ] ], [ [ 85.8387428, 20.2548585 ], [ 85.8388522, 20.2549269 ], [ 85.838961, 20.2550022 ], [ 85.83914, 20.25514 ], [ 85.8391559, 20.2551543 ] ], [ [ 85.8391559, 20.2551543 ], [ 85.839391, 20.2553662 ], [ 85.8396281, 20.2556472 ], [ 85.8397088, 20.2557548 ] ], [ [ 85.8397088, 20.2557548 ], [ 85.8398095, 20.2559069 ] ], [ [ 85.8398095, 20.2559069 ], [ 85.8401228, 20.2563719 ] ], [ [ 85.8401228, 20.2563719 ], [ 85.8401429, 20.2564817 ], [ 85.8402014, 20.2566028 ] ], [ [ 85.8402014, 20.2566028 ], [ 85.840083, 20.2566895 ], [ 85.8399763, 20.2567676 ] ], [ [ 85.8399763, 20.2567676 ], [ 85.8397107, 20.2569413 ], [ 85.8394498, 20.2570907 ] ] ] } },
{ "type": "Feature", "properties": { "route_id": "R_SYN070", "stop_id": "SYN070" }, "geometry": { "type": "MultiLineString", "coordinates": [ [ [ 85.7956882, 20.2733904 ], [ 85.7956242, 20.2730836 ], [ 85.7955946, 20.2730307 ], [ 85.7955213, 20.2729733 ], [ 85.7955018, 20.2728997 ], [ 85.7957248, 20.2724912 ] ], [ [ 85.7957248, 20.2724912 ], [ 85.7955718, 20.2724278 ], [ 85.7954738, 20.2723002 ], [ 85.7954366, 20.2722518 ], [ 85.7952148, 20.2720054 ] ], [ [ 85.7952148, 20.2720054 ], [ 85.7951966, 20.2719852 ], [ 85.7949362, 20.2717168 ] ], [ [ 85.7949362, 20.2717168 ], [ 85.794791, 20.2717447 ], [ 85.7945393, 20.2717996 ], [ 85.7942273, 20.2719166 ] ], [ [ 85.7942273, 20.2719166 ], [ 85.7941032, 20.2719631 ] ], [ [ 85.7941032, 20.2719631 ], [ 85.7940706, 20.2718488 ], [ 85.7939437, 20.2714805 ] ], [ [ 85.7939437, 20.2714805 ], [ 85.7935793, 20.2716123 ] ], [ [ 85.7935793, 20.2716123 ], [ 85.7933762, 20.2711256 ] ], [ [ 85.7933762, 20.2711256 ], [ 85.7932996, 20.270933 ], [ 85.7925371, 20.2687271 ], [ 85.7919851, 20.2671421 ], [ 85.7918075, 20.2666166 ], [ 85.7916877, 20.2662623 ] ], [ [ 85.7916877, 20.2662623 ], [ 85.7910534, 20.2667021 ], [ 85.7904419, 20.2671248 ], [ 85.7900395, 20.2673965 ], [ 85.7896801, 20.2676482 ], [ 85.7893609, 20.2678746 ], [ 85.7891952, 20.2679989 ], [ 85.789093, 20.2680787 ] ], [ [ 85.789093, 20.2680787 ], [ 85.7890027, 20.2681101 ], [ 85.7882588, 20.2686176 ], [ 85.7879324, 20.2688131 ], [ 85.7874149, 20.2690741 ], [ 85.7872152, 20.269178 ], [ 85.7868595, 20.2693362 ], [ 85.7868034, 20.2693552 ], [ 85.7867588, 20.269424 ] ], [ [ 85.7867588, 20.269424 ], [ 85.7866993, 20.2694259 ], [ 85.786642, 20.2694352 ], [ 85.7864558, 20.2694596 ] ], [ [ 85.7864558, 20.2694596 ], [ 85.7862764, 20.2694842 ], [ 85.7860726, 20.2695382 ], [ 85.7858968, 20.2695847 ] ], [ [ 85.7858968, 20.2695847 ], [ 85.7854784, 20.2696336 ], [ 85.7844692, 20.2699171 ] ], [ [ 85.7844692, 20.2699171 ], [ 85.7841848, 20.2700141 ] ], [ [ 85.7841848, 20.2700141 ], [ 85.7840961, 20.2700084 ] ], [ [ 85.7840961, 20.2700084 ], [ 85.7840497, 20.2703888 ] ], [ [ 85.7840497, 20.2703888 ], [ 85.7839657, 20.2709487 ] ], [ [ 85.7839657, 20.2709487 ], [ 85.7839232, 20.2712838 ] ], [ [ 85.7839232, 20.2712838 ], [ 85.7839165, 20.2714884 ] ], [ [ 85.7839165, 20.2714884 ], [ 85.7837065, 20.272492 ] ], [ [ 85.7837065, 20.272492 ], [ 85.7827243, 20.2724275 ], [ 85.7820467, 20.2724012 ], [ 85.7818589, 20.2723908 ], [ 85.7814939, 20.2723692 ] ], [ [ 85.7814939, 20.2723692 ], [ 85.7814548, 20.2723707 ], [ 85.7809659, 20.2723558 ] ], [ [ 85.7809659, 20.2723558 ], [ 85.7809053, 20.2723285 ], [ 85.779871, 20.2723168 ] ], [ [ 85.779871, 20.2723168 ], [ 85.7790209, 20.272331 ] ], [ [ 85.7790209, 20.272331 ], [ 85.7785514, 20.2723389 ] ], [ [ 85.7785514, 20.2723389 ], [ 85.7785016, 20.2723397 ], [ 85.7781706, 20.2723383 ] ], [ [ 85.7781706, 20.2723383 ], [ 85.7770495, 20.2723336 ], [ 85.775734, 20.2723132 ], [ 85.7754972, 20.2722956 ] ], [ [ 85.7754972, 20.2722956 ], [ 85.7752285, 20.2722757 ], [ 85.7749817, 20.2722796 ] ], [ [ 85.7749817, 20.2722796 ], [ 85.7749392, 20.2722803 ], [ 85.7748663, 20.2722878 ] ], [ [ 85.7748663, 20.2722878 ], [ 85.7747224, 20.2723025 ], [ 85.7743562, 20.2723263 ], [ 85.7732072, 20.272385 ], [ 85.7731679, 20.272387 ] ], [ [ 85.7731679, 20.272387 ], [ 85.7730715, 20.2723919 ] ], [ [ 85.7730715, 20.2723919 ], [ 85.7727793, 20.2724068 ], [ 85.7727099, 20.2724111 ] ], [ [ 85.7727099, 20.2724111 ], [ 85.7711617, 20.2725073 ], [ 85.7707109, 20.2725073 ], [ 85.7706013, 20.2724794 ] ], [ [ 85.7706013, 20.2724794 ], [ 85.7703842, 20.2724243 ], [ 85.7697067, 20.2723095 ], [ 85.7692636, 20.272233 ] ], [ [ 85.7692636, 20.272233 ], [ 85.7687057, 20.2722054 ], [ 85.768003, 20.2721269 ] ], [ [ 85.768003, 20.2721269 ], [ 85.7676947, 20.2721594 ] ], [ [ 85.7676947, 20.2721594 ], [ 85.7663494, 20.2718591 ], [ 85.7661604, 20.2718207 ] ], [ [ 85.7661604, 20.2718207 ], [ 85.7653425, 20.2716401 ] ], [ [ 85.7653425, 20.2716401 ], [ 85.764815, 20.2715237 ], [ 85.7641828, 20.2713563 ] ], [ [ 85.7641828, 20.2713563 ], [ 85.764269, 20.2710631 ] ], [ [ 85.764269, 20.2710631 ], [ 85.764041, 20.2709735 ] ], [ [ 85.764041, 20.2709735 ], [ 85.7627285, 20.2706061 ] ] ] } },
{ "type": "Feature", "properties": { "route_id": "R_SYN071", "stop_id": "SYN071" }, "geometry": { "type": "MultiLineString", "coordinates": [ [ [ 85.7956882, 20.2733904 ], [ 85.7956242, 20.2730836 ], [ 85.7955946, 20.2730307 ], [ 85.7955213, 20.2729733 ], [ 85.7955018, 20.2728997 ], [ 85.7957248, 20.2724912 ] ], [ [ 85.7957248, 20.2724912 ], [ 85.795809, 20.2725261 ], [ 85.7960022, 20.272565 ], [ 85.7961624, 20.2725637 ] ], [ [ 85.7961624, 20.2725637 ], [ 85.7964029, 20.2725288 ], [ 85.7964995, 20.2725038 ], [ 85.7965888, 20.2724875 ], [ 85.7967526, 20.2724499 ], [ 85.7968487, 20.2725038 ], [ 85.7969664, 20.2725134 ], [ 85.7971879, 20.2724894 ] ], [ [ 85.7971879, 20.2724894 ], [ 85.797172, 20.272296 ] ], [ [ 85.797172, 20.272296 ], [ 85.7972477, 20.2717737 ] ], [ [ 85.7972477, 20.2717737 ], [ 85.7975255, 20.2717888 ], [ 85.7977045, 20.2717707 ], [ 85.7978663, 20.2717358 ] ], [ [ 85.7978663, 20.2717358 ], [ 85.7981349, 20.271675 ] ], [ [ 85.7981349, 20.271675 ], [ 85.7983505, 20.2716077 ], [ 85.7984191, 20.2715274 ], [ 85.7984898, 20.2714498 ] ], [ [ 85.7984898, 20.2714498 ], [ 85.7986237, 20.2714557 ], [ 85.798756, 20.2714805 ], [ 85.7989082, 20.271465 ], [ 85.7989942, 20.2714246 ], [ 85.7990505, 20.2712074 ], [ 85.7990802, 20.2710119 ], [ 85.7992192, 20.2709343 ], [ 85.7993081, 20.2708896 ] ], [ [ 85.7993081, 20.2708896 ], [ 85.7994044, 20.2708412 ], [ 85.7995401, 20.2707512 ], [ 85.7996129, 20.2706798 ], [ 85.7999083, 20.2705607 ], [ 85.7997176, 20.2699327 ] ], [ [ 85.7997176, 20.2699327 ], [ 85.799982, 20.2697882 ] ], [ [ 85.799982, 20.2697882 ], [ 85.8001269, 20.2696868 ], [ 85.8005527, 20.2696131 ] ], [ [ 85.8005527, 20.2696131 ], [ 85.800667, 20.2698519 ] ], [ [ 85.800667, 20.2698519 ], [ 85.801248, 20.2693828 ], [ 85.8014922, 20.2691786 ], [ 85.801763, 20.2689876 ], [ 85.8019317, 20.268979 ] ], [ [ 85.8019317, 20.268979 ], [ 85.8023185, 20.2694218 ] ], [ [ 85.8023185, 20.2694218 ], [ 85.8029987, 20.2690059 ], [ 85.8032486, 20.2687671 ] ], [ [ 85.8032486, 20.2687671 ], [ 85.803749, 20.2690569 ], [ 85.8041913, 20.269319 ] ], [ [ 85.8041913, 20.269319 ], [ 85.8052733, 20.2698734 ] ], [ [ 85.8052733, 20.2698734 ], [ 85.8059109, 20.2702311 ], [ 85.8060087, 20.2702905 ], [ 85.8065427, 20.270607 ], [ 85.8067635, 20.2707515 ] ], [ [ 85.8067635, 20.2707515 ], [ 85.8068376, 20.2708031 ] ], [ [ 85.8068376, 20.2708031 ], [ 85.8068528, 20.270789 ], [ 85.8069183, 20.2707315 ] ], [ [ 85.8069183, 20.2707315 ], [ 85.8071166, 20.2705576 ] ], [ [ 85.8071166, 20.2705576 ], [ 85.8074254, 20.2702742 ] ], [ [ 85.8074254, 20.2702742 ], [ 85.80776, 20.2699615 ] ], [ [ 85.80776, 20.2699615 ], [ 85.8091807, 20.2686525 ], [ 85.8095826, 20.2682949 ], [ 85.8097477, 20.2681471 ], [ 85.8100499, 20.2678704 ], [ 85.8107237, 20.2672454 ], [ 85.8108664, 20.2671111 ] ], [ [ 85.8108664, 20.2671111 ], [ 85.8113638, 20.2666499 ], [ 85.8123276, 20.2657389 ], [ 85.8132396, 20.2648859 ], [ 85.8140228, 20.2641764 ], [ 85.8143017, 20.2639273 ] ], [ [ 85.8143017, 20.2639273 ], [ 85.8146504, 20.2636278 ], [ 85.8147825, 20.2635196 ], [ 85.8151144, 20.2632479 ], [ 85.8152191, 20.26319 ], [ 85.8153371, 20.2631523 ], [ 85.8157475, 20.263034 ], [ 85.8159513, 20.262961 ], [ 85.8161444, 20.2628554 ], [ 85.8162571, 20.2627748 ], [ 85.8163965, 20.262644 ], [ 85.8166272, 20.2623873 ], [ 85.8168065, 20.2621608 ] ], [ [ 85.8168065, 20.2621608 ], [ 85.8168364, 20.2621231 ], [ 85.8170215, 20.2619168 ], [ 85.8176304, 20.2612601 ], [ 85.818199, 20.2606562 ], [ 85.8183921, 20.2604725 ], [ 85.8185799, 20.260324 ], [ 85.8187837, 20.260163 ], [ 85.8190314, 20.2599923 ] ], [ [ 85.8190314, 20.2599923 ], [ 85.8195213, 20.2596547 ], [ 85.8204467, 20.2590256 ], [ 85.8205486, 20.2589565 ] ], [ [ 85.8205486, 20.2589565 ], [ 85.8212513, 20.2584846 ], [ 85.8214069, 20.2583915 ], [ 85.8218137, 20.2581376 ] ], [ [ 85.8218137, 20.2581376 ], [ 85.8226644, 20.2576068 ], [ 85.8227994, 20.257528 ] ], [ [ 85.8227994, 20.257528 ], [ 85.8229022, 20.2574603 ] ], [ [ 85.8229022, 20.2574603 ], [ 85.8228489, 20.2573847 ] ], [ [ 85.8228489, 20.2573847 ], [ 85.8227879, 20.2572973 ], [ 85.8223813, 20.2567087 ] ], [ [ 85.8223813, 20.2567087 ], [ 85.8222446, 20.2565127 ], [ 85.8215787, 20.2555203 ] ], [ [ 85.8215787, 20.2555203 ], [ 85.8220558, 20.2550927 ], [ 85.8221904, 20.2549838 ] ], [ [ 85.8221904, 20.2549838 ], [ 85.8225248, 20.2546926 ], [ 85.8229001, 20.2543768 ] ], [ [ 85.8229001, 20.2543768 ], [ 85.8230274, 20.2542715 ], [ 85.8231721, 20.2541787 ] ], [ [ 85.8231721, 20.2541787 ], [ 85.8235749, 20.253798 ], [ 85.8239919, 20.2534347 ], [ 85.8245247, 20.2529721 ], [ 85.8248075, 20.252701 ] ], [ [ 85.8248075, 20.252701 ], [ 85.8248819, 20.2526153 ] ], [ [ 85.8248819, 20.2526153 ], [ 85.8248206, 20.2523478 ] ], [ [ 85.8248206, 20.2523478 ], [ 85.8248379, 20.2523239 ], [ 85.8248482, 20.2522967 ], [ 85.8248508, 20.252268 ], [ 85.8248457, 20.2522395 ], [ 85.8248331, 20.2522132 ] ], [ [ 85.8248331, 20.2522132 ], [ 85.8251613, 20.2517252 ], [ 85.8252585, 20.2515579 ] ], [ [ 85.8252585, 20.2515579 ], [ 85.825396, 20.2513212 ], [ 85.8254252, 20.2512482 ] ], [ [ 85.8254252, 20.2512482 ], [ 85.8255125, 20.2509752 ], [ 85.8255355, 20.2508469 ] ], [ [ 85.8255355, 20.2508469 ], [ 85.8256019, 20.2504596 ] ], [ [ 85.8256019, 20.2504596 ], [ 85.8256236, 20.2503334 ], [ 85.8256785, 20.2500668 ] ], [ [ 85.8256785, 20.2500668 ], [ 85.8256956, 20.249984 ] ], [ [ 85.8256956, 20.249984 ], [ 85.8257369, 20.2497833 ], [ 85.8257643, 20.2496519 ] ], [ [ 85.8257643, 20.2496519 ], [ 85.8258447, 20.2492659 ] ], [ [ 85.8258447, 20.2492659 ], [ 85.8258667, 20.24916 ], [ 85.8259289, 20.2488737 ] ], [ [ 85.8259289, 20.2488737 ], [ 85.8259728, 20.2486714 ], [ 85.8260326, 20.2484365 ] ], [ [ 85.8260326, 20.2484365 ], [ 85.8260746, 20.2482715 ], [ 85.826141, 20.2480034 ] ], [ [ 85.826141, 20.2480034 ], [ 85.8261866, 20.2478505 ], [ 85.8262538, 20.2476253 ], [ 85.826255, 20.2475142 ] ], [ [ 85.826255, 20.2475142 ], [ 85.8262831, 20.2473815 ] ], [ [ 85.8262831, 20.2473815 ], [ 85.8266596, 20.2459377 ], [ 85.8267178, 20.2456616 ], [ 85.8267606, 20.2453916 ], [ 85.8268199, 20.2450353 ], [ 85.8268742, 20.2448878 ], [ 85.8269154, 20.2447752 ], [ 85.8270921, 20.2444061 ], [ 85.8271472, 20.2442765 ], [ 85.8271392, 20.2441923 ], [ 85.8271127, 20.2441196 ], [ 85.8269269, 20.2439105 ], [ 85.8266794, 20.243684 ], [ 85.8265392, 20.2435828 ], [ 85.8264062, 20.2434598 ], [ 85.8262622, 20.2432895 ] ], [ [ 85.8262622, 20.2432895 ], [ 85.826261, 20.2432712 ], [ 85.8262474, 20.2432446 ], [ 85.8262012, 20.2431745 ], [ 85.8252053, 20.2417387 ], [ 85.8251334, 20.2416389 ] ], [ [ 85.8251334, 20.2416389 ], [ 85.8252468, 20.2415713 ], [ 85.8254948, 20.2414275 ] ], [ [ 85.8254948, 20.2414275 ], [ 85.8255663, 20.241386 ], [ 85.8256534, 20.2413502 ] ], [ [ 85.8256534, 20.2413502 ], [ 85.8258249, 20.2412797 ], [ 85.8259983, 20.2412425 ] ], [ [ 85.8259983, 20.2412425 ], [ 85.8261549, 20.241194 ], [ 85.8264436, 20.2411516 ], [ 85.8267196, 20.2410971 ], [ 85.8269233, 20.2411469 ] ], [ [ 85.8269233, 20.2411469 ], [ 85.8270876, 20.2412432 ] ], [ [ 85.8270876, 20.2412432 ], [ 85.8275217, 20.2414669 ] ], [ [ 85.8275217, 20.2414669 ], [ 85.8275766, 20.2414209 ], [ 85.8280781, 20.2416831 ] ], [ [ 85.8280781, 20.2416831 ], [ 85.8281142, 20.241702 ] ], [ [ 85.8281142, 20.241702 ], [ 85.8281527, 20.2418338 ], [ 85.8283025, 20.2422031 ] ], [ [ 85.8283025, 20.2422031 ], [ 85.8284498, 20.242021 ] ], [ [ 85.8284498, 20.242021 ], [ 85.8293482, 20.2410203 ], [ 85.8297773, 20.2407106 ] ], [ [ 85.8297773, 20.2407106 ], [ 85.8298418, 20.240664 ] ], [ [ 85.8298418, 20.240664 ], [ 85.8302634, 20.2405854 ] ], [ [ 85.8302634, 20.2405854 ], [ 85.83056, 20.24053 ], [ 85.8306214, 20.2405272 ] ], [ [ 85.8306214, 20.2405272 ], [ 85.8309849, 20.2405107 ], [ 85.8310151, 20.2405163 ] ], [ [ 85.8310151, 20.2405163 ], [ 85.8313026, 20.2405691 ] ], [ [ 85.8313026, 20.2405691 ], [ 85.8317029, 20.2405072 ], [ 85.8321834, 20.240315 ], [ 85.8324067, 20.2402229 ], [ 85.8326022, 20.2401737 ], [ 85.8327367, 20.2401998 ] ], [ [ 85.8327367, 20.2401998 ], [ 85.8327803, 20.2401262 ], [ 85.8328402, 20.2400622 ], [ 85.8329037, 20.2400274 ] ] ] } },
{ "type": "Feature", "properties": { "route_id": "R_SYN072", "stop_id": "SYN072" }, "geometry": { "type": "MultiLineString", "coordinates": [ [ [ 85.7956882, 20.2733904 ], [ 85.7956242, 20.2730836 ], [ 85.7955946, 20.2730307 ], [ 85.7955213, 20.2729733 ], [ 85.7955018, 20.2728997 ], [ 85.7957248, 20.2724912 ] ], [ [ 85.7957248, 20.2724912 ], [ 85.795809, 20.2725261 ], [ 85.7960022, 20.272565 ], [ 85.7961624, 20.2725637 ] ], [ [ 85.7961624, 20.2725637 ], [ 85.7964029, 20.2725288 ], [ 85.7964995, 20.2725038 ], [ 85.7965888, 20.2724875 ], [ 85.7967526, 20.2724499 ], [ 85.7968487, 20.2725038 ], [ 85.7969664, 20.2725134 ], [ 85.7971879, 20.2724894 ] ], [ [ 85.7971879, 20.2724894 ], [ 85.797172, 20.272296 ] ], [ [ 85.797172, 20.272296 ], [ 85.7972477, 20.2717737 ] ], [ [ 85.7972477, 20.2717737 ], [ 85.7972829, 20.2716076 ], [ 85.7973396, 20.2714517 ] ], [ [ 85.7973396, 20.2714517 ], [ 85.7976219, 20.2705684 ] ], [ [ 85.7976219, 20.2705684 ], [ 85.7974156, 20.2701011 ] ], [ [ 85.7974156, 20.2701011 ], [ 85.7976264, 20.2698867 ], [ 85.7978678, 20.2696496 ] ], [ [ 85.7978678, 20.2696496 ], [ 85.7981696, 20.2694607 ] ], [ [ 85.7981696, 20.2694607 ], [ 85.798306, 20.2694218 ], [ 85.7983863, 20.2693967 ] ], [ [ 85.7983863, 20.2693967 ], [ 85.7985011, 20.2693608 ], [ 85.7990672, 20.2692097 ] ], [ [ 85.7990672, 20.2692097 ], [ 85.7990842, 20.269153 ], [ 85.7993499, 20.268549 ], [ 85.7994669, 20.2683272 ], [ 85.7997945, 20.2677534 ] ], [ [ 85.7997945, 20.2677534 ], [ 85.7997838, 20.2676623 ], [ 85.7997625, 20.267567 ] ], [ [ 85.7997625, 20.267567 ], [ 85.7996497, 20.2670635 ] ], [ [ 85.7996497, 20.2670635 ], [ 85.7996283, 20.2668118 ], [ 85.7996832, 20.266337 ] ], [ [ 85.7996832, 20.266337 ], [ 85.7997636, 20.2662554 ] ], [ [ 85.7997636, 20.2662554 ], [ 85.7998433, 20.2661769 ] ], [ [ 85.7998433, 20.2661769 ], [ 85.7998219, 20.2661302 ], [ 85.7997731, 20.2659815 ], [ 85.7995495, 20.2650872 ], [ 85.7994428, 20.2646202 ], [ 85.7994361, 20.2646005 ], [ 85.7993844, 20.2644498 ], [ 85.7993283, 20.264338 ], [ 85.7990645, 20.2638255 ], [ 85.7989991, 20.2636809 ] ], [ [ 85.7989991, 20.2636809 ], [ 85.7989664, 20.2635758 ], [ 85.7989291, 20.2633326 ], [ 85.7988229, 20.2622257 ], [ 85.798782, 20.2616976 ], [ 85.7987784, 20.2610302 ], [ 85.7987652, 20.2603764 ] ], [ [ 85.7987652, 20.2603764 ], [ 85.7987618, 20.2602104 ], [ 85.7987614, 20.2601663 ], [ 85.7987583, 20.2598651 ], [ 85.7987484, 20.2596743 ] ], [ [ 85.7987484, 20.2596743 ], [ 85.798737, 20.2594567 ], [ 85.7987304, 20.2592273 ] ], [ [ 85.7987304, 20.2592273 ], [ 85.7987194, 20.2588491 ], [ 85.7987156, 20.258782 ] ], [ [ 85.7987156, 20.258782 ], [ 85.7986956, 20.2584313 ] ], [ [ 85.7986956, 20.2584313 ], [ 85.7986802, 20.2581606 ] ], [ [ 85.7986802, 20.2581606 ], [ 85.798677, 20.2581052 ], [ 85.7986592, 20.2577932 ], [ 85.7986429, 20.2572478 ] ], [ [ 85.7986429, 20.2572478 ], [ 85.7986412, 20.2571922 ], [ 85.7986358, 20.2570111 ] ], [ [ 85.7986358, 20.2570111 ], [ 85.7986309, 20.2568469 ], [ 85.7985565, 20.2561967 ] ], [ [ 85.7985565, 20.2561967 ], [ 85.7985904, 20.25619 ], [ 85.7990022, 20.2560939 ], [ 85.7997103, 20.255841 ], [ 85.8002923, 20.2555743 ], [ 85.8006477, 20.2553717 ], [ 85.8010796, 20.2551578 ], [ 85.8014779, 20.2549829 ], [ 85.8016395, 20.2549073 ] ], [ [ 85.8016395, 20.2549073 ], [ 85.802139, 20.254681 ], [ 85.8024394, 20.2545463 ], [ 85.8029491, 20.254335 ], [ 85.8033259, 20.254179 ], [ 85.8036277, 20.2540557 ], [ 85.8038533, 20.2540048 ], [ 85.8039568, 20.2539805 ], [ 85.8040628, 20.2539628 ], [ 85.8041581, 20.2539522 ], [ 85.8042776, 20.2539431 ], [ 85.8043639, 20.2539529 ], [ 85.804535, 20.2540091 ], [ 85.8048082, 20.254131 ] ], [ [ 85.8048082, 20.254131 ], [ 85.804842, 20.2541335 ], [ 85.8048748, 20.2541225 ], [ 85.8049279, 20.2540928 ], [ 85.8050325, 20.2540324 ], [ 85.8052526, 20.2538991 ], [ 85.8054686, 20.2537607 ] ] ] } }
]
}
